:020000040800F2
:10000000186C0020A1020008A18A0008C175000830
:100010009D8A000841080008B5E2000800000000C1
:10002000000000000000000000000000B59400087F
:10003000110D000800000000A98E00084595000879
:10004000BB020008BB020008BB020008BB0200089C
:10005000BB020008BB020008150D0008BB02000827
:10006000BB020008210D00082D0D0008BB0200088E
:10007000710A0008810A0008BB020008910A000802
:10008000BB020008BB020008BB020008BB0200085C
:100090004508000855080008BB020008390D000893
:1000A000BB020008BB020008BB020008BB0200083C
:1000B000BB020008BB0200081D960008BB02000836
:1000C000BB020008BB020008BB020008BB0200081C
:1000D000BB020008D9A90008BB020008E9A9000872
:1000E000BB020008BB020008BB020008BB020008FC
:1000F000BB020008BB020008BB020008BB020008EC
:10010000BB020008BB0200082D960008BB020008D5
:10011000BB020008BB020008BB020008BB020008CB
:10012000BB020008A10A0008B10A0008C10A0008C1
:10013000BB020008BB020008BB020008BB020008AB
:100140006508000875080008BB020008118B00084C
:10015000D10A0008E10A0008BB020008F9A900085A
:10016000BB020008BB020008BB020008BB0200087B
:10017000BB020008BB020008BB0200080000000030
:10018000BB020008BB02000800F002F800F078F89B
:1001900014A696E8000CB244B344DA4501D100F04D
:1001A0006FF8BAE80F000FA696E83000A5EB04053B
:1001B00004EB0607AAEB0704A7F101074FEA1515A0
:1001C0004FEA3414A4F10104AC4201D300F058F812
:1001D00013F0010F18BFFB1A43F0010300F001F800
:1001E000DBE71847CCE70100ECE701000A444FF0D9
:1001F000000C10F8013B13F0070408BF10F8014B86
:100200001D1108BF10F8015B641E05D010F8016BCA
:10021000641E01F8016BF9D113F0080F1EBF10F82E
:10022000014BAD1C0C1B09D16D1E58BF01F801CB51
:10023000FAD505E014F8016B01F8016B6D1EF9D5D4
:100240009142D6D37047000070470000002300247D
:1002500000250026103A28BF78C1FBD8520728BFD6
:1002600030C148BF0B6070471FB51DF098FF9DE877
:10027000030000F0D1F900F09DF91FBD10B510BDCD
:1002800000F05CFA1146FFF7EFFF1CF0A9FF00F049
:100290007AFA03B4FFF7F2FF03BC00F0ABFA0000F8
:1002A0000948804709480047FEE7FEE7FEE7FEE70A
:1002B000FEE7FEE7FEE7FEE7FEE7FEE70448054946
:1002C000054A064B7047000009960008890100089E
:1002D000184E0020186C0020185D0020185D0020CA
:1002E00070B5064600F07CF9056806F10B0020F0B9
:1002F0000704B4429CBF002070BD2B466A68BAB1A7
:100300001068A04210D304F1080188423CBF506835
:10031000586007D35168101941601168091B0160CA
:1003200058601460101D70BD13465268002AE7D152
:100330002146284600F05CF90028DED170BD53EA62
:10034000020C00F069802DE9F04B4FF00006002B05
:100350001FBFB3FA83F503FA05F424FA05F65E40ED
:1003600012BF1643B2FA82F502FA05F4C5F1200570
:100370001EBF22FA05FC44EA0C04203556EA044C60
:100380004FEA144418BF641C4FF000084FF00009F6
:10039000904271EB030C39D3002919BFB1FA81F7F0
:1003A00001FA07F6B0FA80F700FA07F6C7F120075E
:1003B0001EBF20FA07FC46EA0C062037B6FBF4FC09
:1003C000A7EB0507103F07F01F0BCBF120062CFA17
:1003D00006F60CFA0BFB44BFB3460026202FA4BF41
:1003E0005E464FF0000B5BEA060C08BF4FF0010BB6
:1003F00019EB0B0948EB0608ABFB027C06FB02CCB1
:100400000BFB03CCC01B71EB0C01C1E70B46024692
:1004100041464846BDE8F08B13B5084318BF4FF07E
:10042000FF300146AFF30080BDE81C407047032A4F
:1004300040F2308010F0030C00F0158011F8013B01
:10044000BCF1020F624498BF11F801CB00F8013BE8
:1004500038BF11F8013BA2F1040298BF00F801CBAC
:1004600038BF00F8013B11F0030300F02580083A83
:10047000C0F0088051F8043B083A51F804CBA0E8DA
:100480000810F5E7121D5CBF51F8043B40F8043B2F
:10049000AFF30080D20724BF11F8013B11F801CB64
:1004A00048BF11F8012B24BF00F8013B00F801CB35
:1004B00048BF00F8012B704710B5203AC0F00B8000
:1004C000B1E81850A0E81850B1E81850A0E818504A
:1004D000203ABFF4F5AF5FEA027C24BFB1E81850C0
:1004E000A0E8185044BF18C918C0BDE810405FEA22
:1004F000827C24BF51F8043B40F8043B08BF70479E
:10050000D20728BF31F8023B48BF11F8012B28BFA2
:1005100020F8023B48BF00F8012B70474FF0000263
:100520000429C0F0128010F0030C00F01B80CCF105
:10053000040CBCF1020F18BF00F8012BA8BF20F873
:10054000022BA1EB0C0100F00DB85FEAC17C24BFC7
:1005500000F8012B00F8012B48BF00F8012B704771
:100560004FF0000200B5134694469646203922BF4C
:10057000A0E80C50A0E80C50B1F12001BFF4F7AF97
:10058000090728BFA0E80C5048BF0CC05DF804EB79
:10059000890028BF40F8042B08BF704748BF20F8E7
:1005A000022B11F0804F18BF00F8012B70477047E5
:1005B0007047704708487CB57844009007487844F5
:1005C000009C0546019004E02046016808448047ED
:1005D000241DAC42F8D17CBD14E401002AE40100E2
:1005E00000487047200200207047704770477047EE
:1005F00038B504460A4600206946AFF3008000285B
:1006000008BF38BD02460099204600F075F8012069
:1006100038BD012000F08AB8F8B5AFF30080054678
:1006200000200C460C2000BF0646A819A0420DD998
:10063000324669460020AFF30080070008BF00F093
:1006400075F80098A04218BF0546C419FFF7C8FF07
:1006500005600746F01D20F007004619284600F007
:100660000AF8B44208BFF8BDA21B31463868BDE89D
:10067000F84000F041B800210160416070470C2053
:10068000704770B50446051FFFF7AAFF0068002CED
:1006900014BF446870BD002C18BFAC423CBF20465C
:1006A0006468F8D301680A18AA4218BF456003D1EC
:1006B0002A6805461144016028684119A1421CBFFF
:1006C0006C6070BD6168696021680844286070BD15
:1006D00010B500F00DF8006810BD10B5044600F02C
:1006E00007F8046010BD00000048704718020020A1
:1006F0000048704718020020034640688C460028D6
:1007000018BF88423CBF03464068F8D318681844B5
:10071000884207D00CF1030020F00700001D411AA9
:10072000521A0146081D0A60FFF7ABBF10B500F072
:1007300039F8BDE8104000F02FB870477546FFF754
:10074000D3FFAE4605006946534620F007008546B4
:1007500018B020B5FFF7B2FDBDE820404FF000060D
:100760004FF000074FF000084FF0000BAC46ACE82C
:10077000C009ACE8C009ACE8C009ACE8C00921F088
:1007800007018D46704710B50446AFF30080204640
:10079000BDE81040FFF77DBD002801D000F02AB869
:1007A0007047000010B5012805D0002103A000F01B
:1007B00027F8012010BD09A1F8E70000534947526E
:1007C000544D454D3A204F7574206F662068656121
:1007D00070206D656D6F7279000000003A204865E9
:1007E0006170206D656D6F727920636F72727570C4
:1007F0007465640001491820ABBEFEE726000200C4
:1008000070B505460C460A2000E06D1C00F011F89A
:1008100035B128780028F8D102E0641C00F009F80E
:1008200014B120780028F8D1BDE870400A20AFF359
:10083000008008B569468DF800000320ABBE08BDF6
:10084000FFE7FEE780B544F28820C2F2000000F026
:1008500061FD80BD80B544F28820C2F2000000F046
:1008600059FD80BD80B544F2B020C2F2000000F016
:1008700051FD80BD80B544F2B020C2F2000000F00E
:1008800049FD80BD80B584B0039002910398006853
:1008900046F20041C4F20001884216D1FFE70398F6
:1008A00040F21431C2F20001086002988862039895
:1008B0000023019319461A460FF004F9019B03988F
:1008C0000C211A460FF0FEF818E00398006846F66F
:1008D0000001C4F2000188420FD1FFE7039840F203
:1008E000E031C2F20001086002988862039870212A
:1008F00000231A460FF0E6F8FFE7FFE7039801F040
:100900004BF90398022100F04FFA0398102100F0F0
:100910004BFA04B080BD000080B58CB0DDF838C063
:100920000B90ADF82A100992ADF822300E98009085
:1009300020B1FFE70098042806D00BE0BDF82A009C
:1009400002900020039005E000200290BDF82A00EC
:100950000390FFE70E98049000200590BDF8220058
:1009600006900B98099A02A901AB00F047FA0CB067
:1009700080BD000084B08DF80F000291ADF8062014
:100980009DF80F000146009123281DD80099DFE84B
:1009900001F012131415161B1B1B1B1B1B1B1B1B0F
:1009A0001B1B1B1B1B1B1B1B1B1B1B1B1B1B1B1B97
:1009B0001B1B1718191A08E007E006E005E004E021
:1009C00003E002E001E000E0FFE7002004B0704730
:1009D0000020704780B582B043F6AC70C2F20000D0
:1009E000009043F2B861C2F20001002201920AF0C5
:1009F000A5FB009842F6B861C2F200010AF080FB44
:100A0000019802B080BD000080B584B003900291CF
:100A1000039943F6AC70C2F2000000900AF070FB3C
:100A200000980AF013FB03990298026840F2045000
:100A3000C2F2000001903030FFF7F9FC01980299F2
:100A40000968A0F86010426E0398029909689047FF
:100A5000002004B080BD000083B0029001918DF8A9
:100A6000032000208DF802009DF9020003B07047BA
:100A700080B544F2B840C2F2000001F087F980BDB1
:100A800080B544F2D820C2F2000001F07FF980BDA9
:100A900080B544F23830C2F2000001F077F980BD31
:100AA00080B544F21850C2F2000001F06FF980BD29
:100AB00080B544F29830C2F2000001F067F980BDC1
:100AC00080B544F2F830C2F2000001F05FF980BD59
:100AD00080B544F25840C2F2000001F057F980BDE1
:100AE00080B544F27850C2F2000001F04FF980BDA9
:100AF00082B001900198007810384AF6AB21CAF60E
:100B0000AA21A0FB01100009009000994EF20C30C0
:100B1000C0F60100405C0199C8650098042807D31D
:100B2000FFE701990868042262F30900886506E07E
:100B30000199086840F2FF3290438865FFE7019809
:100B4000806D02B07047000086B0059000208DF8DF
:100B500013000598806A03900598806910BBFFE731
:100B60000398029003281BD80299DFE801F0020DD8
:100B70000218059890F82F00C00720B1FFE7012068
:100B80008DF81300FFE70CE00598C06AB0F1C07F54
:100B900004D1FFE701208DF81300FFE701E000E03A
:100BA000FFE745E005988069B0F5005F25D1FFE7D4
:100BB0000398019003281ED80199DFE801F002068E
:100BC000021101208DF8130016E0059890F82F000F
:100BD000C00720B1FFE701208DF81300FFE70BE00D
:100BE0000598C06AB0F1C07F04D1FFE701208DF8FD
:100BF0001300FFE700E0FFE719E0039800900328E7
:100C000004D3FFE70098032804D00EE001208DF8FC
:100C100013000BE0059890F82F00C00720B1FFE704
:100C200001208DF81300FFE700E0FFE7FFE7FFE793
:100C30009DF8130006B0704784B0039002910192B2
:100C4000009303980168086820F4802008600098E9
:100C500003990968486003988068402809D1FFE734
:100C60000198039909688860029803990968C86027
:100C700008E0029803990968886001980399096857
:100C8000C860FFE704B0704781B000904EF6FC5199
:100C9000CEF20001086840F08070086041F2040163
:100CA000CEF200010020086041F20002CEF2000204
:100CB000116841F001011160009944F24022C0F234
:100CC0000F024A4340F20C41C2F200010A600A6876
:100CD00044F6D353C1F26203A2FB0332920940F2FD
:100CE0001043C2F200031A6009684DF68362C4F231
:100CF0001B32A1FB0221890C40F21442C2F2000215
:100D0000116040F22441C2F20001086001B0704756
:100D10007047000080B5012001F00AFB80BD000093
:100D200080B5082001F004FB80BD000080B51020D4
:100D300001F0FEFA80BD000080B5202001F0F8FA35
:100D400080BD000072B6FFE7FEE7000080B584B00A
:100D500047F61020C1F6FF700068039047F6142094
:100D6000C1F6FF700068029047F61820C1F6FF70C8
:100D7000006801900199039808440390039888B192
:100D8000FFE7039840F28811C2F20001009102319E
:100D9000082207F05BF9009902981231042207F04B
:100DA00055F9FFE704B080BD84B00290019102982C
:100DB00090F820008DF803009DF80300012805D06D
:100DC000FFE79DF8030002280AD1FFE7019A029885
:100DD000016848691043486100208DF80F0008E061
:100DE0000299486A40F48020486201208DF80F0083
:100DF000FFE79DF80F0004B07047000088B0069030
:100E0000059104920393069890F820008DF807004E
:100E100006980068806800900598806808B9FFE728
:100E200000E0FFE79DF80700012806D0FFE79DF8E6
:100E30000700022840F08080FFE79DF8030040078C
:100E400000280CD4FFE79DF803000007002806D413
:100E5000FFE79DF80300C006002864D5FFE700986F
:100E6000C0F3016002900299012088400399086054
:100E70000598806868B9FFE705980168C06840EA8E
:100E8000415006990968029A01EB0211C1F88001EC
:100E90000EE005994A688868C96840EAC2000843BC
:100EA00006990968029A01EB0211C1F88001FFE777
:100EB0000598006906990968029A01EB0211C1F8C8
:100EC00084010598007D01280CD1FFE70698006891
:100ED000029900EB0111D1F8840140F48070C1F84F
:100EE0008401FFE70498406806990968029A01EBBB
:100EF0000211C1F88C010498006806990968029AE9
:100F000001EB0211C1F8880106980068029900EB14
:100F10000111D1F8800140F00100C1F880010020EA
:100F20008DF81F0011E00699486A40F400104862ED
:100F300001208DF81F0008E00699486A40F48020DF
:100F4000486201208DF81F00FFE79DF81F0008B0E0
:100F50007047000086B004900391049800680190E7
:100F6000049890F820008DF803009DF803000128F4
:100F700006D0FFE79DF80300022840F0B080FFE7AD
:100F800046F20040C4F2000001900199D1F800023D
:100F900040F00100C1F800020199D1F8000220F4EC
:100FA0007C50C1F800020398426A0199D1F800020E
:100FB00040EA0220C1F800020398406900F01F01D6
:100FC000012088400290029A0199D1F81C029043B6
:100FD000C1F81C020398C069F0B9FFE7029A0199B1
:100FE000D1F80C029043C1F80C02039A9088D168A2
:100FF000526940EA0140019901EBC201C1F8400287
:10100000039A10889168526940EA0140019901EB06
:10101000C201C1F84402FFE70398C06901281ED14C
:10102000FFE7029A0199D1F80C021043C1F80C02B3
:10103000039A90881168526940EA0140019901EBD6
:10104000C201C1F84002039A90899168526940EA4E
:101050000140019901EBC201C1F84402FFE7039886
:10106000806940B9FFE7029A0199D1F804029043E0
:10107000C1F8040207E0029A0199D1F80402104372
:10108000C1F80402FFE70398006940B9FFE7029A3C
:101090000199D1F814029043C1F8140207E0029AB2
:1010A0000199D1F814021043C1F81402FFE7039824
:1010B000006A012808D1FFE7029A0199D1F81C02C1
:1010C0001043C1F81C02FFE70199D1F8000220F09B
:1010D0000100C1F8000200208DF8170008E0049913
:1010E000486A40F48020486201208DF81700FFE72D
:1010F0009DF8170006B0704781B0009001B07047AE
:1011000086B00490039102920193049890F8200015
:101110008DF803009DF80300012806D0FFE79DF835
:101120000300022840F0E880FFE7039880B9FFE75A
:1011300004980068C068800748B9FFE70499486AC6
:1011400040F40010486201208DF81700DDE00FE048
:10115000049800680069800748B9FFE70499486A65
:1011600040F40010486201208DF81700CDE0FFE741
:1011700004980068039900EB0110D0F8B00100F06A
:101180000400029988600298806858B9FFE70498C3
:101190000068039900EB0110D0F8B001400D0299EE
:1011A00008600AE004980068039900EB0110D0F889
:1011B000B001C00802994860FFE7049800680399ED
:1011C00000EB0110D0F8B00100F002000299C860F5
:1011D00004980068039900EB0110D0F8B40100F006
:1011E0000F00082804D3FFE70299082008610BE0EC
:1011F00004980068039900EB0110D0F8B40100F0E6
:101200000F0002990861FFE704980068039900EB5A
:101210000110D0F8B40180B2000A029988610498E4
:101220000068039900EB0110D0F8B401000C02999A
:10123000486104980068039900EB0110D0F8B801E8
:101240000199087004980068039900EB0110D0F828
:10125000B801000A0199487004980068039900EBEE
:101260000110D0F8B801000C01998870049800684A
:10127000039900EB0110D0F8B801000E0199C87075
:1012800004980068039900EB0110D0F8BC010199A3
:10129000087104980068039900EB0110D0F8BC01B4
:1012A000000A0199487104980068039900EB011045
:1012B000D0F8BC01000C019988710498006803996A
:1012C00000EB0110D0F8BC01000E0199C871039821
:1012D00038B9FFE704980168C86840F02000C8608A
:1012E00006E004980168086940F020000861FFE703
:1012F00000208DF8170008E00499486A40F4802027
:10130000486201208DF81700FFE79DF8170006B02E
:101310007047000080B58AB00990002008900998B5
:10132000006840690790099800684068069009982D
:1013300000688068059009980068C0680490099862
:1013400000680069039009980068806902909DF820
:101350001C00C007002800F09480FFE79DF81400EF
:10136000C00758B3FFE709980168012088609DF81D
:1013700014008007002804D5FFE7099800F056FC08
:101380001BE09DF814004007002805D5FFE70898EA
:1013900040F4006008900FE09DF81400000700285A
:1013A00005D5FFE7089840F48050089003E00998BD
:1013B00000F038FCFFE7FFE7FFE7FFE79DF81500C7
:1013C000C00760B3FFE7099801684FF48070886038
:1013D0009DF815008007002804D5FFE7099800F064
:1013E0002DFC1BE09DF815004007002805D5FFE700
:1013F000089840F4005008900FE09DF81500000791
:10140000002805D5FFE7089840F48040089003E0E5
:10141000099800F00FFCFFE7FFE7FFE7FFE79DF803
:101420001600C00760B3FFE7099801684FF48030E9
:1014300088609DF816008007002804D5FFE709980A
:1014400000F004FC1BE09DF816004007002805D5BD
:10145000FFE7089840F4004008900FE09DF8160060
:101460000007002805D5FFE7089840F48030089071
:1014700003E0099800F0E6FBFFE7FFE7FFE7FFE77F
:10148000FFE79DF81C000007002810D5FFE79DF836
:101490001000C006002809D5FFE7089840F4007046
:1014A0000890099801681020C860FFE7FFE79DF8E1
:1014B0001C00400700280FD5FFE79DF8100000072B
:1014C000002808D5FFE7099801680820C860099836
:1014D00000F0DEFAFFE7FFE79DF81C008007002818
:1014E0000BD5FFE709980068C068800720B1FFE7C7
:1014F000099800F0D1FAFFE7FFE79DF81C004006CD
:10150000002810D5FFE79DF80C00C006002809D57B
:10151000FFE7089840F4806008900998016810205F
:101520000861FFE7FFE79DF81C00800600280FD543
:10153000FFE79DF80C000007002808D5FFE7099891
:10154000016808200861099800F0E2FAFFE7FFE768
:101550009DF81C00C00600280BD5FFE7099800681D
:101560000069800720B1FFE7099800F0D5FAFFE78E
:10157000FFE79DF81E00800700280FD5FFE79DF8C4
:101580001800C006002808D5FFE709980168102058
:101590004860099800F0FCFAFFE7FFE79DF81E009D
:1015A000C00778B1FFE79DF818000007002808D5AC
:1015B000FFE70998016808204860099800F04AFB95
:1015C000FFE7FFE79DF81D000006002840F18D8031
:1015D000FFE79DF818004007002840F18180FFE7F1
:1015E0009DF81D00C00750B1FFE79DF80800C00737
:1015F00028B1FFE7089840F001000890FFE79DF848
:101600001D00800700280BD5FFE79DF80800800724
:10161000002805D5FFE7089840F002000890FFE792
:101620009DF81D00400700280BD5FFE79DF8080036
:101630004007002805D5FFE7089840F0040008900F
:10164000FFE79DF81D000007002848D5FFE79DF83B
:10165000080010F0700F42D0FFE7029800F0700011
:1016600001460191102814D0FFE70198202815D0D9
:10167000FFE70198302816D0FFE70198402817D0DF
:10168000FFE70198502818D0FFE70198602819D08B
:101690001DE0089840F00800089019E0089840F014
:1016A0001000089014E0089840F0200008900FE027
:1016B000089840F0400008900AE0089840F0800048
:1016C000089005E0089840F48070089000E0FFE77B
:1016D00009980168886920F070008861FFE7FFE7DA
:1016E0000998016804204860FFE7089848B1FFE7BF
:1016F000089A0999486A104348620998FFF7FCFC68
:10170000FFE70AB080BD000080B584B00290029867
:1017100020B9FFE701208DF80F00E0E0029890F873
:10172000200020B9FFE7029800F0DEF8FFE70298FA
:101730000168086840F00100086001F01DF80190A0
:10174000FFE7029800684068C007A8B9FFE701F00A
:1017500013F80199401A0B280DD3FFE70299486A44
:1017600040F4003048620299052081F820000120F1
:101770008DF80F00B3E0E4E702980168086820F0F4
:101780000200086000F0F8FF0190FFE7029800688F
:1017900040688007002815D5FFE700F0EDFF0199AC
:1017A000401A0B280DD3FFE70299486A40F4003035
:1017B00048620299052081F8200001208DF80F0071
:1017C0008DE0E3E70298007E012807D1FFE7029849
:1017D0000168086840F08000086006E0029801682F
:1017E000086820F080000860FFE70298407E01282A
:1017F00007D1FFE702980168086840F040000860E0
:1018000006E002980168086820F040000860FFE7E1
:101810000298807E012807D1FFE7029801680868D6
:1018200040F02000086006E002980168086820F097
:1018300020000860FFE70298C07E012807D1FFE77B
:1018400002980168086820F01000086006E002981D
:101850000168086840F010000860FFE70298007F08
:10186000012807D1FFE702980168086840F00800E6
:10187000086006E002980168086820F00800086027
:10188000FFE70298407F012807D1FFE7029801682F
:10189000086840F00400086006E0029801680868E3
:1018A00020F004000860FFE7029B19685A689868F6
:1018B000D3F80CC040EA0C00D3F810C040EA0C008A
:1018C0005B691843013A1043C861029900204862DD
:1018D000029A012182F820108DF80F00FFE79DF891
:1018E0000F0004B080BD000080B592B011900020C0
:1018F00010900F900E900D900C901198006846F289
:101900000041C4F20001884252D1FFE740F22C406E
:10191000C2F200000168013101600068012812D1A3
:10192000FFE7FFE700200B9043F64000C4F20200FF
:10193000016841F000710160006800F000700B90D8
:101940000B98FFE7FFE7FFE700200A9043F630001F
:10195000C4F20200016841F008010160006800F073
:1019600008000A900A98FFE703200C9002210D91CD
:10197000002105910E910F900920109040F6004033
:10198000C4F202000CA900F0EFFC059A14200490A8
:10199000114601F0D1FC049801F0C4FC059A152011
:1019A0000690114601F0C8FC069801F0BBFC6DE002
:1019B0001198006846F60001C4F20001884264D123
:1019C000FFE7FFE70020099043F64000C4F2020061
:1019D000016841F080610160006800F0806009905A
:1019E0000998FFE740F22C40C2F200000168013183
:1019F00001600068012812D1FFE7FFE7002008908E
:101A000043F64000C4F20200016841F00071016039
:101A1000006800F0007008900898FFE7FFE7FFE714
:101A20000020079043F63000C4F20200016841F044
:101A300002010160006800F0020007900798FFE7CC
:101A400060200C9002200D90002002900E90032048
:101A50000F900920109040F20040C4F202000CA93F
:101A600000F082FC029A40200190114601F064FCD3
:101A7000019801F057FC029A41200390114601F0B1
:101A80005BFC039801F04EFCFFE7FFE712B080BD5E
:101A900081B0009001B0704780B586B00590059880
:101AA000006846F20041C4F20001884212D1FFE70B
:101AB000059840F21431C2F2000103910A1D04920C
:101AC00001F120030021FFF71BFB03990498896AA9
:101AD00088471BE00598006846F60001C4F2000143
:101AE000884212D1FFE7059840F2E031C2F20001CE
:101AF00001910A1D029201F120030021FFF700FB72
:101B000001990298896A8847FFE7FFE706B080BD20
:101B100081B0009001B0704780B586B005900598FF
:101B2000006846F20041C4F20001884212D1FFE78A
:101B3000059840F21431C2F2000103910A1D04928B
:101B400001F120030121FFF7DBFA03990498896A68
:101B500088471BE00598006846F60001C4F20001C2
:101B6000884212D1FFE7059840F2E031C2F200014D
:101B700001910A1D029201F120030121FFF7C0FA31
:101B800001990298896A8847FFE7FFE706B080BDA0
:101B900081B0009001B0704780B584B00290029887
:101BA00090F8200001282FD1FFE70299022081F848
:101BB000200002980168086820F00100086000F029
:101BC000DBFD0190FFE7029800684068C007A8B1FC
:101BD000FFE700F0D1FD0199401A0B280DD3FFE774
:101BE0000299486A40F4003048620299052081F861
:101BF000200001208DF80F000FE0E4E7029900209B
:101C000048628DF80F0008E00299486A40F400200D
:101C1000486201208DF80F00FFE79DF80F0004B027
:101C200080BD000081B0009001B0704781B000908D
:101C300001B0704781B0009001B0704781B0009052
:101C400001B0704781B0009001B0704781B0009042
:101C500001B0704781B0009001B0704780B584B08A
:101C600002900298806D019000F086FD009002982D
:101C700090F8350002280DD0FFE7029980204865D2
:101C8000FFE70299002081F83400FFE701208DF87A
:101C90000F0055E002980168086820F016000860FF
:101CA00002980168486920F0800048610298006C41
:101CB00020B9FFE70298806C38B1FFE7029801680D
:101CC000086820F008000860FFE7029801680868CB
:101CD00020F001000860FFE7029800680068C00774
:101CE000C8B1FFE700F048FD0099401A062811D35B
:101CF000FFE70299202048650299032081F835000A
:101D0000FFE70299002081F83400FFE703208DF8F7
:101D10000F0015E0E0E70298C16D3F20884001996F
:101D200088600299012081F83500FFE702990020C0
:101D300081F83400FFE7FFE700208DF80F00FFE790
:101D40009DF80F0004B080BD82B00090009890F81C
:101D50003500022807D0FFE7009980204865012060
:101D60008DF807000EE00099052081F835000098F5
:101D70000168086820F001000860FFE700208DF886
:101D80000700FFE79DF8070002B0704780B586B0F6
:101D900005900020039040F2D000C2F200000068DD
:101DA00048F2B511C1F64E31A0FB0110800A029035
:101DB0000598806D01900198006804900498059939
:101DC000C96DC840000700281AD5FFE705980068CC
:101DD00000684007002812D5FFE7059801680868E9
:101DE00020F0040008600598C16D08208840019922
:101DF00088600599486D40F001004865FFE7FFE7FE
:101E000004980599C96DC840C007A0B1FFE70598BF
:101E100000684069000600280CD5FFE70598C16DF1
:101E200001208840019988600599486D40F00200C2
:101E30004865FFE7FFE704980599C96DC84040076A
:101E4000002814D5FFE7059800680068800700287F
:101E50000CD5FFE70598C16D042088400199886082
:101E60000599486D40F004004865FFE7FFE70498D6
:101E70000599C96DC840C006002847D5FFE70598F9
:101E800000680068000700283FD5FFE70598C16D8E
:101E90001020884001998860059800680068400318
:101EA00000281AD5FFE7059800680068000300289D
:101EB00009D4FFE70598006C20B1FFE70598016C95
:101EC0008847FFE708E00598806C20B1FFE7059898
:101ED000816C8847FFE7FFE716E005980068006817
:101EE000C005002807D4FFE705980168086820F0BE
:101EF00008000860FFE70598006C20B1FFE705982F
:101F0000016C8847FFE7FFE7FFE7FFE704980599C3
:101F1000C96DC8408006002840F18D80FFE7059814
:101F200000680068C006002840F18480FFE705983B
:101F3000C16D2020884001998860059890F835008F
:101F4000052834D1FFE705980168086820F01600DD
:101F5000086005980168486920F08000486105988C
:101F6000006C20B9FFE70598806C38B1FFE7059851
:101F70000168086820F008000860FFE70598C16D57
:101F80003F208840019988600599012081F835003B
:101F9000FFE70599002081F83400FFE70598006D00
:101FA00020B1FFE70598016D8847FFE77BE00598C2
:101FB00000680068400300281AD5FFE7059800680C
:101FC00000680003002809D4FFE70598406C20B1A1
:101FD000FFE70598416C8847FFE708E00598C06B6C
:101FE00020B1FFE70598C16B8847FFE7FFE720E0D6
:101FF000059800680068C005002811D4FFE705981F
:102000000168086820F0100008600599012081F837
:102010003500FFE70599002081F83400FFE7FFE76E
:102020000598C06B20B1FFE70598C16B8847FFE7B3
:10203000FFE7FFE7FFE70598406DA0B3FFE70598CE
:10204000406DC00730B3FFE70599052081F83500E2
:1020500005980168086820F001000860FFE7039810
:10206000013003900299884201D9FFE707E0FFE7BA
:10207000059800680068C0070028F0D1FFE70599BF
:10208000012081F83500FFE70599002081F8340030
:10209000FFE7FFE70598C06C20B1FFE70598C16C2A
:1020A0008847FFE7FFE706B080BD000080B586B037
:1020B00004900020039000F05FFB0290049820B988
:1020C000FFE701208DF81700A3E00498406A08B1EB
:1020D000FFE7FFE70499022081F83500FFE7049944
:1020E000002081F83400FFE704980168086820F0B8
:1020F00001000860FFE7049800680068C00790B11D
:10210000FFE700F039FB0299401A06280AD3FFE7DF
:102110000499202048650499032081F835008DF842
:10212000170076E0E7E704980068006803900398DA
:1021300048F23F01CFF2100108400390049900914A
:102140004868D1F808C0CB680A6940EA0C00184317
:1021500010434A6910438A691043CA691043096AE7
:1021600001430398084303900498406A042808D167
:10217000FFE70499C86A096B014303980843039079
:10218000FFE70398049909680860049800684069AB
:102190000390039820F0070003900498416A039885
:1021A000084303900498406A04281AD1FFE7049872
:1021B000816A0398084303900498C06A80B1FFE7DE
:1021C0000498FEF7C1FC50B1FFE704994020486530
:1021D0000499012081F835008DF8170019E0FFE718
:1021E000FFE703980499096848610498FEF780FCAA
:1021F00001900498C16D3F2088400199886004993E
:1022000000204865049A012182F835108DF81700E6
:10221000FFE79DF8170006B080BD000080B588B0CC
:10222000069005910492039300208DF80B00069808
:10223000806D0190FFE7069890F83400012804D1E2
:10224000FFE702208DF81F0045E00699012081F884
:102250003400FFE7FFE7069890F8350001282BD1FE
:10226000FFE70699022081F83500069900204865AD
:1022700006980599049A039BFEF7DEFC0698C16D4B
:102280003F2088400199886006980168086840F0FE
:10229000160008600698006C38B1FFE706980168E0
:1022A000086840F008000860FFE7069801680868C1
:1022B00040F00100086009E0FFE70699002081F87E
:1022C0003400FFE702208DF80B00FFE79DF80B00BC
:1022D0008DF81F00FFE79DF81F0008B080BD0000CB
:1022E00080B584B0039000F047FA02900398019003
:1022F0000198013048B1FFE740F21020C2F200001F
:102300000178019808440190FFE7FFE700F034FAF4
:102310000299401A0199884201D2FFE7F6E704B01A
:1023200080BD000081B0ADF8020001B07047000030
:1023300080B582B0ADF8060043F61440C4F2010047
:102340000068BDF8061008420CD0FFE7BDF8060093
:1023500043F61441C4F201010860BDF80600FFF71E
:10236000E1FFFFE702B080BD8EB00D900C91002020
:102370000A90099008900B90FFE70B980F2800F245
:10238000CC81FFE70B99012088400A900C980068E7
:102390000A990840099009980A99884240F0B88142
:1023A000FFE70C98406800F00300012807D0FFE722
:1023B0000C98406800F0030002282FD1FFE70D9829
:1023C000806808900B984100032000FA01F10898FA
:1023D000884308900C98C0680B99490000FA01F1F5
:1023E00008980843089008980D9988600D984068EF
:1023F00008900B99012000FA01F108988843089091
:102400000C984068C0F300100B9900FA01F108988D
:102410000843089008980D994860FFE70C984068B9
:1024200000F00300032818D0FFE70D98C06808905B
:102430000B984100032000FA01F1089888430890A6
:102440000C9880680B99490000FA01F1089808433C
:10245000089008980D99C860FFE70C98406800F054
:102460000300022826D1FFE70D980B996FF00302B5
:1024700002EA51010844006A08900B9800F0070036
:1024800081000F2000FA01F10898884308900C9809
:1024900000690B9901F00701890000FA01F1089821
:1024A0000843089008980D990B9B02EA53021144C7
:1024B0000862FFE70D98006808900B984100032020
:1024C00000FA01F10898884308900C98406800F0E1
:1024D00003000B99490000FA01F10898084308909D
:1024E00008980D9908600C9880798007002800F002
:1024F0000E81FFE7FFE70020079043F64400C4F297
:102500000200016841F480410160006800F48040ED
:1025100007900798FFE70B9820F0030043F60801A7
:10252000C4F20101405808900B9800F003008100AC
:102530000F2000FA01F10898884308900D980021B7
:10254000C4F20201884203D1FFE7002006905EE05A
:102550000D9840F20041C4F20201884203D1FFE726
:102560000120059050E00D9840F60001C4F20201F0
:10257000884203D1FFE70220049042E00D9840F624
:102580000041C4F20201884203D1FFE70320039017
:1025900034E00D9841F20001C4F20201884203D1F7
:1025A000FFE70420029026E00D9841F20041C4F2BA
:1025B0000201884203D1FFE70520019018E00D9841
:1025C00041F60001C4F20201884203D1FFE7062070
:1025D00000900AE00D9941F60042C4F20202082080
:1025E000914208BF07200090FFE700980190FFE7A5
:1025F00001980290FFE702980390FFE70398049088
:10260000FFE704980590FFE705980690FFE7069816
:10261000C0B20B9901F00301890000FA01F108989A
:102620000843089008980B9921F0030143F608022B
:10263000C4F20102885043F60840C4F20100006869
:10264000089009990898884308900C988079C006EA
:10265000002805D5FFE70999089808430890FFE787
:10266000089843F60841C4F20101086043F60C40A3
:10267000C4F20100006808900999089888430890FE
:102680000C9880798006002805D5FFE709990898FD
:1026900008430890FFE7089843F60C41C4F2010193
:1026A000086043F60440C4F20100006808900999EC
:1026B0000898884308900C9880798007002805D5F1
:1026C000FFE70999089808430890FFE7089843F640
:1026D0000441C4F20101086043F60040C4F2010065
:1026E0000068089009990898884308900C988079A8
:1026F000C00728B1FFE70999089808430890FFE749
:10270000089843F60041C4F201010860FFE7FFE7C3
:10271000FFE70B9801300B902FE60EB070470000DA
:1027200083B00290ADF80610029840690090009ABC
:10273000BDF8060002EA0001904340EA0140029918
:10274000886103B07047000082B00190ADF80210BC
:102750008DF801209DF8010028B1FFE7BDF80200C7
:102760000199886105E0BDF80200000401998861C3
:10277000FFE702B07047000044F61060C2F20000AC
:102780000068704780B58EB00C900C9820B9FFE7B8
:1027900001208DF8370043E10C9890F83D0040B9D6
:1027A000FFE70C99002081F83C000C9800F06AFCCF
:1027B000FFE70C99242081F83D000C980168086817
:1027C00020F0010008600C980168086840F400409F
:1027D00008600C980168086820F40040086002F066
:1027E00077F80A900C98406848F2A061C0F20101A5
:1027F00088420BD8FFE70A9948F28042C0F21E02D5
:102800000020914238BF012009900AE00A9940F661
:102810000012C0F23D020020914238BF0120099011
:10282000FFE70998012804D1FFE701208DF8370060
:10283000F6E00A984DF68361C4F21B31A0FB01104B
:10284000800C0B900C980068406820F03F000B99BA
:1028500008430C99096848600C980068006A20F0E9
:102860003F0008900C98406848F2A061C0F2010156
:10287000884204D8FFE70B98013007900EE00B98D0
:102880004FF49671484344F6D351C1F26201A0FB64
:102890000101012000EB91100790FFE708980799CC
:1028A00008430C99096808620C980068C0694CF6E6
:1028B000FF71884306900C98406848F2A061C0F20E
:1028C000010188421FD8FFE70A9801380C9949682E
:1028D0004900B0FBF1F001306FF31F30032803D83B
:1028E000FFE7042005900BE00A9801380C9949682D
:1028F0004900B0FBF1F001306FF31F300590FFE7A6
:10290000059804904CE00C98806868B9FFE70A9835
:1029100001380C99496801EB4101B0FBF1F001303D
:102920006FF31F3003900DE00A9801380C99496845
:1029300019225143B0FBF1F00130042161F31F3043
:102940000390FFE70398000518B9FFE70120029004
:1029500023E00C98806868B9FFE70A9801380C9961
:10296000496801EB4101B0FBF1F001306FF31F301A
:1029700001900DE00A9801380C99496819225143D9
:10298000B0FBF1F00130042161F31F300190FFE74B
:10299000019840F400400290FFE702980490FFE79E
:1029A0000698049908430C990968C8610C98006856
:1029B000006820F0C0000C9B1968DA691B6A1A4392
:1029C000104308600C980068806848F2FF31884323
:1029D0000C9A1168D36812691A43104388600C98E6
:1029E0000068C06820F0FF000C9B19685A699B6959
:1029F0001A431043C8600C980168086840F0010051
:102A000008600C99002008640C9A202182F83D107F
:102A10000C9908630C9981F83E008DF83700FFE7A8
:102A20009DF837000EB080BD10B58CB0844610986C
:102A30000F98DDF838E0CDF828C0ADF82610ADF8D5
:102A40002420ADF82230ADF82000FFF795FE079066
:102A50000A9890F83D00202840F00282FFE70A988B
:102A600007996A4611600221C0F210010122192360
:102A700004F0C0FF20B1FFE702208DF82F00F3E142
:102A8000FFE70A9890F83C00012804D1FFE70220F4
:102A90008DF82F00E8E10A99012081F83C00FFE75A
:102AA000FFE70A980068006800F00100012807D0DD
:102AB000FFE70A980168086840F001000860FFE736
:102AC0000A980168086820F4006008600A992220CA
:102AD00081F83D000A99402081F83E000A990020C3
:102AE00008640E980A994862BDF820000A99488542
:102AF0000A98408D0A9908850A990020CFF6FF7040
:102B0000C8620A98BDF82610BDF82420BDF822300E
:102B1000DDF840C0079CEE46CEF80440CEF800C079
:102B200004F082FD20B1FFE701208DF82F009BE12A
:102B30000A98008DA0B9FFE7FFE7002006900A98E9
:102B40000068406906900A980068806906900698B7
:102B5000FFE70A980168086840F4007008604DE0DB
:102B60000A98008D01281AD1FFE70A9801680868C1
:102B700020F480600860FFE7002005900A98006854
:102B8000406905900A980068806905900598FFE7FC
:102B90000A980168086840F4007008602DE00A98FF
:102BA000008D02281AD1FFE70A980168086820F40E
:102BB000806008600A980168086840F40060086056
:102BC000FFE7002004900A980068406904900A9882
:102BD0000068806904900498FFE70DE0FFE700209B
:102BE00003900A980068406903900A980068806919
:102BF00003900398FFE7FFE7FFE7FFE7FFE70A9887
:102C0000008D002800F01A81FFE70A98008D032844
:102C100000F2CC80FFE70A98008D01281ED1FFE763
:102C20000A981099079A05F013F820B1FFE70120E0
:102C30008DF82F0018E10A98006800690A99496A1E
:102C400008700A99486A013048620A99088D01386B
:102C500008850A99488D01384885A6E00A98008DB4
:102C600002283CD1FFE70A98109B07996A46116039
:102C70000421C0F20101002204F0BCFE20B1FFE7F4
:102C800001208DF82F00EFE00A980168086840F4F1
:102C9000007008600A98006800690A99496A08701B
:102CA0000A99486A013048620A99088D01380885F6
:102CB0000A99488D013848850A98006800690A9980
:102CC000496A08700A99486A013048620A99088D71
:102CD000013808850A99488D0138488564E00A98CA
:102CE000109B07996A4611600421C0F2010100227D
:102CF00004F080FE20B1FFE701208DF82F00B3E043
:102D00000A980168086820F4806008600A980068E2
:102D100000690A99496A08700A99486A013048624C
:102D20000A99088D013808850A99488D0138488527
:102D30000A98109B07996A4611600421C0F20101AC
:102D4000002204F057FE20B1FFE701208DF82F008C
:102D50008AE00A980168086840F4007008600A98E0
:102D6000006800690A99496A08700A99486A01303E
:102D700048620A99088D013808850A99488D0138FA
:102D800048850A98006800690A99496A08700A9992
:102D9000486A013048620A99088D013808850A9905
:102DA000488D01384885FFE7FFE746E00A9810990B
:102DB000079A04F04DFF20B1FFE701208DF82F00A6
:102DC00052E00A98006800690A99496A08700A99ED
:102DD000486A013048620A99088D013808850A99C5
:102DE000488D013848850A980068406900F0040160
:102DF0000120B0EB910F1FD1FFE70A98008D032847
:102E000007D1FFE70A980168086820F4806008602D
:102E1000FFE70A98006800690A99496A08700A99E8
:102E2000486A013048620A99088D013808850A9974
:102E3000488D01384885FFE7FFE7E0E60A99202042
:102E400081F83D000A99002081F83E00FFE70A99C9
:102E5000002081F83C00FFE700208DF82F0003E000
:102E600002208DF82F00FFE79DF82F000CB010BD59
:102E700010B588B084460C980B98DDF828E0CDF8A2
:102E800018C0ADF81610ADF81420ADF81230ADF83A
:102E90001000FFF771FC0390069890F83D00202881
:102EA00040F0E880FFE7069803996A461160022126
:102EB000C0F210010122192304F09CFD20B1FFE7AC
:102EC00002208DF81F00D9E0FFE7069890F83C003B
:102ED000012804D1FFE702208DF81F00CEE00699FB
:102EE000012081F83C00FFE7FFE7069800680068D2
:102EF00000F00100012807D0FFE706980168086884
:102F000040F001000860FFE706980168086820F4B7
:102F1000006008600699212081F83D000699402054
:102F200081F83E000699002008640A9806994862D4
:102F3000BDF81000069948850698408D06990885C9
:102F400006990020CFF6FF70C8620698BDF81610EB
:102F5000BDF81420BDF81230DDF830C0039CEE46F9
:102F6000CEF80440CEF800C004F050FC20B1FFE7DA
:102F700001208DF81F0081E0FFE70698008D0028F2
:102F800049D0FFE706980C99039A04F0CFFE80B170
:102F9000FFE70698006C042807D1FFE70698016850
:102FA000086840F400700860FFE701208DF81F00FA
:102FB00064E006980168406A007808610699486AEA
:102FC000013048620699088D013808850699488DB8
:102FD0000138488506980068406900F00401012026
:102FE000B0EB910F16D1FFE70698008D90B1FFE787
:102FF00006980168406A007808610699486A0130BD
:1030000048620699088D013808850699488D01386F
:103010004885FFE7B1E706980C99039A04F094FC01
:1030200080B1FFE70698006C042807D1FFE70698F7
:103030000168086840F400700860FFE701208DF81F
:103040001F001BE006980168086840F400700860E3
:103050000699202081F83D000699002081F83E0065
:10306000FFE70699002081F83C00FFE700208DF87B
:103070001F0003E002208DF81F00FFE79DF81F00EE
:1030800008B010BD80B590B00F9000200E900D904C
:103090000C900B900A900F98006845F60041C4F21E
:1030A0000001884240F0B380FFE7FFE7002009906D
:1030B00043F63000C4F20200016841F004010160EF
:1030C000006800F0040009900998FFE7FFE700207E
:1030D000089043F63000C4F20200016841F001019B
:1030E0000160006800F0010008900898FFE74FF4C5
:1030F00000700A90122002900B90012003900C9017
:10310000032004900D90042005900E9040F60000DE
:10311000C4F202000AA90691FFF726F9DDF808C0FB
:10312000039B049A059806994FF4807ECDF828E019
:10313000CDF82CC00C930D920E900020C4F202002A
:10314000FFF712F9FFE70020079043F64000C4F2B2
:103150000200016841F400010160006800F4000011
:1031600007900798FFE744F2D820C2F200000190D0
:1031700046F24001C4F2020101604FF0C0614160BB
:1031800000218160C1604FF4806202614161816110
:10319000C16101624162FEF789FF18B1FFE7FDF7E7
:1031A000D1FDFFE7FFE70F9844F2D821C2F20001FA
:1031B00081630F988863FFE744F23830C2F2000061
:1031C000009046F27001C4F2020101604FF0C0614C
:1031D0004160402181600021C1604FF48062026142
:1031E00041618161C16101624162FEF75FFF18B117
:1031F000FFE7FDF7A7FDFFE7FFE70F9844F238313F
:10320000C2F2000141630F988863FFE7FFE710B047
:1032100080BD000040F21020C2F20000027844F6A7
:103220001061C2F200010868104408607047000095
:1032300080B543F60041C4F20201086840F4007012
:103240000860086840F480600860086840F4807096
:103250000860032000F08AF80F2000F005F800F065
:103260003BF8002080BD000080B582B0009040F2A5
:10327000D000C2F20000006840F21021C2F200014A
:103280000A784FF47A71B1FBF2F1B0FBF1F002F081
:10329000B5FB20B1FFE701208DF8070018E000988A
:1032A0000F280DD8FFE700994FF0FF30002200F003
:1032B00043F8009840F21421C2F20001086003E0D4
:1032C00001208DF8070003E000208DF80700FFE7DC
:1032D0009DF8070002B080BD82B0FFE7002001909A
:1032E00043F64400C4F20200016841F480410160E9
:1032F000006800F4804001900198FFE7FFE700209C
:10330000009043F64000C4F20200016841F0805191
:103310000160006800F0805000900098FFE702B064
:103320007047000080B582B08DF807009DF9070056
:1033300019F0FCFA02B080BD80B586B08DF8170098
:10334000049103920020029019F008FB02909DF96D
:103350001700019002980499039A05F0A3FB014617
:10336000019819F003FB06B080BD000080B582B063
:103370000190019819F01CFB02B080BD82B0019051
:103380008DF8031002B0704782B00190ADF80210C2
:10339000BDF80200019909684862002002B0704738
:1033A00084B003908DF80B10ADF8082003980068E6
:1033B000406A00909DF80B0048B9FFE7BDF808107F
:1033C000009840EA014003990968886233E0039855
:1033D0000068816A009800EB1140009000208DF891
:1033E0000700FFE79DF807009DF80B1001398842A0
:1033F00013D2FFE7039800689DF8071000EB8100E7
:10340000D0F80411009800EB11400090FFE79DF800
:10341000070001308DF80700E4E7BDF808100098B8
:1034200040EA0140039909689DF80B2001EB8201F5
:10343000C1F80001FFE7002004B0704780B582B0FA
:1034400001900198D0F8E00408F0E2FD02B080BDE0
:1034500080B582B001908DF80310019AD2F8E00493
:103460009DF8031001EBC10302EB8302126A08F01E
:103470002DFC02B080BD000080B582B001908DF8B7
:103480000310019AD2F8E0049DF8031001EBC10388
:1034900002EB8302D2F8602208F0E0FC02B080BDAB
:1034A00080B582B001900198D0F8E00408F0B6FD34
:1034B00002B080BD80B584B003908DF80B109DF8EC
:1034C0000B00000600280CD5FFE703989DF80B10B1
:1034D00001F00F0101EBC10100EB810014300190FC
:1034E0000CE003989DF80B1001F00F0101EBC101F6
:1034F00000EB810000F515700190FFE7039800686C
:1035000001990AF007FB8DF80A009DF80A0004B043
:1035100080BD000080B584B002908DF807109DF842
:103520000700000600280FD5FFE702989DF8071056
:1035300001F00F0101EBC10100EB8100143000909C
:103540000099012048700FE002989DF8071001F0E3
:103550000F0101EBC10100EB810000F51570009037
:10356000009900204870FFE79DF8070000F00F0069
:1035700000990870FFE7029890F89404012804D19C
:10358000FFE702208DF80F0014E00299012081F876
:103590009404FFE7FFE702980068009909F0AAFD8C
:1035A000FFE70299002081F89404FFE700208DF8DE
:1035B0000F00FFE79DF80F0004B080BD80B584B018
:1035C00002908DF807109DF8070000F00F00029997
:1035D0000979884204D9FFE701208DF80F004DE0FA
:1035E0009DF80700000600280FD5FFE702989DF818
:1035F000071001F00F0101EBC10100EB8100143055
:1036000000900099012048700FE002989DF8071083
:1036100001F00F0101EBC10100EB810000F5157015
:103620000090009900204870FFE700990020887002
:103630009DF8070000F00F0000990870FFE702985E
:1036400090F89404012804D1FFE702208DF80F00C0
:1036500014E00299012081F89404FFE7FFE7029843
:103660000068009909F0B6FFFFE70299002081F891
:103670009404FFE700208DF80F00FFE79DF80F008E
:1036800004B080BD82B001908DF8031001989DF8C0
:10369000031001F00F0101EBC10100EB8100D0F834
:1036A000680202B07047000080B586B004908DF8C3
:1036B0000F10ADF80C208DF80B3000208DF80A00AB
:1036C0009DF80F00000600280FD5FFE704989DF82D
:1036D0000F1001F00F0101EBC10100EB810014306C
:1036E00001900199012048700FE004989DF80F1097
:1036F00001F00F0101EBC10100EB810000F5157035
:103700000190019900204870FFE79DF80F0000F03C
:103710000F0001990870BDF80C006FF3DF200199CC
:1037200088609DF80B00019908710198407820B1DC
:10373000FFE7019908784883FFE79DF80B0002280E
:1037400004D1FFE7019900204871FFE7FFE70498E3
:1037500090F89404012804D1FFE702208DF81700A7
:1037600015E00499012081F89404FFE7FFE704982D
:103770000068019909F090FBFFE70499002081F8A7
:103780009404FFE79DF80A008DF81700FFE79DF805
:10379000170006B080BD000080B586B005908DF89A
:1037A00013100392029305989DF8131001F00F0176
:1037B00001EBC10100EB810000F515700190039849
:1037C0000199C86002980199086101990020486137
:1037D000019948709DF8130000F00F0001990870DE
:1037E00005988079012804D1FFE703980199C86101
:1037F000FFE7059A10680199927909F08FFF002080
:1038000006B080BD80B584B002908DF807109DF899
:10381000070000F00F0002990979884204D9FFE7F8
:1038200001208DF80F0058E09DF8070000060028E1
:103830000FD5FFE702989DF8071001F00F0101EB8B
:10384000C10100EB81001430009000990120487004
:103850000DE002989DF8071001EBC10100EB81001B
:1038600000F515700090009900204870FFE700995E
:10387000012088709DF8070000F00F000099087083
:10388000FFE7029890F89404012804D1FFE7022092
:103890008DF80F0021E00299012081F89404FFE7E0
:1038A000FFE702980068009909F0E4FE9DF8070020
:1038B000000740B9FFE7029A1068917902F29C4232
:1038C00009F038FEFFE7FFE70299002081F8940431
:1038D000FFE700208DF80F00FFE79DF80F0004B010
:1038E00080BD000080B586B005908DF8131003925E
:1038F000029305989DF8131001F00F0101EBC1012F
:1039000000EB81001430019003980199C86002987F
:1039100001990861019900204861019901204870CE
:103920009DF8130000F00F00019908700598807948
:10393000012804D1FFE703980199C861FFE7059AC0
:1039400010680199927909F0E9FE002006B080BD67
:1039500080B58CB00B900B9800680A900A9809907B
:103960000B9800680AF00CFA002840F00B84FFE77F
:103970000B9800680AF078FA10B9FFE700F002BC73
:103980000998D0F80808C0F30D200B99C1F8D404A9
:103990000B9800680AF068FA8007002807D5FFE74F
:1039A0000B980168486900F002004861FFE70B9836
:1039B00000680AF059FAC006002862D5FFE70B98A4
:1039C0000168886920F0100088610A98006A0290F6
:1039D0000B98029901F00F0101EBC10100EB81008E
:1039E00000F515700890029800F4F0110220B0EB79
:1039F000514F23D1FFE7BDF8080047F6F0710842A8
:103A00001BD0FFE70A980899C968029AC2F30A1204
:103A10000AF038FA029847F6F07100EA0103089AB2
:103A2000D06800EB1310D060029800EA01020899F8
:103A3000486900EB12104861FFE71BE0029800F4B0
:103A4000F0110620B0EB514F12D1FFE70A980B9905
:103A500001F29C4108220AF015FA029847F6F0712B
:103A600000EA01020899486900EB1210486100E081
:103A7000FFE7FFE70B980168886940F01000886154
:103A8000FFE70B9800680AF0EFF90003002840F107
:103A9000A680FFE7002004900B9800680AF092F9D6
:103AA0000690FFE70698002800F09880FFE79DF851
:103AB0001800C007002800F08A80FFE70B98006814
:103AC0009DF810100AF0B8F905909DF81400C00791
:103AD00060B1FFE70998049900EB41110120C1F89A
:103AE000080B0B98049905F061F8FFE79DF81400A6
:103AF000000700280CD5FFE70998049900EB411155
:103B00000820C1F8080B0B98049905F009F8FFE7A5
:103B10009DF81400C006002808D5FFE7099804990D
:103B200000EB41111020C1F8080BFFE79DF81400CD
:103B3000800700282DD5FFE70A9840690006002875
:103B400008D5FFE70999D1F8040840F48060C1F86E
:103B50000408FFE70B98049901EBC10100EB810019
:103B600000F5157008900898C078012809D1FFE782
:103B700008990020C8700B989DF8101000F012FBF7
:103B8000FFE70998049900EB41110220C1F8080BE6
:103B9000FFE79DF814008006002808D5FFE7099884
:103BA000049900EB41112020C1F8080BFFE79DF8B4
:103BB00015008006002809D5FFE70998049900EB55
:103BC00041114FF40050C1F8080BFFE7FFE70498DC
:103BD0000130049006984008069063E7FFE70B98D1
:103BE00000680AF041F94003002840F1C680FFE771
:103BF0000B9800680AF0D4F8069000200490FFE7C4
:103C00000698002800F0B880FFE79DF81800C0076C
:103C1000002800F0AA80FFE70B9800689DF81010BC
:103C20000AF0E2F805909DF81400C00700283ED085
:103C3000FFE7049800F00F01012000FA01F1039161
:103C4000039B099AD2F834189943C2F83418099999
:103C5000049A01EB4211C1F808090B9880790128F8
:103C60001FD1FFE70B98049901EBC10100EB810123
:103C7000CA69086A10440862049888B9FFE70B987B
:103C8000049901EBC10100EB8100406A40B9FFE7F4
:103C90000B99086801F29C42012109F04BFCFFE7F7
:103CA000FFE70B989DF81010FFF7D2FBFFE79DF898
:103CB00014000007002808D5FFE70998049900EBD5
:103CC00041110820C1F80809FFE79DF81400C0065B
:103CD000002808D5FFE70998049900EB411110204E
:103CE000C1F80809FFE79DF814004006002808D530
:103CF000FFE70998049900EB41114020C1F8080939
:103D0000FFE79DF814008007002822D5FFE70A98F6
:103D1000049909F0D1FF0B98049901EBC10100EB64
:103D20008100143008900898C078012809D1FFE775
:103D300008990020C8700B989DF8101000F024FA24
:103D4000FFE70998049900EB41110220C1F8080926
:103D5000FFE79DF814000006002805D5FFE70B9843
:103D6000049905F007F8FFE7FFE704980130049095
:103D700006984008069043E7FFE70B9800680AF0B2
:103D800073F8C00F00B3FFE70999D1F8040820F0D9
:103D90000100C1F804080B9890F8CC04012808D160
:103DA000FFE70B98002180F8CC140B98FFF7E6FA98
:103DB00003E00B9800F0A8FBFFE70B980168486947
:103DC00000F000404861FFE70B9800680AF04CF8EB
:103DD0000005002811D5FFE70998D0F80808C007AA
:103DE00020B1FFE70B9800F01BFCFFE70B98016880
:103DF000486900F400604861FFE70B9800680AF02A
:103E000033F8C004002840F18680FFE70999D1F813
:103E1000040820F00100C1F804080B980068102184
:103E200009F04AFF00200790FFE707980B990979EE
:103E3000884231D2FFE70998079900EB41114FF60C
:103E40007F30C1F808090999079A01EB4212D2F8AC
:103E5000001921F40011C2F800190999079A01EB21
:103E60004211C1F8080B0998079900EB4111D1F8EC
:103E7000000B20F40010C1F8000B0998079900EB23
:103E80004111D1F8000B40F00060C1F8000BFFE7D2
:103E9000079801300790C8E70999D1F81C0840F04D
:103EA0000110C1F81C080B98C07B78B1FFE7099995
:103EB000D1F8840840F00B00C1F884080999D1F8C2
:103EC000440840F00B00C1F844080FE00999D1F80C
:103ED000140842F22B021043C1F814080999D1F8D2
:103EE000100840F00B00C1F81008FFE70999D1F85D
:103EF000000820F4FE60C1F800080B9A1068917960
:103F000002F29C4209F016FB0B980168486900F424
:103F100080504861FFE70B98006809F0A5FF800416
:103F200000281FD5FFE70B98006809F025F80B98CB
:103F3000006809F0FFFE0B99C8710B9800680190AA
:103F400000F0C0FC014601980B9AD2790AF092F871
:103F50000B9800F0AFFA0B980168486900F4005024
:103F60004861FFE70B98006809F07EFF0007002812
:103F70000AD5FFE70B9800F0D1FA0B980168486961
:103F800000F008004861FFE70B98006809F06CFF3B
:103F90000006002825D5FFE70A99886920F08000EF
:103FA000886101200490FFE704980B990979884201
:103FB00016D2FFE70B98049901EBC10100EB8100D9
:103FC00090F85702012806D1FFE70B989DF81010D2
:103FD000FFF770FAFFE7FFE7049801300490E3E78A
:103FE000FFE70B98006809F03FFFC00200283CD5AE
:103FF000FFE701200490FFE704980B9909798842B4
:104000002CD2FFE70998049900EB4110D0F8000981
:1040100002900B98049901EBC10100EB8100007E36
:10402000012816D1FFE79DF80B000006002810D5E7
:10403000FFE70B98049901EBC10100EB810101201E
:10404000C8750B989DF8101041F08001FFF732FA07
:10405000FFE7FFE7049801300490CDE70B98016873
:10406000486900F480104861FFE70B98006809F088
:10407000FBFE8002002855D5FFE701200490FFE7F2
:1040800004980B990979884245D2FFE70998049969
:1040900000EB4110D0F8000B02900B98049901EB53
:1040A000C10100EB810090F8580201282ED1FFE7F2
:1040B0009DF80B000006002828D5FFE7029800F4C1
:1040C00080300B99D1F8D41401F0010188421DD140
:1040D000FFE70B98049901EBC10100EB810101207E
:1040E00081F857020A99886940F0800088610A982F
:1040F00040690006002808D4FFE70999D1F80408B0
:1041000040F40070C1F8040805E0FFE7FFE70498F9
:1041100001300490B4E70B980168486900F400107E
:104120004861FFE70B98006809F09EFE40000028F8
:104130000AD5FFE70B98FFF781F90B9801684869EA
:1041400000F080404861FFE70B98006809F08CFEA2
:104150004007002815D5FFE70B98006840680290DB
:104160009DF808004007002804D5FFE70B98FFF7EB
:1041700097F9FFE7029A0B98016848681043486076
:10418000FFE7FFE70CB080BD80B582B001908DF8ED
:1041900003100198D0F8E0049DF8031007F0DAFF4F
:1041A00002B080BD80B582B001908DF803100198F7
:1041B000D0F8E0049DF8031008F004F802B080BDC8
:1041C00080B58EB00C900C9820B9FFE701208DF8D7
:1041D000370012E10C9800680B900C9890F8950449
:1041E00040B9FFE70C99002081F894040C9800F086
:1041F00009F9FFE70C99032081F895040B98B0F1B9
:10420000A04F04D1FFE70C9900208871FFE70C98BC
:10421000006809F085F90C9B1868197C8DF824104A
:1042200059689A68DB680893079206910699079A7D
:10423000089BDDF824C0EE46CEF800C008F0B2FEC0
:1042400040B1FFE70C99022081F8950401208DF818
:104250003700D2E00C980068002109F06DFE40B1F3
:10426000FFE70C99022081F8950401208DF83700B2
:10427000C3E000208DF82B00FFE79DF82B000C9980
:104280000979884241DAFFE70C989DF82B1001EB81
:10429000C10100EB8101012048759DF82B000C99AC
:1042A00000EBC00201EB820108759DF82B000C9910
:1042B00000EBC00201EB8201C8850C989DF82B1021
:1042C00001EBC10100EB8101002008760C999DF8FB
:1042D0002B2002EBC20201EB8201C8610C999DF810
:1042E0002B2002EBC20201EB820108620C999DF8BF
:1042F0002B2002EBC20201EB82014862FFE79DF82E
:104300002B0001308DF82B00B7E700208DF82B0033
:10431000FFE79DF82B000C99097988423EDAFFE708
:104320000C989DF82B1001EBC10100EB81010020DE
:1043300081F855029DF82B100C9A01EBC10302EB9A
:10434000830282F854120C999DF82B2002EBC202D2
:1043500001EB820181F858020C999DF82B2002EBA9
:10436000C20201EB8201C1F85C020C999DF82B207E
:1043700002EBC20201EB8201C1F860020C999DF8C8
:104380002B2002EBC20201EB8201C1F86402FFE7BD
:104390009DF82B0001308DF82B00BAE70C9B1868B4
:1043A000197C8DF8141059689A68DB68049303929D
:1043B00002910299039A049BDDF814C0EE46CEF8F0
:1043C00000C008F05FFF40B1FFE70C99022081F8C0
:1043D000950401208DF837000FE00C990020019022
:1043E00048740C99012081F895040C98006808F035
:1043F00033FF01988DF83700FFE79DF837000EB0C6
:1044000080BD000080B58AB0099000200890079018
:1044100006900590049009980068B0F1A04F47D12C
:10442000FFE7FFE70020039043F63000C4F20200EC
:10443000016841F001010160006800F00100039093
:104440000398FFE74FF4C05004900220059000202D
:104450000690032007900A2008900020C4F2020072
:1044600004A9FDF781FFFFE743F63401C4F202011E
:10447000086840F080000860FFE70020029043F6E3
:104480004400C4F20200016841F480410160006808
:1044900000F4804002900298FFE7FFE7432001907C
:1044A00000221146FEF748FF0198FEF73BFFFFE7A9
:1044B0000AB080BD80B582B0019001208DF8030064
:1044C0000198C07920B9FFE700208DF803000CE0C7
:1044D0000198C079022804D1FFE701208DF803007C
:1044E00002E0FCF72FFCFFE7FFE70198D0F8E004BB
:1044F0009DF8031007F066FF0198D0F8E00407F07C
:10450000E1FE02B080BD000080B582B0019001984C
:10451000D0F8E00407F024FF02B080BD80B582B07F
:1045200001900198D0F8E00407F02CFF02B080BDA4
:1045300080B584B002908DF80710FFE7029890F8DC
:104540009404012804D1FFE702208DF80F0019E040
:104550000299012081F89404FFE7FFE79DF8070026
:1045600002994874029800689DF8071009F054FDFC
:10457000FFE70299002081F89404FFE700208DF8FE
:104580000F00FFE79DF80F0004B080BD80B582B03A
:1045900001900199D1F8E00401F29C4107F03CFF41
:1045A00002B080BD80B584B002900298006801908E
:1045B000FFE7029890F89404012804D1FFE7022055
:1045C0008DF80F0028E00299012081F89404FFE79C
:1045D000FFE70198C068400600280BD5FFE7029866
:1045E000407B012806D1FFE70199886B40F48030B9
:1045F0008863FFE70298006809F01AFB02980068D8
:1046000008F014FEFFE70299002081F89404FFE708
:1046100000208DF80F00FFE79DF80F0004B080BD6B
:1046200080B582B001900198D0F8E00407F076FFE1
:1046300001980168D1F8000E40F00100C1F8000EA9
:104640000198C07A48B1FFE74EF61051CEF2000152
:10465000086840F006000860FFE702B080BD000077
:1046600080B584B002900191029820B9FFE7012043
:104670008DF80F0021E1019843F60041C4F20201D8
:10468000096801F00701884212D9FFE7019943F652
:104690000040C4F202000170006800F007000199B8
:1046A000884204D0FFE701208DF80F0005E1FFE705
:1046B00002980078800700282AD5FFE70298007842
:1046C0004007002809D5FFE743F60801C4F20201BC
:1046D000086840F4E0500860FFE70298007800079F
:1046E000002809D5FFE743F60801C4F20201086873
:1046F00040F460400860FFE743F60801C4F202019D
:10470000086820F0F000029A926810430860FFE702
:1047100002980078C00700286ED0FFE70298406832
:10472000012811D1FFE743F60000C4F2020000683F
:1047300000F400310020B0EB514F04D1FFE701201D
:104740008DF80F00B9E02CE002984068022805D0EF
:10475000FFE702984068032811D1FFE743F6000005
:10476000C4F20200006800F000710020B0EB516F4D
:1047700004D1FFE701208DF80F009EE010E043F622
:104780000000C4F20200006800F002010020B0EB5B
:10479000510F04D1FFE701208DF80F008DE0FFE7F6
:1047A000FFE743F60801C4F20201086820F00300A5
:1047B000029A526810430860FDF7DEFF0090FFE7A1
:1047C00043F60800C4F20200006800F00C000299F1
:1047D0004968B0EB810F0ED0FFE7FDF7CDFF0099E0
:1047E000401A41F28931884204D3FFE703208DF853
:1047F0000F0062E0E4E7FFE7019843F60041C4F2EE
:104800000201096801F00701884212D2FFE701990D
:1048100043F60040C4F202000170006800F0070097
:104820000199884204D0FFE701208DF80F0044E091
:10483000FFE702980078400700280CD5FFE743F611
:104840000801C4F20201086820F4E050029AD2681C
:1048500010430860FFE702980078000700280DD594
:10486000FFE743F60801C4F20201086820F4604043
:10487000029A126940EAC2000860FFE700F04CF8B3
:1048800043F60801C4F202010968C9B20A094EF2EE
:10489000F421C0F60101895CC84040F2D001C2F2A7
:1048A0000001086040F21420C2F200000068FEF728
:1048B000DBFC00208DF80F00FFE79DF80F0004B02F
:1048C00080BD000040F2D000C2F2000000687047D6
:1048D00080B5FFF7F7FF43F60801C4F2020109684B
:1048E000C1F382224EF20431C0F60101895CC84056
:1048F00080BD000080B5FFF7E5FF43F60801C4F274
:104900000201096889B24A0B4EF20431C0F6010176
:10491000895CC84080BD000080B586B0002005904D
:1049200004900390029043F60800C4F2020000686D
:1049300000F00C000146019140B1FFE70198042806
:104940000AD0FFE7019808280CD04FE042F200405F
:10495000C0F2F40002904FE041F60030C0F2B70020
:10496000029049E043F60400C4F20200016801F03D
:104970003F01059100684002002813D5FFE743F688
:104980000400C4F202000068C0F3881041F6003150
:10499000C0F2B701A0FB0101059A0023FBF7CFFC91
:1049A000049012E043F60400C4F202000068C0F371
:1049B000881042F20041C0F2F401A0FB0101059A07
:1049C0000023FBF7BCFC0490FFE743F60400C4F2AD
:1049D0000200006800F44031022000EBD130039067
:1049E00004980399B0FBF1F0029005E042F2004018
:1049F000C0F2F4000290FFE7029806B080BD00000C
:104A000080B586B00490049820B9FFE701208DF8A6
:104A1000170050E304980078C007002800F0A58034
:104A2000FFE743F60800C4F20200006800F00C0043
:104A3000042813D0FFE743F60800C4F20200006820
:104A400000F00C0008281ED1FFE743F60400C4F272
:104A5000020000684002002815D5FFE743F6000079
:104A6000C4F20200006800F400310020B0EB514FA6
:104A700008D0FFE70498406820B9FFE701208DF8CF
:104A8000170018E370E0FFE704984068B0F5803F36
:104A900009D1FFE743F60001C4F20201086840F4BF
:104AA0008030086020E004984068B0F5A02F0DD158
:104AB000FFE743F60001C4F20201086840F48020D9
:104AC0000860086840F4803008600CE043F600019C
:104AD000C4F20201086820F480300860086820F4FD
:104AE00080200860FFE7FFE7FFE704984068E8B12F
:104AF000FFE7FDF741FE0390FFE743F60000C4F235
:104B00000200006800F400310020B0EB514F0CD1DE
:104B1000FFE7FDF731FE0399401A652804D3FFE74C
:104B200003208DF81700C6E2E7E71CE0FDF724FE3E
:104B30000390FFE743F60000C4F20200006800F4AF
:104B400000310020B0EB514F0CD0FFE7FDF714FE11
:104B50000399401A652804D3FFE703208DF8170056
:104B6000A9E2E7E7FFE7FFE7FFE70498007880079F
:104B7000002840F19680FFE743F60800C4F20200E7
:104B8000006810F00C0F13D0FFE743F60800C4F2E2
:104B90000200006800F00C0008282CD1FFE743F663
:104BA0000400C4F2020000684002002823D4FFE79A
:104BB00043F60000C4F20200006800F00201002089
:104BC000B0EB510F09D0FFE70498C068012804D06A
:104BD000FFE701208DF817006DE243F60001C4F2F3
:104BE0000201086820F0F800049A126940EAC20045
:104BF0000860FFE754E00498C06870B3FFE7002145
:104C0000C4F2472101200860FDF7B6FD0390FFE7DD
:104C100043F60000C4F20200006800F00201002028
:104C2000B0EB510F0CD1FFE7FDF7A6FD0399401A39
:104C3000032804D3FFE703208DF817003BE2E7E7E2
:104C400043F60001C4F20201086820F0F800049A5B
:104C5000126940EAC200086021E00021C4F2472145
:104C600000200860FDF788FD0390FFE743F6000091
:104C7000C4F20200006800F002010020B0EB510F06
:104C80000CD0FFE7FDF778FD0399401A032804D301
:104C9000FFE703208DF817000DE2E7E7FFE7FFE7E6
:104CA000FFE704980078000700284BD5FFE7049839
:104CB000406918B3FFE740F68061C4F24721012044
:104CC0000860FDF759FD0390FFE743F67400C4F256
:104CD0000200006800F002010020B0EB510F0CD17F
:104CE000FFE7FDF749FD0399401A032804D3FFE7C6
:104CF00003208DF81700DEE1E7E722E040F680614F
:104D0000C4F2472100200860FDF736FD0390FFE75D
:104D100043F67400C4F20200006800F002010020B3
:104D2000B0EB510F0CD0FFE7FDF726FD0399401AB9
:104D3000032804D3FFE703208DF81700BBE1E7E762
:104D4000FFE7FFE7049800784007002840F1CE8095
:104D5000FFE700208DF8070043F64000C4F2020090
:104D60000068C000002815D4FFE7FFE7002000908E
:104D700043F64000C4F20200016841F08051016036
:104D8000006800F0805000900098FFE701208DF847
:104D90000700FFE747F20000C4F200000068C0050A
:104DA000002822D4FFE747F20001C4F2000108689E
:104DB00040F480700860FDF7DFFC0390FFE747F2E6
:104DC0000000C4F200000068C00500280CD4FFE712
:104DD000FDF7D2FC0399401A032804D3FFE7032010
:104DE0008DF8170067E1EAE7FFE7FFE704988068BE
:104DF000012809D1FFE743F67001C4F202010868F7
:104E000040F0010008601FE00498806805280DD17B
:104E1000FFE743F67001C4F20201086840F00400A5
:104E20000860086840F0010008600CE043F670017B
:104E3000C4F20201086820F001000860086820F050
:104E400004000860FFE7FFE7FFE704988068F8B117
:104E5000FFE7FDF791FC0390FFE743F67000C4F213
:104E60000200006800F002010020B0EB510F0ED1EB
:104E7000FFE7FDF781FC0399401A41F2893188422E
:104E800004D3FFE703208DF8170014E1E5E71EE0E7
:104E9000FDF772FC0390FFE743F67000C4F20200D6
:104EA000006800F002010020B0EB510F0ED0FFE7C8
:104EB000FDF762FC0399401A41F28931884204D31C
:104EC000FFE703208DF81700F5E0E5E7FFE79DF821
:104ED0000700012809D1FFE743F64001C4F20201AF
:104EE000086820F080500860FFE7FFE704988069B9
:104EF000002800F0DC80FFE743F60800C4F202005F
:104F0000006800F00C00082800F08580FFE7049896
:104F1000806902285CD1FFE76021C4F247210020AC
:104F20000860FDF729FC0390FFE743F60000C4F298
:104F30000200006800F000710020B0EB516F0CD04F
:104F4000FFE7FDF719FC0399401A032804D3FFE794
:104F500003208DF81700AEE0E7E70499C869D1F89F
:104F600020C04B6A8A6A40EA0C0040EA8310D203F0
:104F70004FF6FF739A43A2F580321043C96A40EAA4
:104F8000016043F60401C4F2020108606021C4F22A
:104F9000472101200860FDF7EFFB0390FFE743F690
:104FA0000000C4F20200006800F000710020B0EBC5
:104FB000516F0CD1FFE7FDF7DFFB0399401A03287F
:104FC00004D3FFE703208DF8170074E0E7E721E042
:104FD0006021C4F2472100200860FDF7CDFB03905B
:104FE000FFE743F60000C4F20200006800F0007121
:104FF0000020B0EB516F0CD0FFE7FDF7BDFB03992C
:10500000401A032804D3FFE703208DF8170052E06D
:10501000E7E7FFE74AE004988069012804D1FFE749
:1050200001208DF8170046E043F60400C4F20200A8
:105030000068029004988069012831D0FFE7029847
:1050400000F480000499C969884229D1FFE70298D9
:1050500000F03F000499096A884221D1FFE70298D5
:1050600047F6C07108400499496AB0EB811F17D117
:10507000FFE7029800F440300499896AC9034FF6AB
:10508000FF729143A1F58031884209D1FFE7029870
:1050900000F070600499C96AB0EB016F04D0FFE7BB
:1050A00001208DF8170006E0FFE7FFE7FFE700208B
:1050B0008DF81700FFE79DF8170006B080BD0000CF
:1050C00081B0009001B0704780B584B00290029822
:1050D00020B9FFE701208DF80F0072E00298406AC6
:1050E00060B9FFE702984068B0F5827F01D1FFE721
:1050F00003E002990020C861FFE705E00299002063
:10510000086102994861FFE70299002088620298CD
:1051100090F8510040B9FFE70299002081F8500053
:10512000029800F053F8FFE70299022081F851003D
:1051300002980168086820F040000860029A019215
:1051400011685068D2F808C0D36800F482700CF47B
:10515000044C604403F400631844136903F0020331
:105160001844536903F001031844936903F400736E
:105170001844D36903F038031844136A03F080031A
:105180001843926A02F400521043086002980168C2
:105190008369426A042000EA134002F010021044BE
:1051A000486002980168C86920F40060C8610299EB
:1051B00000204865029A012182F851108DF80F00F5
:1051C000FFE79DF80F0004B080BD000080B590B0EF
:1051D0000F9000200E900D900C900B900A900F985D
:1051E000006843F20001C4F20101884240F0C0802F
:1051F000FFE7FFE70020099043F64400C4F20200F5
:10520000016841F480510160006800F48050099009
:105210000998FFE7FFE70020089043F63000C4F24A
:105220000200016841F002010160006800F0020024
:1052300008900898FFE7FFE70020079043F630004A
:10524000C4F20200016841F001010160006800F051
:10525000010007900798FFE718200A9002200190AC
:105260000B90012002900C90032005900D900520DA
:1052700003900E9040F20040C4F202000AA904918B
:10528000FDF772F8DDF804C0029B03980499059AB3
:105290004FF0800ECDF828E0CDF82CC00C930D9285
:1052A0000E900020C4F20200FDF75EF8059A44F269
:1052B0009830C2F20000069046F24041C4F202016A
:1052C00001604FF0C061416000218160C1604FF416
:1052D0008063036141618161C1614FF440330362C6
:1052E000042343628262C1620163FCF7DFFE18B1EE
:1052F000FFE7FBF727FDFFE7FFE70F9844F2983140
:10530000C2F20001C1640F988863FFE744F2F830ED
:10531000C2F20000009046F25841C4F2020101605E
:105320004FF0C0614160402181600021C1604FF4B5
:105330008062026141618161C1614FF400320262A9
:105340000422426203228262C1620163FCF7AEFE64
:1053500018B1FFE7FBF7F6FCFFE7FFE70F9844F211
:10536000F831C2F2000181640F988863FFE7FFE71C
:1053700010B080BD81B0009001B0704781B0009046
:1053800001B0704780B58CB0DDF838C00A90099143
:105390000892ADF81E3001200390FDF7EDF904905E
:1053A0000A9890F851008DF817000A984068069006
:1053B000BDF81E00ADF81C009DF81700012812D0A2
:1053C000FFE70698B0F5827F09D1FFE70A98806869
:1053D00028B9FFE79DF81700042804D0FFE7022052
:1053E0008DF82F009BE1099838B1FFE7089820B1AC
:1053F000FFE7BDF81E0020B9FFE701208DF82F0060
:105400008DE1FFE70A9890F85000012804D1FFE7EA
:1054100002208DF82F0082E10A99012081F85000C6
:10542000FFE7FFE70A9890F85100042805D0FFE74E
:105430000A99052081F85100FFE70A990020486584
:1054400008990A9A9163BDF81E100A9AD187BDF88F
:105450001E100A9A918709990A9A1163BDF81E10C5
:105460000A9AD186BDF81E100A9A91860A99086494
:105470000A9948640A980068006800F040004028D3
:1054800007D0FFE70A980168086840F0400008600C
:10549000FFE70A98C068B0F5006F40F08180FFE731
:1054A0000A98406828B1FFE7BDF81C0001280ED11A
:1054B000FFE70A980168006B0088C8600A99086BCA
:1054C000023008630A99C88E0138C886FFE7FFE7F3
:1054D0000A98C18E0120019039B9FFE70A98C08F60
:1054E000002818BF01200190FFE70198C00700289D
:1054F00055D0FFE70A98006880688007002818D513
:10550000FFE70A98C08EA0B1FFE70398012810D1E9
:10551000FFE70A980168006B0088C8600A99086B69
:10552000023008630A99C88E0138C88600200390AB
:10553000FFE70A9800688068C007A8B1FFE70A98EB
:10554000C08F88B1FFE70A980068C0680A99896B24
:1055500008800A99886B023088630A99C88F0138DD
:10556000C88701200390FFE7FDF706F90499401A68
:105570000E99884212D3FFE70E98013070B1FFE711
:105580000A99012081F85100FFE70A99002081F86B
:105590005000FFE703208DF82F00C0E098E782E07D
:1055A0000A98406828B1FFE7BDF81C0001280ED119
:1055B000FFE70A980168006B007808730A99086B86
:1055C000013008630A99C88E0138C886FFE7FFE7F3
:1055D0000A98C18E0120009039B9FFE70A98C08F60
:1055E000002818BF01200090FFE70098C00700289E
:1055F00058D0FFE70A98006880688007002818D50F
:10560000FFE70A98C08EA0B1FFE70398012810D1E8
:10561000FFE70A980168006B007808730A99086B25
:10562000013008630A99C88E0138C88600200390AB
:10563000FFE70A9800688068C007A8B1FFE70A98EA
:10564000C08F88B1FFE70A980068C0680A99896B23
:1056500008700A99886B013088630A99C88F0138ED
:10566000C88701200390FFE7FDF786F80499401AE8
:105670000E99884204D3FFE70E98013018B9FFE76E
:105680000E9870B9FFE70A99012081F85100FFE7F1
:105690000A99002081F85000FFE703208DF82F00C1
:1056A0003DE095E7FFE70A980E99049A03F038FD6C
:1056B00068B1FFE70A9920204865FFE70A990020B2
:1056C00081F85000FFE701208DF82F0027E00A98AD
:1056D000806870B9FFE7FFE7002002900A98006831
:1056E000C06802900A980068806802900298FFE7FC
:1056F000FFE70A99012081F85100FFE70A9900208D
:1057000081F85000FFE70A98406D20B1FFE70120C3
:105710008DF82F0003E000208DF82F00FFE79DF8A3
:105720002F000CB080BD000080B588B006900591B8
:105730000492ADF80E30069890F851008DF80700ED
:105740000698406802909DF80700012812D0FFE7F4
:105750000298B0F5827F09D1FFE70698806828B9E2
:10576000FFE79DF80700042804D0FFE702208DF82A
:105770001F00DFE0059838B1FFE7049820B1FFE78C
:10578000BDF80E0020B9FFE701208DF81F00D1E021
:10579000FFE7069890F85000012804D1FFE70220A7
:1057A0008DF81F00C6E00699012081F85000FFE740
:1057B000FFE7069890F85100042805D0FFE7069906
:1057C000052081F85100FFE70699002048650599FA
:1057D000069A1163BDF80E10069A9186BDF80E1058
:1057E000069AD1860499069A9163BDF80E10069A1E
:1057F0009187BDF80E10069AD1870699086406991C
:105800004864069890F8510004280FD1FFE70698E5
:10581000C16C48F6E160C0F6000008640698C16CEF
:1058200048F61170C0F60000C8630EE00698C16C1F
:1058300048F6F960C0F6000008640698C16C48F6A6
:10584000B570C0F60000C863FFE70698C16C48F663
:10585000AD60C0F60000C8640698C16C0020086501
:10586000069B19689A6BD86C0C31DB8FFCF7D6FC61
:1058700078B1FFE70699486D40F010004865FFE7F2
:105880000699002081F85000FFE701208DF81F00E5
:1058900050E006980168486840F0010048600698AA
:1058A000816C002008640699896CC8630699896C2C
:1058B000C8640699896C0865069B1A68196B986C10
:1058C0000C32DB8EFCF7AAFC78B1FFE70699486D35
:1058D00040F010004865FFE70699002081F850006D
:1058E000FFE701208DF81F0024E00698006800689B
:1058F00000F04000402807D0FFE7069801680868DC
:1059000040F040000860FFE7FFE70699002081F8BB
:105910005000FFE706980168486840F020004860A2
:1059200006980168486840F00200486000208DF841
:105930001F00FFE79DF81F0008B080BD80B584B050
:1059400003900398006843F20001C4F20101884209
:1059500013D1FFE742F28001C2F2000102914868D0
:105960000989FCF7DDFE0299D1F81031B1F80A215E
:1059700001F10A008A31984739E00398006843F63C
:105980000001C4F20001884213D1FFE742F29411F2
:10599000C2F20001019148680989FCF7C1FE019932
:1059A000D1F81031B1F80A2101F10A008A31984783
:1059B0001CE00398006843F60041C4F200018842ED
:1059C00013D1FFE742F2A821C2F20001009148681A
:1059D0000989FCF7A5FE0099D1F81031B1F80A2128
:1059E00001F10A008A319847FFE7FFE7FFE704B0BB
:1059F00080BD000081B0009001B0704780B582B0DA
:105A00000190019803F074FD02B080BD81B0009058
:105A100001B0704781B0009001B0704784B002902F
:105A2000019100200090FFE7029890F83C000128C7
:105A300004D1FFE702208DF80F0044E00299012015
:105A400081F83C00FFE7FFE7009820F0FF00019994
:105A5000C96808430090009820F440700199896853
:105A600008430090009820F4806001994968084339
:105A70000090009820F400600199096808430090A4
:105A8000009820F48050019909690843009000981B
:105A900020F400500199496908430090009820F4CF
:105AA00080400199C96908430090009802990968EB
:105AB0004864FFE70299002081F83C00FFE70020DE
:105AC0008DF80F00FFE79DF80F0004B0704700004D
:105AD00085B003900291FFE7039890F83C000128FD
:105AE00004D1FFE702208DF813007EE00399012026
:105AF00081F83C00FFE7FFE70399022081F83D00B1
:105B000003980068406801900398006880680090DE
:105B1000019820F0700001900298016801980843F4
:105B20000190019803990968486003980068002172
:105B3000C4F2010188423CD0FFE703980068B0F14D
:105B4000804F36D0FFE70398006840F20041C4F26E
:105B5000000188422DD0FFE70398006840F600015D
:105B6000C4F20001884224D0FFE70398006840F6A1
:105B70000041C4F2000188421BD0FFE7039800688F
:105B800040F20041C4F20101884212D0FFE70398BD
:105B9000006844F20001C4F20101884209D0FFE725
:105BA0000398006841F60001C4F2000188420ED15A
:105BB000FFE7009820F0800000900298416800986C
:105BC000084300900098039909688860FFE70399EB
:105BD000012081F83D00FFE70399002081F83C0097
:105BE000FFE700208DF81300FFE79DF8130005B0D4
:105BF0007047000080B582B00090009820B9FFE7A0
:105C000001208DF807003FE0009890F83D0040B972
:105C1000FFE70099002081F83C00009800F038F878
:105C2000FFE70099022081F83D00009951F8040B2C
:105C300003F004FD0099012081F84600FFE7009978
:105C4000012081F83E00009981F83F00009981F819
:105C50004000009981F84100FFE7FFE7009901202B
:105C600081F84200009981F84300009981F84400CE
:105C7000009981F84500FFE70099012081F83D0077
:105C800000208DF80700FFE79DF8070002B080BDF7
:105C900080B58AB00990099800680021C4F201011A
:105CA000884212D1FFE7FFE70020089043F6440046
:105CB000C4F20200016841F001010160006800F0D7
:105CC000010008900898FFE79DE00998006840F2FD
:105CD0000041C4F20001884212D1FFE7FFE7002033
:105CE000079043F64000C4F20200016841F002014F
:105CF0000160006800F0020007900798FFE781E06C
:105D00000998006840F60001C4F2000188421BD1E6
:105D1000FFE7FFE70020069043F64000C4F20200D0
:105D2000016841F004010160006800F00400069081
:105D30000698FFE71E20029001210022FDF7FCFAE1
:105D40000298FDF7EFFA5CE00998006840F6004120
:105D5000C4F2000188421BD1FFE7FFE70020059055
:105D600043F64000C4F20200016841F008010160FE
:105D7000006800F0080005900598FFE732200190C8
:105D800001210022FDF7D8FA0198FDF7CBFA37E0A0
:105D90000998006840F20041C4F20101884212D122
:105DA000FFE7FFE70020049043F64400C4F202003E
:105DB000016841F002010160006800F002000490F7
:105DC0000498FFE71BE00998006844F20041C4F220
:105DD0000101884212D1FFE7FFE70020039043F65C
:105DE0004400C4F20200016841F40031016000681F
:105DF00000F4003003900398FFE7FFE7FFE7FFE7B9
:105E0000FFE7FFE7FFE70AB080BD000083B0019025
:105E1000019890F83D00012804D0FFE701208DF89B
:105E20000B006AE00199022081F83D0001980168A9
:105E3000C86840F00100C860019800680021C4F201
:105E4000010188423CD0FFE701980068B0F1804F23
:105E500036D0FFE70198006840F20041C4F200012B
:105E600088422DD0FFE70198006840F60001C4F297
:105E70000001884224D0FFE70198006840F6004105
:105E8000C4F2000188421BD0FFE70198006840F28D
:105E90000041C4F20101884212D0FFE70198006876
:105EA00044F20001C4F20101884209D0FFE70198E1
:105EB000006841F60001C4F20001884212D1FFE7F8
:105EC00001980068806800F007000090009806289C
:105ED00007D0FFE701980168086840F001000860FA
:105EE000FFE706E001980168086840F001000860DB
:105EF000FFE700208DF80B00FFE79DF80B0003B0D3
:105F00007047000080B586B00490039100208DF8A2
:105F10000B00FFE7049890F83C00012804D1FFE74C
:105F200002208DF81700ABE00499012081F83C00B5
:105F3000FFE7FFE70499022081F83D00049800681C
:105F400080680190019820F077000190019820F47A
:105F50007F4001900198049909688860039800685F
:105F60000090002872D0FFE7009810286ED0FFE75D
:105F7000009820286AD0FFE70098302866D0FFE715
:105F80000098402855D0FFE70098502837D0FFE709
:105F90000098602840D0FFE7009870280BD0FFE7FA
:105FA0000098B0F5805F05D0FFE70098B0F5005F7E
:105FB00016D052E055E004980068039B5A6899682F
:105FC000DB6803F09DFC04980068806801900198EC
:105FD00040F077000190019804990968886040E0DA
:105FE00004980068039B5A689968DB6803F088FC92
:105FF00004980168886840F48040886031E0049823
:106000000068039A5168D26803F070FF0498006832
:10601000502103F08FFC24E004980068039A516833
:10602000D26803F08BFF04980068602103F082FCC3
:1060300017E004980068039A5168D26803F056FF8D
:1060400004980068402103F075FC0AE00498006899
:106050000399096803F06EFC03E001208DF80B0042
:10606000FFE70499012081F83D00FFE70499002033
:1060700081F83C00FFE79DF80B008DF81700FFE763
:106080009DF8170006B080BD81B0009001B0704748
:1060900080B584B0039003980068C06802900398AC
:1060A0000068006901909DF804008007002824D54D
:1060B000FFE79DF80800800700281DD5FFE703983B
:1060C00001686FF0020008610399012008770398C6
:1060D00000688069800720B1FFE70398FFF7D4FFCD
:1060E00006E0039800F044F9039800F039FAFFE75E
:1060F000039900200877FFE7FFE79DF804004007B9
:10610000002825D5FFE79DF80800400700281ED588
:10611000FFE7039801686FF004000861039902200B
:10612000087703980068806910F4407F04D0FFE787
:106130000398FFF7A9FF06E0039800F019F9039808
:1061400000F00EFAFFE7039900200877FFE7FFE76A
:106150009DF804000007002824D5FFE79DF80800FB
:10616000000700281DD5FFE7039801686FF00800BD
:10617000086103990420087703980068C0698007C4
:1061800020B1FFE70398FFF77FFF06E0039800F0D8
:10619000EFF8039800F0E4F9FFE70399002008778F
:1061A000FFE7FFE79DF80400C006002825D5FFE7BC
:1061B0009DF80800C00600281ED5FFE70398016877
:1061C0006FF01000086103990820087703980068B1
:1061D000C06910F4407F04D0FFE70398FFF754FF35
:1061E00006E0039800F0C4F8039800F0B9F9FFE75F
:1061F000039900200877FFE7FFE79DF80400C00738
:1062000078B1FFE79DF80800C00748B1FFE70398A1
:1062100001686FF001000861039800F08BFAFFE756
:10622000FFE79DF804000006002810D5FFE79DF861
:1062300008000006002809D5FFE7039801686FF001
:10624000800008610398FFF7E1FBFFE7FFE79DF897
:1062500004004006002810D5FFE79DF8080040061E
:10626000002809D5FFE7039801686FF04000086136
:10627000039800F04DFBFFE7FFE79DF80400800660
:10628000002810D5FFE79DF808008006002809D5F2
:10629000FFE7039801686FF0200008610398FFF79B
:1062A000B9FBFFE7FFE704B080BD000080B588B010
:1062B00007900020069005900490039002900798A4
:1062C000006840F20041C4F20101884222D1FFE798
:1062D000FFE70020019043F63000C4F2020001689D
:1062E00041F480710160006800F4807001900198B1
:1062F000FFE7C02002900220039000200490059048
:106300000320069042F20000C4F2020002A9FCF74A
:106310002BF82BE00798006844F20041C4F2010119
:10632000884222D1FFE7FFE70020009043F63000CB
:10633000C4F20200016841F020010160006800F031
:10634000200000900098FFE7402002900220039078
:106350000121049105900320069041F20040C4F20F
:10636000020002A9FCF700F8FFE7FFE708B080BDD4
:1063700081B0009001B0704780B586B00490039161
:10638000029200208DF80700FFE7049890F83C0087
:10639000012804D1FFE702208DF8170089E0049955
:1063A000012081F83C00FFE7FFE7029800900C28ED
:1063B00000F270800099DFE801F0076D6D6D206DCF
:1063C0006D6D3A6D6D6D530004980068039903F08C
:1063D000D1FB04980168886940F00800886104983E
:1063E0000168886920F004008861039802690498B4
:1063F000016888691043886150E004980068039937
:1064000003F02EFC04980168886940F400608861FC
:1064100004980168886920F48060886103980269A3
:1064200004980168886940EA0220886136E004988F
:106430000068039903F08EFC04980168C86940F075
:106440000800C86104980168C86920F00400C861A8
:106450000398026904980168C8691043C8611DE087
:1064600004980068039903F0EFFC04980168C86978
:1064700040F40060C86104980168C86920F4806035
:10648000C8610398026904980168C86940EA02205B
:10649000C86103E001208DF80700FFE7FFE70499DA
:1064A000002081F83C00FFE79DF807008DF81700F9
:1064B000FFE79DF8170006B080BD000080B582B0F0
:1064C0000090009820B9FFE701208DF807003FE019
:1064D000009890F83D0040B9FFE70099002081F84E
:1064E0003C00009800F038F8FFE70099022081F89E
:1064F0003D00009951F8040B03F0A0F80099012029
:1065000081F84600FFE70099012081F83E000099DC
:1065100081F83F00009981F84000009981F841001E
:10652000FFE7FFE70099012081F84200009981F818
:106530004300009981F84400009981F84500FFE785
:106540000099012081F83D0000208DF80700FFE749
:106550009DF8070002B080BD81B0009001B0704787
:1065600081B0009001B0704780B58CB00A9009915D
:10657000099828B9FFE70A9890F83E0007901CE0B8
:106580000998042805D1FFE70A9890F83F00069083
:1065900010E00998082805D1FFE70A9890F8400014
:1065A000059004E00A9890F841000590FFE70598EF
:1065B0000690FFE706980790FFE70798012804D0A8
:1065C000FFE701208DF82F00AFE0099828B9FFE719
:1065D0000A99022081F83E001EE00998042806D19D
:1065E000FFE70A99022081F83F00049012E0099821
:1065F000082806D1FFE70A99022081F8400003909D
:1066000005E00A99022081F841000390FFE7039812
:106610000490FFE70498FFE70A98006809990122AF
:10662000019203F051F901980A9909680022C4F215
:106630000102914202900CD0FFE70A9800684FF6E1
:106640000041CBF6FE710844B0FA80F04009029098
:10665000FFE70298C00738B1FFE70A980168486C65
:1066600040F400404864FFE70A9800680021C4F243
:10667000010188423CD0FFE70A980068B0F1804FE2
:1066800036D0FFE70A98006840F20041C4F20001EA
:1066900088422DD0FFE70A98006840F60001C4F256
:1066A0000001884224D0FFE70A98006840F60041C4
:1066B000C4F2000188421BD0FFE70A98006840F24C
:1066C0000041C4F20101884212D0FFE70A98006835
:1066D00044F20001C4F20101884209D0FFE70A98A0
:1066E000006841F60001C4F20001884212D1FFE7C0
:1066F0000A980068806800F007000890089806284B
:1067000007D0FFE70A980168086840F001000860B8
:10671000FFE706E00A980168086840F00100086099
:10672000FFE700208DF82F00FFE79DF82F000CB049
:1067300080BD000080B582B0019001980068002102
:10674000C4F20101884207D1FFE742F2EC30C2F205
:10675000000040688047D9E001980068B0F1804FA0
:1067600007D1FFE742F2F430C2F2000040688047F0
:10677000CBE00198006840F20041C4F20001884279
:1067800007D1FFE742F2FC30C2F2000040688047C8
:10679000BAE00198006840F60001C4F200018842A6
:1067A00007D1FFE742F20440C2F200004068804790
:1067B000A9E00198006840F60041C4F20001884257
:1067C00007D1FFE742F20C40C2F200004068804768
:1067D00098E00198006841F20001C4F2000188428B
:1067E00007D1FFE742F21440C2F200004068804740
:1067F00087E00198006841F20041C4F2000188423C
:1068000007D1FFE742F21C40C2F200004068804717
:1068100076E00198006840F20041C4F2010188422C
:1068200007D1FFE742F22440C2F2000040688047EF
:1068300065E00198006844F20001C4F20101884259
:1068400007D1FFE742F22C40C2F2000040688047C7
:1068500054E00198006844F20041C4F2010188420A
:1068600007D1FFE742F2C430C2F20000406880471F
:1068700043E00198006844F60001C4F20101884237
:1068800007D1FFE742F2CC30C2F2000040688047F7
:1068900032E00198006841F60001C4F2000188422C
:1068A00007D1FFE742F2D430C2F2000040688047CF
:1068B00021E00198006841F60041C4F200018842DD
:1068C00007D1FFE742F2DC30C2F2000040688047A7
:1068D00010E00198006842F20001C4F20001884211
:1068E00007D1FFE742F2E430C2F20000406880477F
:1068F000FFE7FFE7FFE7FFE7FFE7FFE7FFE7FFE768
:10690000FFE7FFE7FFE7FFE7FFE7FFE702B080BD34
:1069100081B0009001B0704780B586B004900391BB
:10692000ADF80A20049890F8420020284DD1FFE7E6
:10693000039820B1FFE7BDF80A0020B9FFE7012066
:106940008DF8170045E004990120086304990020A0
:10695000486304980399BDF80A2003F06DFF8DF891
:1069600009009DF8090058BBFFE70498006B012857
:1069700021D1FFE7FFE7002001900498006800683C
:10698000019004980068406801900198FFE7FFE7D4
:10699000FFE70498006850E8030F40F010000090F3
:1069A000FFE700990498026842E803100028F0D13C
:1069B000FFE7FFE703E001208DF80900FFE7FFE7AD
:1069C0009DF809008DF8170003E002208DF81700EC
:1069D000FFE79DF8170006B080BD000080B58EB0BF
:1069E0000D90ADF832100D98006841F20001C4F22C
:1069F0000101884218D1FFE7BDF8321042F234405D
:106A0000C2F200000A90A0F80811D0F80C21BDF8DD
:106A1000321084300B9090470A9A0B990D98B2F877
:106A20000421FFF779FFA9E00D98006844F20041C6
:106A3000C4F20001884218D1FFE7BDF8321042F2DB
:106A40004450C2F200000890A0F80811D0F80C21C0
:106A5000BDF83210843009909047089A09990D9832
:106A6000B2F80421FFF758FF87E00D98006844F65C
:106A70000001C4F20001884218D1FFE7BDF83210CE
:106A800042F25460C2F200000690A0F80811D0F85B
:106A90000C21BDF83210843007909047069A079970
:106AA0000D98B2F80421FFF737FF65E00D980068F4
:106AB00044F60041C4F20001884218D1FFE7BDF856
:106AC000321042F26470C2F200000490A0F8081183
:106AD000D0F80C21BDF83210843005909047049A0C
:106AE00005990D98B2F80421FFF716FF43E00D98C1
:106AF000006845F20001C4F20001884218D1FFE7A6
:106B0000BDF8321042F67400C2F200000290A0F804
:106B10000811D0F80C21BDF8321084300390904752
:106B2000029A03990D98B2F80421FFF7F5FE21E0CF
:106B30000D98006841F20041C4F20101884218D169
:106B4000FFE7BDF8321042F68410C2F20000009058
:106B5000A0F80811D0F80C21BDF832108430019053
:106B60009047009A01990D98B2F80421FFF7D4FEDE
:106B7000FFE7FFE7FFE7FFE7FFE7FFE70EB080BDB6
:106B800080B584B0039000200290039800684069AB
:106B9000C0B2C0090290039890F84100212823D187
:106BA000FFE7029800B3FFE7FFE7FFE703980068FD
:106BB00050E8050F20F080000190FFE7019903984D
:106BC000026842E805100028F0D1FFE7FFE70398CC
:106BD000806B28B1FFE70398806BFBF73FF8FFE776
:106BE000039803F0EFFBFFE7039800684069C0F3E8
:106BF00080100290039890F84200222823D1FFE7EA
:106C0000029800B3FFE7FFE7FFE70398006850E84A
:106C1000050F20F040000090FFE7009903980268FC
:106C200042E805100028F0D1FFE7FFE70398C06BAA
:106C300028B1FFE70398C06BFBF710F8FFE7039854
:106C400003F062FBFFE7002004B080BD81B000903C
:106C500001B0704780B592B011901198006800683B
:106C6000109011980068C0680F90119800684069F2
:106C70000E9000200D900C90109800F00F000D90D9
:106C80000D9888B9FFE79DF84000800600280AD5D6
:106C9000FFE79DF83C008006002804D5FFE7119827
:106CA00003F068FCEAE1FFE70D98002800F0C280DD
:106CB000FFE79DF83800C00738B9FFE7BDF83C0092
:106CC00010F4907F00F0B680FFE79DF84000C00709
:106CD00058B1FFE79DF83D00C00730B1FFE71199BB
:106CE000486C40F001004864FFE79DF84000400711
:106CF00000280BD5FFE79DF83800C00730B1FFE74B
:106D00001199486C40F002004864FFE79DF840008C
:106D1000800700280BD5FFE79DF83800C00730B189
:106D2000FFE71199486C40F004004864FFE79DF8C4
:106D300040000007002811D5FFE79DF83C008006C1
:106D4000002805D4FFE79DF83800C00730B1FFE701
:106D50001199486C40F008004864FFE71198406CB6
:106D6000002866D0FFE79DF84000800600280AD57D
:106D7000FFE79DF83C008006002804D5FFE7119846
:106D800003F0F8FBFFE7119800684069C0F380103A
:106D90000C901198406C0007002804D4FFE70C9871
:106DA00000283ED0FFE7119803F0AEFA1198006872
:106DB0004069400600282FD5FFE7FFE7FFE711985D
:106DC000006850E8050F20F040000B90FFE70B999A
:106DD0001198026842E805100028F0D1FFE7FFE7AC
:106DE0001198C06B98B1FFE71198C16B4AF2B100DE
:106DF000C0F6000008651198C06BFAF7A5FF28B12E
:106E0000FFE71198C06B016D8847FFE703E0119819
:106E1000FFF71CFFFFE703E01198FFF717FFFFE7FD
:106E200006E01198FFF712FF119900204864FFE770
:106E3000FFE723E11198006B012840F0FF80FFE796
:106E40009DF84000C006002840F1F880FFE79DF85B
:106E50003C00C006002840F1F180FFE7FFE700207A
:106E60000A901198006800680A90119800684068BC
:106E70000A900A98FFE711980068406940060028C8
:106E800040F18280FFE71198C06B00684068ADF860
:106E90002600BDF82600002875D0FFE7BDF82600C3
:106EA0001199898D88426EDAFFE7BDF826001199A5
:106EB000C8851198C06BC069B0F5807F58D0FFE7D6
:106EC000FFE7FFE71198006850E8030F20F4807097
:106ED0000890FFE708991198026842E8031000281B
:106EE000F0D1FFE7FFE7FFE7FFE71198006850E800
:106EF000050F20F001000790FFE70799119802683D
:106F000042E805100028F0D1FFE7FFE7FFE7FFE7C1
:106F10001198006850E8050F20F040000690FFE748
:106F200006991198026842E805100028F0D1FFE7A1
:106F3000FFE71199202081F8420011990020086391
:106F4000FFE7FFE71198006850E8030F20F01000FA
:106F50000590FFE705991198026842E803100028A0
:106F6000F0D1FFE7FFE71198C06BFAF777FEFFE774
:106F70001199022048631198818DC28D891A89B2B6
:106F8000FFF72CFDFFE779E01199888DC98D401A34
:106F9000ADF812001198C08D00284ED0FFE7BDF863
:106FA0001200002849D0FFE7FFE7FFE711980068CB
:106FB00050E8030F20F490700390FFE703991198B5
:106FC000026842E803100028F0D1FFE7FFE7FFE77F
:106FD000FFE71198006850E8050F20F001000290CB
:106FE000FFE702991198026842E805100028F0D1E5
:106FF000FFE7FFE71199202081F842001199002056
:107000000863FFE7FFE71198006850E8030F20F0DE
:1070100010000190FFE701991198026842E80310FF
:107020000028F0D1FFE7FFE711990220486311988B
:10703000BDF81210FFF7D2FCFFE71FE09DF84000FB
:10704000000600280AD5FFE79DF83C00000600284E
:1070500004D5FFE7119803F075FC0FE09DF84000A0
:10706000400600280AD5FFE79DF83C0040060028AE
:1070700004D5FFE7119803F091F9FFE712B080BD46
:1070800080B582B00090009820B9FFE701208DF80C
:10709000070040E00098806908B1FFE700E0FFE7E3
:1070A000009890F8410040B9FFE70099002081F86E
:1070B0004000009800F034F8FFE70099242081F8A0
:1070C000410000980168C86820F40050C86000982A
:1070D00003F014FB00980168086920F490400861EF
:1070E00000980168486920F02A004861009801680A
:1070F000C86840F40050C860009900204864009AB5
:10710000202182F84110009A82F8421000994863C9
:107110008DF80700FFE79DF8070002B080BD000072
:1071200080B59EB01D9000201C901B901A90199065
:1071300018901D98006841F20001C4F201018842D4
:1071400040F09880FFE7FFE70020179043F64400E7
:10715000C4F20200016841F010010160006800F013
:10716000100017901798FFE7FFE70020169043F6EE
:107170003000C4F20200016841F0020101600068C1
:1071800000F0020016901698FFE7FFE70020159028
:1071900043F63000C4F20200016841F001010160D1
:1071A000006800F0010015901598FFE78020189006
:1071B00002200B90199000200F901A9003200E903F
:1071C0001B9007200C901C9040F20040C4F202007B
:1071D00018A90D91FBF7C8F8DDF82CC00C980D9993
:1071E0000E9A0F9B4FF4007ECDF860E0CDF864C09E
:1071F0001A931B921C900020C4F20200FBF7B4F813
:107200000E9A0F9944F25840C2F20000109046F2D4
:107210008843C4F2020303604FF00063436081605F
:10722000C1604FF48063036141618161C1614FF4CA
:1072300080330362042343628262C1620163FAF70E
:1072400035FF18B1FFE7F9F77DFDFFE7FFE71D9870
:1072500044F25841C2F20001C1631D988863FFE700
:1072600025200A9000221146FCF766F80A98FCF7E0
:1072700059F820E11D98006844F60001C4F20001AD
:10728000884270D1FFE7FFE70020149043F64000EA
:10729000C4F20200016841F480210160006800F43A
:1072A000802014901498FFE7FFE70020139043F626
:1072B0003000C4F20200016841F00401016000687E
:1072C00000F0040013901398FFE74FF4406018900B
:1072D00002201990002008901A90032007901B901C
:1072E00007201C9040F60000C4F2020018A9FBF72A
:1072F0003BF8079A089944F2B840C2F2000009909E
:1073000046F22803C4F2020303604FF000634360B7
:107310008160C1604FF48063036141618161C1613B
:107320004FF400330362042343628262C16201634B
:10733000FAF7BCFE18B1FFE7F9F704FDFFE7FFE736
:107340001D9844F2B841C2F20001C1631D988863E0
:10735000FFE72720069000221146FBF7EDFF069875
:10736000FBF7E0FFA6E01D98006841F20041C4F27F
:107370000101884240F09D80FFE7FFE70020129066
:1073800043F64400C4F20200016841F020010160AC
:10739000006800F0200012901298FFE7FFE700203D
:1073A000119043F63000C4F20200016841F0400140
:1073B0000160006800F0400011901198FFE74FF461
:1073C0008440189002201990002004901A90032005
:1073D00003901B9008201C9041F60000C4F20200AC
:1073E00018A9FAF7C1FF039A049944F21850C2F29F
:1073F0000000059046F22843C4F2020303604FF0F8
:10740000206343608160C1604FF480630361416128
:107410008161C1614FF4403303620423436282629D
:10742000C1620163FAF742FE18B1FFE7F9F78AFC7F
:10743000FFE7FFE71D9844F21851C2F20001C16353
:107440001D988863FFE744F27850C2F20000029072
:1074500046F2A041C4F2020101604FF02061416098
:10746000402181600021C1604FF48062026141616E
:107470008161C1614FF4803202624162FAF716FE07
:1074800018B1FFE7F9F75EFCFFE7FFE71D9844F24C
:107490007851C2F2000181631D988863FFE747209D
:1074A000019005210022FBF747FF0198FBF73AFF07
:1074B000FFE7FFE7FFE71EB080BD000081B000904E
:1074C00001B0704781B0009001B0704780B586B0C0
:1074D00004900391ADF80A20049890F84100202808
:1074E0005DD1FFE7039820B1FFE7BDF80A0020B99E
:1074F000FFE701208DF8170055E003980499086212
:10750000BDF80A0004998884BDF80A000499C8846B
:10751000049900204864049A212182F841100499BA
:107520008A6B4AF27521C0F60001D16304998A6B17
:107530004AF2F121C0F60001116404998A6B4AF203
:10754000D101C0F60001D1640499896B086503A8D4
:10755000019004980268806B019909680432BDF8B3
:107560000A30FAF75BFE049801686FF0400008608B
:10757000FFE7FFE70498006850E8050F40F080003F
:107580000090FFE700990498026842E8051000287F
:10759000F0D1FFE7FFE700208DF8170003E002209D
:1075A0008DF81700FFE79DF8170006B080BD0000BA
:1075B00081B0009001B0704781B0009001B0704779
:1075C000FFE7FEE782B0009000980068406900F491
:1075D00080610120B0EB912F1ED1FFE70098016878
:1075E0006FF480604861009900200863009A2021B0
:1075F00082F83D10009981F83E000099086C40F037
:1076000004000864FFE70099002081F83C00FFE7D0
:1076100001208DF8070003E000208DF80700FFE748
:107620009DF8070002B0704780B586B0DDF824C031
:10763000DDF820C00490ADF80E10ADF80C20ADF8C8
:107640000A3004980168086840F480600860049873
:107650000168086840F4807008600498089B0999E4
:107660006A4611604FF00111002200F0C3F980B1A9
:10767000FFE7049800680068C005002805D5FFE70B
:1076800004994FF400700864FFE703208DF8170099
:10769000B7E0BDF80E0000F0FE000499096808612B
:1076A0000498089A099B0221C0F2010100F026FA11
:1076B00020B1FFE701208DF81700A2E0FFE70020CE
:1076C00001900498006840690190049800688069FE
:1076D00001900198FFE704980899099A00F026FBA9
:1076E00080B1FFE70498006C042807D1FFE70498F5
:1076F0000168086840F400700860FFE701208DF819
:1077000017007EE0BDF80A00012806D1FFE79DF8CA
:107710000C0004990968086121E09DF80D000499A6
:107720000968086104980899099A00F0FFFA80B185
:10773000FFE70498006C042807D1FFE7049801686C
:10774000086840F400700860FFE701208DF817001A
:1077500057E09DF80C00049909680861FFE7049858
:107760000899099A00F0E2FA80B1FFE70498006CEA
:10777000042807D1FFE704980168086840F4007006
:107780000860FFE701208DF817003AE004980168CF
:10779000086840F4807008600498089B09996A465C
:1077A00011604FF00111002200F024F980B1FFE7D1
:1077B000049800680068C005002805D5FFE7049913
:1077C0004FF400700864FFE703208DF8170018E0FD
:1077D0009DF80E0040F001000499096808610498C2
:1077E000089A099B0221C0F2010100F087F920B13B
:1077F000FFE701208DF8170003E000208DF8170047
:10780000FFE79DF8170006B080BD000080B586B088
:10781000DDF824C0DDF820C00490ADF80E10ADF8FE
:107820000C20ADF80A3004980168086840F48070B4
:1078300008600498089B09996A4611604FF001118D
:10784000002200F0D7F880B1FFE7049800680068D4
:10785000C005002805D5FFE704994FF400700864BF
:10786000FFE703208DF8170069E0BDF80E0000F077
:10787000FE000499096808610498089A099B02218E
:10788000C0F2010100F03AF920B1FFE701208DF8C4
:10789000170054E0FFE70020019004980068406959
:1078A000019004980068806901900198FFE70498AE
:1078B0000899099A00F03AFA80B1FFE70498006C41
:1078C000042807D1FFE704980168086840F40070B5
:1078D0000860FFE701208DF8170030E0BDF80A00CE
:1078E000012806D1FFE79DF80C000499096808619A
:1078F00021E09DF80D000499096808610498089931
:10790000099A00F013FA80B1FFE70498006C04288C
:1079100007D1FFE704980168086840F40070086028
:10792000FFE701208DF8170009E09DF80C0004998D
:1079300009680861FFE700208DF81700FFE79DF850
:10794000170006B080BD000080B584B002900191A0
:107950000092FFE702980068406900F004010020EF
:10796000B0EB910F3ED1FFE70298FFF72BFE20B15D
:10797000FFE701208DF80F0038E00198013080B357
:10798000FFE7FAF7F9FE0099401A0199884203D8F7
:10799000FFE7019820BBFFE702980068406900F00C
:1079A00004010020B0EB910F19D1FFE702990020EC
:1079B0000863029A202182F83D10029981F83E0066
:1079C0000299086C40F020000864FFE7029900204B
:1079D00081F83C00FFE701208DF80F0006E0FFE78B
:1079E000FFE7B7E700208DF80F00FFE79DF80F00D5
:1079F00004B080BD80B588B0DDF828C00690059140
:107A00008DF813200393FFE79DF8160001280CD191
:107A1000FFE7069800684069BDF814100840401A56
:107A2000B0FA80F0400902900BE006980068806987
:107A3000BDF814100840401AB0FA80F040090290D6
:107A4000FFE702989DF8131088424FD1FFE7039893
:107A50000130002849D0FFE7FAF78EFE0A99401A54
:107A60000399884203D8FFE70398E8BBFFE79DF836
:107A7000160001280CD1FFE7069800684069BDF8A0
:107A800014100840401AB0FA80F0400901900BE051
:107A9000069800688069BDF814100840401AB0FAD2
:107AA00080F040090190FFE701989DF8131088428B
:107AB00019D1FFE7069900200863069A202182F871
:107AC0003D10069981F83E000699086C40F02000B0
:107AD0000864FFE70699002081F83C00FFE70120D9
:107AE0008DF81F0006E0FFE7FFE78DE700208DF827
:107AF0001F00FFE79DF81F0008B080BD80B588B06B
:107B00000690059104920393FFE79DF81600012863
:107B10000CD1FFE7069800684069BDF814100840D2
:107B2000401AB0FA80F0400902900BE00698006815
:107B30008069BDF814100840401AB0FA80F040097E
:107B40000290FFE7029800287AD1FFE706980068C4
:107B5000406900F480610120B0EB912F24D1FFE750
:107B600006980168086840F400700860069801688B
:107B70006FF480604861069900200863069A20210E
:107B800082F83D10069981F83E000699086C40F095
:107B900004000864FFE70699002081F83C00FFE735
:107BA00001208DF81F004FE004980130002846D0D6
:107BB000FFE7FAF7E1FD0399401A0499884203D8D8
:107BC000FFE70498D0BBFFE79DF8160001280CD111
:107BD000FFE7069800684069BDF814100840401A95
:107BE000B0FA80F0400901900BE0069800688069C7
:107BF000BDF814100840401AB0FA80F04009019016
:107C0000FFE70198C8B9FFE7069900200863069AC4
:107C1000202182F83D10069981F83E000699086CF3
:107C200040F020000864FFE70699002081F83C003E
:107C3000FFE701208DF81F0006E0FFE7FFE764E79C
:107C400000208DF81F00FFE79DF81F0008B080BDE1
:107C500080B584B0029001910092FFE7029800681D
:107C6000406900F040010020B0EB911F56D1FFE7C2
:107C700002980068406900F010010120B0EB111F6C
:107C80001CD1FFE7029801686FF01000486102996B
:107C900000200863029A202182F83D10029981F8A1
:107CA0003E000299086C0864FFE70299002081F801
:107CB0003C00FFE701208DF80F0033E0FAF75CFD90
:107CC0000099401A0199884203D8FFE7019820BB28
:107CD000FFE702980068406900F040010020B0EB27
:107CE000911F19D1FFE7029900200863029A202111
:107CF00082F83D10029981F83E000299086C40F02C
:107D000020000864FFE70299002081F83C00FFE7AB
:107D100001208DF80F0005E0FFE79FE700208DF8B8
:107D20000F00FFE79DF80F0004B080BD80B584B060
:107D3000029001910092FFE7029800684069C1B289
:107D40000020B0EBD11F3DD1FFE70298FFF73AFCCE
:107D500020B1FFE701208DF80F0037E001980130D6
:107D600078B3FFE7FAF708FD0099401A01998842B5
:107D700003D8FFE7019818BBFFE702980068406945
:107D8000C1B20020B0EBD11F19D1FFE7029900204A
:107D90000863029A202182F83D10029981F83E0082
:107DA0000299086C40F020000864FFE70299002067
:107DB00081F83C00FFE701208DF80F0006E0FFE7A7
:107DC000FFE7B9E700208DF80F00FFE79DF80F00EF
:107DD00004B080BD82B0019000910198006845F226
:107DE0000041C4F20001884209D1FFE7019840F246
:107DF0003041C2F2000108600098086125E0019856
:107E0000006845F60001C4F20001884209D1FFE78D
:107E1000019840F24441C2F20001086000980861F4
:107E200012E00198006845F60041C4F20001884262
:107E300009D1FFE7019840F25841C2F20001086001
:107E400000980861FFE7FFE7FFE702B07047000016
:107E5000B0B588B08C4686460F980E990D990C9C4B
:107E6000CDF818E0ADF816C0ADF81420ADF812301A
:107E7000ADF810108DF80F000698006845F200412B
:107E8000C4F20001884243D1FFE7BDF8160040F27A
:107E90003041C2F200018880BDF81400C880BDF8EE
:107EA000120008810C98C8609DF80F00C0B9FFE768
:107EB0000698BDF81610BDF81420BDF81230DDF894
:107EC00030C0BDF810400E9DEE46CEF80850CEF8FA
:107ED0000440CEF800C0FAF7A7FD8DF81F00B0E00F
:107EE0000698BDF81610BDF81420BDF81230DDF864
:107EF00030C0BDF810400E9DEE46CEF80850CEF8CA
:107F00000440CEF800C0FAF7B3FF8DF81F0098E0E8
:107F10000698006845F60001C4F20001884243D18A
:107F2000FFE7BDF8160040F24441C2F2000188802C
:107F3000BDF81400C880BDF8120008810C98C86014
:107F40009DF80F00C0B9FFE70698BDF81610BDF800
:107F50001420BDF81230DDF830C0BDF810400E9D81
:107F6000EE46CEF80850CEF80440CEF800C0FAF73E
:107F70005BFD8DF81F0064E00698BDF81610BDF893
:107F80001420BDF81230DDF830C0BDF810400E9D51
:107F9000EE46CEF80850CEF80440CEF800C0FAF70E
:107FA00067FF8DF81F004CE00698006845F6004119
:107FB000C4F20001884243D1FFE7BDF8160040F249
:107FC0005841C2F200018880BDF81400C880BDF895
:107FD000120008810C98C8609DF80F00C0B9FFE737
:107FE0000698BDF81610BDF81420BDF81230DDF863
:107FF00030C0BDF810400E9DEE46CEF80850CEF8C9
:108000000440CEF800C0FAF70FFD8DF81F0018E00D
:108010000698BDF81610BDF81420BDF81230DDF832
:1080200030C0BDF810400E9DEE46CEF80850CEF898
:108030000440CEF800C0FAF71BFF8DF81F0000E0E7
:10804000FEDE9DF81F0008B0B0BD000083B00290B6
:1080500001918DF8032000208DF802008DF80200B8
:10806000FFE79DF802009DF80310884229DAFFE738
:108070000298000F092809D8FFE70298000F303056
:1080800001999DF8022001F8120009E002993720B9
:1080900000EB117001999DF8022001F81200FFE732
:1080A00002980001029001989DF8021000EB410136
:1080B00000204870FFE79DF8020001308DF80200B3
:1080C000CFE703B07047000080B582B044F288204B
:1080D000C2F20000019046F20041C4F200010160CA
:1080E0000321416000218160C1604FF4C022026120
:1080F0004FF4A00242610176012242768276C17677
:1081000001774177F9F700FB18B1FFE7F8F71AFE9E
:10811000FFE702B080BD000080B582B044F2B0201D
:10812000C2F20000019046F60001C4F200010160B5
:108130000321416000218160C1604FF4802202610F
:108140004FF4E00242610176012242768276C176E6
:1081500001774177F9F7D8FA18B1FFE7F8F7F2FDA0
:10816000FFE702B080BD000080B58CB0FFE70020C3
:108170000B9043F63000C4F20200016841F4001194
:108180000160006800F400100B900B98FFE7FFE718
:1081900000200A9043F63000C4F20200016841F466
:1081A00080010160006800F480000A900A98FFE7EF
:1081B0000C200090002208921146FBF7BDF80098B1
:1081C000FBF7B0F8089A0D2001901146FBF7B4F8C0
:1081D0000198FBF7A7F8089A0F2002901146FBF7C9
:1081E000ABF80298FBF79EF8089A39200390052116
:1081F0000791FBF7A1F80398FBF794F80799089A01
:108200003A200490FBF798F80498FBF78BF8089A4B
:108210003B2005901146FBF78FF80598FBF782F895
:10822000089A442006901146FBF786F80698FBF75B
:1082300079F80799089A45200990FBF77DF8099885
:10824000FBF770F80CB080BD80B5A0B000201F9087
:108250001E901D901C901B90FFE700201A9043F683
:108260003000C4F20200016841F0020101600068C0
:1082700000F002001A901A98FFE7FFE7002019901B
:1082800043F63000C4F20200016841F04001016091
:10829000006800F0400019901998FFE7FFE7002000
:1082A000189043F63000C4F20200016841F0010169
:1082B0000160006800F0010018901898FFE7FFE7E0
:1082C0000020179043F63000C4F20200016841F02C
:1082D00008010160006800F0080017901798FFE798
:1082E000FFE70020169043F63000C4F20200016858
:1082F00041F004010160006800F004001690169837
:10830000FFE7FFE70020159043F63000C4F20200BB
:10831000016841F480710160006800F4807015907C
:108320001598FFE7FFE70020149043F63000C4F2F1
:108330000200016841F080010160006800F08000E7
:1083400014901498FFE7FFE70020139043F63000E5
:10835000C4F20200016841F020010160006800F0F1
:10836000200013901398FFE7FFE70020129043F6D8
:108370003000C4F20200016841F0100101600068A1
:1083800000F0100012901298FFE740F60000C4F2CF
:10839000020006904021019100221092FAF7D4F9D0
:1083A000019941F60000C4F20200029001220F92EE
:1083B000FAF7CAF90F9A0020C4F2020004901021C3
:1083C0000391FAF7C1F9109A41F20000C4F20200D9
:1083D00008904FF4D4410791FAF7B6F90F9A40F29A
:1083E0000040C4F2020009901146FAF7ADF9019B72
:1083F00006980F9A10991B931C921D911E911BA910
:108400000A91F9F7B1FF019B02980A990F9A1B9301
:108410001C921D921E92F9F7A7FF02980A990F9AD3
:1084200009230D931B934FF4041305931C931D9282
:10843000F9F79AFF039B04980A990F9A1B931C92D1
:108440001D9202220B921E92F9F78EFF059B069851
:108450000A990F9A4FF0300CCDF86CC01C931D9206
:10846000F9F782FFDDF81CC008980A990F9B109A53
:10847000CDF86CC01C931D921E92F9F775FF0998F8
:108480000A990B9A0F9B1B931C931D931E92F9F74D
:108490006BFF0B99109A06200C90FAF74DFF0C9881
:1084A000FAF740FF0D980F99109AFAF745FF0D98CB
:1084B000FAF738FF0F99109A0A200E90FAF73CFF4E
:1084C0000E98FAF72FFF0F99109A17201190FAF7CC
:1084D00033FF1198FAF726FF20B080BD80B582B037
:1084E00044F2D850C2F20000019045F60041C4F2B7
:1084F0000001016041F68021C0F2060141600021C7
:108500008160C1604FF48042026141618161C1615B
:108510000162FAF737F918B1FFE7F8F713FCFFE744
:1085200002B080BD80B582B044F61030C2F20000C7
:10853000019043F20001C4F2010101604FF4827125
:10854000416000218160C16002220261012242611A
:108550004FF4007282613822C2610162416281621D
:108560000A21C162FCF7B0FD18B1FFE7F8F7EAFB9A
:10857000FFE702B080BD000080B588B00021009107
:10858000079106910591049103910291019144F69E
:10859000B030C2F2000044F20042C4F201020260B4
:1085A0004160816041F28732C26001618161FDF703
:1085B00021FB18B1FFE7F8F7C5FBFFE744F6B03041
:1085C000C2F20000FDF77AFF18B1FFE7F8F7BAFB37
:1085D000FFE760200190002202920392059244F688
:1085E000B030C2F2000001A9FDF7C6FE18B1FFE7E6
:1085F000F8F7A8FBFFE744F6B030C2F20000FDF741
:1086000055FE08B080BD000080B588B00021009103
:1086100007910691059104910391029144F6683007
:10862000C2F2000001900022C4F201020260A722FF
:10863000426081606322C260016141618161FDF736
:10864000D9FA18B1FFE7F8F77DFBFFE74FF4805048
:10865000049044F66830C2F2000004A9FDF752FC11
:1086600018B1FFE7F8F76EFBFFE7002002900390D8
:1086700044F66830C2F2000002A9FDF729FA18B1E9
:10868000FFE7F8F75FFBFFE708B080BD80B588B073
:1086900000210191079106910591049103910291A6
:1086A00044F6F830C2F2000040F20042C4F2000288
:1086B000026053224260816040F2E732C260016191
:1086C0008161FDF797FA18B1FFE7F8F73BFBFFE789
:1086D0004FF48050049044F6F830C2F2000004A930
:1086E000FDF710FC18B1FFE7F8F72CFBFFE70020BF
:1086F0000290039044F6F830C2F2000002A9FDF7A0
:10870000E7F918B1FFE7F8F71DFBFFE708B080BDF8
:1087100080B588B0002101910791069105910491DF
:108720000391029144F64040C2F2000040F600027C
:10873000C4F20002026053224260816040F2E732DC
:10874000C26001618161FDF755FA18B1FFE7F8F7E2
:10875000F9FAFFE74FF48050049044F64040C2F22B
:10876000000004A9FDF7CEFB18B1FFE7F8F7EAFA1D
:10877000FFE700200290039044F64040C2F2000060
:1087800002A9FDF7A5F918B1FFE7F8F7DBFAFFE753
:1087900008B080BD80B588B0002101910791069195
:1087A000059104910391029144F68840C2F20000C1
:1087B00040F60042C4F2000202605322426081602F
:1087C00040F2E732C26001618161FDF713FA18B12E
:1087D000FFE7F8F7B7FAFFE74FF48050049044F64C
:1087E0008840C2F2000004A9FDF78CFB18B1FFE736
:1087F000F8F7A8FAFFE700200290039044F68840BB
:10880000C2F2000002A9FDF763F918B1FFE7F8F71B
:1088100099FAFFE708B080BD80B598B000210191BA
:108820001791169115911491139112911191109124
:108830000F910E910D910C910B910A910991089154
:108840000791069105910491039144F6D040C2F23C
:108850000000029040F20042C4F201020260A7222E
:108860004260816044F61F62C260016141618161C2
:10887000FDF7C0F918B1FFE7F8F764FAFFE74FF426
:108880008050149044F6D040C2F2000014A9FDF7C5
:1088900039FB18B1FFE7F8F755FAFFE744F6D04087
:1088A000C2F20000FDF70AFE18B1FFE7F8F74AFA36
:1088B000FFE700201290139044F6D040C2F200006F
:1088C00012A9FDF705F918B1FFE7F8F73BFAFFE742
:1088D00060200B9040F2DC500C9000200D900E9028
:1088E0000F901090119044F6D040C2F200000BA9F6
:1088F0000422FDF741FD18B1FFE7F8F723FAFFE77F
:1089000044F6D040C2F200000BA90822FDF734FD66
:1089100018B1FFE7F8F716FAFFE70020039004907C
:108920000590069007904FF4005108910A9044F684
:10893000D040C2F2000003A9FDF770F818B1FFE7BC
:10894000F8F700FAFFE744F6D040C2F20000FDF766
:10895000ADFC18B080BD000080B582B044F6185060
:10896000C2F20000019041F20001C4F20101016075
:108970004FF46121416000218160C16001610C22DE
:1089800042618161C161FEF77BFB18B1FFE7F8F737
:10899000D9F9FFE702B080BD80B582B044F66050DF
:1089A000C2F20000019044F60001C4F2000101602F
:1089B00048F2A061C0F2010141604FF48051816032
:1089C0000021C1604FF48062026104224261816132
:1089D000C161FEF755FB18B1FFE7F8F7B3F9FFE700
:1089E00002B080BD80B582B044F6A850C2F200004B
:1089F000019041F20041C4F2010101604FF4E13104
:108A0000416000218160C16001610C22426181618D
:108A1000C161FEF735FB18B1FFE7F8F793F9FFE7FF
:108A200002B080BD80B543F6AC70C2F2000040F2E7
:108A30002401C2F20001002203F0D6F818B1FFE7CA
:108A4000F8F780F9FFE743F6AC70C2F2000040F29D
:108A5000D401C2F2000103F0CBFD18B1FFE7F8F733
:108A600071F9FFE743F6AC70C2F2000040F27011FA
:108A7000C2F2000102F02AFB18B1FFE7F8F762F931
:108A8000FFE743F6AC70C2F2000003F03BFF18B101
:108A9000FFE7F8F757F9FFE780BD0000FFE7FEE7C3
:108AA000FFE7FEE788B0079006910592079800F06F
:108AB000070004900498C0F10700052803D3FFE7DE
:108AC0000420019004E00498C0F107000190FFE742
:108AD0000198039004980430062803D8FFE700208B
:108AE000009003E0049803380090FFE7009802909C
:108AF00006980399012202FA01F101390840029B0C
:108B0000984005999A40013A1140084308B07047CF
:108B100080B544F22C60C2F20000FAF719FF80BD64
:108B200080B586B00590049105980068039003987D
:108B300002900398006C01900298049900EB411098
:108B4000D0F8080B0090019843F20B01C4F6547161
:108B500088420FD3FFE79DF801000006002809D5E1
:108B6000FFE70298049900EB41114FF40040C1F86F
:108B7000080BFFE70598FBF709FD019843F20B018D
:108B8000C4F6547188420DD3FFE705988079012817
:108B900008D1FFE70599086801F29C42012104F021
:108BA000C9FCFFE7002006B080BD000080B588B09A
:108BB0000790069107980068049004980390049821
:108BC000006C02900398069900EB4110D0F8080B56
:108BD000019007988079012840F08180FFE79DF897
:108BE00004000007002818D5FFE7029843F20B01A4
:108BF000C4F6547188420FD3FFE79DF805000006C4
:108C0000002809D5FFE70398069900EB41114FF4BE
:108C10000040C1F8080BFFE760E09DF80400800603
:108C2000002808D5FFE70398069900EB41112020A2
:108C3000C1F8080B51E09DF8040010F0280F4AD14C
:108C4000FFE7029843F20B01C4F6547188420FD338
:108C5000FFE79DF805000006002809D5FFE7039807
:108C6000069900EB41114FF40040C1F8080B31E0C8
:108C70000798069901EBC10100EB810000F5157022
:108C800005900598006A0399069A01EB4211D1F804
:108C9000101B6FF3DF41401A05994861069898B997
:108CA000FFE70598006940B9FFE70799086801F2F6
:108CB0009C42012104F03EFC05E00599C8684A6920
:108CC0001044C860FFE7FFE707989DF81810FAF70F
:108CD000D3FBFFE700E0FFE7FFE7FFE747E002988D
:108CE00043F20A11C4F65471884224D1FFE79DF87B
:108CF00005000006002809D5FFE70398069900EB58
:108D000041114FF40040C1F8080B13E09DF8040036
:108D10008006002808D5FFE70398069900EB41116B
:108D20002020C1F8080BFFE707989DF81810FAF704
:108D3000A3FBFFE71AE0069890B9FFE707980699AA
:108D400001EBC10100EB8100D0F8640240B9FFE7FC
:108D50000799086801F29C42002104F0EBFBFFE751
:108D600007989DF81810FAF787FBFFE7FFE7002048
:108D700008B080BD80B58CB00A9009910A9800684F
:108D80000890089807900A98099901EBC10100EB37
:108D9000810014300690069801694069884204D920
:108DA000FFE701208DF82F0079E0069908694969ED
:108DB000401A0590059806998968884204D9FFE70A
:108DC000069880680590FFE70598033080080490B6
:108DD000FFE70798099900EB4110D0F8180981B214
:108DE000049A0020914202900FD3FFE7069802698F
:108DF000416900209142029007D2FFE7069800697E
:108E0000002818BF01200290FFE70298C00770B346
:108E1000FFE7069908694969401A0590059806997F
:108E20008968884204D9FFE7069880680590FFE7C3
:108E3000059803308008049008980699C9689DF841
:108E40002420BDF81430DDF828C09CF806C0EE469A
:108E5000CEF800C005F0ECF9059A0699C8681044F0
:108E6000C860059A0699486910444861B1E70699B7
:108E70000869496988420ED8FFE7099800F00F0198
:108E8000012088400390039A0799D1F83408904351
:108E9000C1F83408FFE700208DF82F00FFE79DF8A8
:108EA0002F000CB080BD00007047000080B582B07C
:108EB00001900198806B009000980168486820F04C
:108EC000030048600099486D40F010004865009923
:108ED000012081F851000098FCF7F2F802B080BD43
:108EE00080B582B001900198806B00900098FCF7EB
:108EF00045FA02B080BD000080B582B001900198B3
:108F0000806B00900098FCF775FD02B080BD0000FA
:108F100080B584B003900398806B0290F9F72CFC25
:108F2000019003980068006800F48070B0F5807FBD
:108F300039D0FFE702980168486820F020004860B7
:108F40000298806868B9FFE702984068B0F5827FB0
:108F500007D1FFE702980168486820F003004860E5
:108F600006E002980168486820F001004860FFE7C9
:108F70000298019A642100F061F820B1FFE702999C
:108F800020204865FFE702990020C8870299012048
:108F900081F851000298406D20B1FFE70298FCF77C
:108FA0008FF804E0FFE70298FCF7E4F9FFE704B06C
:108FB00080BD000080B584B003900398806B029060
:108FC000F9F7DAFB019003980068006800F48070FC
:108FD000B0F5807F2BD0FFE702980168486820F049
:108FE000200048600298019A642100F099F830B19D
:108FF000FFE70299486D40F020004865FFE70298BE
:109000000168486820F00300486002990020C88683
:109010000299C8870299012081F851000298406D99
:1090200020B1FFE70298FCF74BF804E0FFE7029855
:10903000FCF784FCFFE704B080BD000080B586B07B
:1090400004900391029204984068B0F5827F13D196
:10905000FFE704988068B0F5004F06D0FFE704985A
:109060008068B0F5806F07D1FFE704980168086851
:1090700020F040000860FFE704984068B0F5827F68
:1090800031D1FFE704988068B0F5806F15D0FFE715
:109090000498039B02996A4611608021002200F027
:1090A00073F948B1FFE70499486D40F02000486526
:1090B00003208DF817002FE014E00498039B029919
:1090C0006A4611600121002200F05EF948B1FFE715
:1090D0000499486D40F02000486503208DF8170082
:1090E0001AE0FFE714E00498039B02996A461160B6
:1090F0000121002200F048F948B1FFE70499486DCA
:1091000040F02000486503208DF8170004E0FFE7D9
:1091100000208DF81700FFE79DF8170006B080BD0E
:1091200080B586B00490039102920498039B029943
:109130006A4611600221012200F026F948B1FFE7DA
:109140000499486D40F02000486503208DF8170011
:1091500048E040F2D000C2F2000000684AF6AB21BD
:10916000CAF6AA21A0FB011000094FF2A171C1F2B9
:10917000C601A0FB0110000C4FF47A714843019026
:1091800004984068B0F5827F15D1FFE70498039BEF
:1091900002996A4611608021002200F0F5F848B17A
:1091A000FFE70499486D40F02000486503208DF8E2
:1091B000170017E012E0FFE7019808B9FFE70CE09D
:1091C000019801380190FFE7049800688068C1B2F7
:1091D0000020B0EBD11FEFD1FFE7FFE700208DF8B3
:1091E0001700FFE79DF8170006B080BD82B0019020
:1091F00000910198006843F20001C4F20101884225
:109200000AD1FFE7019842F28001C2F20001086032
:109210000098C1F8100127E00198006843F60001AA
:10922000C4F2000188420AD1FFE7019842F294118A
:10923000C2F2000108600098C1F8100113E0019823
:10924000006843F60041C4F2000188420AD1FFE7FA
:10925000019842F2A821C2F2000108600098C1F80A
:109260001001FFE7FFE7FFE702B0704780B586B067
:1092700084460898CDF810C00391ADF80A20ADF8E7
:109280000830ADF806000498006843F20001C4F20B
:10929000010188421FD1FFE7039842F28002C2F227
:1092A00000025060BDF80A001081BDF80800A2F865
:1092B0000A01BDF80600A2F80C0104986B464FF4B1
:1092C0007A71196002F10A018A320123FCF75AF817
:1092D0008DF8170054E00498006843F60001C4F2CA
:1092E0000001884220D1FFE7039842F29412C2F2B3
:1092F00000025060BDF80A001081BDF80800A2F815
:109300000A01BDF80600A2F80C010498BDF8081087
:10931000BDF8063019448BB202F10A018A32FCF71B
:1093200003FA8DF817002BE00498006843F600411B
:10933000C4F20001884220D1FFE7039842F2A8223C
:10934000C2F200025060BDF80A001081BDF80800AA
:10935000A2F80A01BDF80600A2F80C010498BDF8B5
:109360000810BDF8063019448BB202F10A018A32A6
:10937000FCF7DAF98DF8170002E0FFE7FFE7FEDE01
:109380009DF8170006B080BD80B58AB0DDF830C00A
:10939000089007918DF81B20059305980190F9F727
:1093A000EBF9024601980C99891A08440390F9F7E1
:1093B000E3F90290039840F2D001C2F2000109687B
:1093C000C1F3CB3148430490FFE7089800688068F8
:1093D00007990840401AB0FA80F040099DF81B1028
:1093E00088425ED0FFE705980130002858D0FFE79B
:1093F000F9F7C2F90299401A0399884204D2FFE7AB
:109400000398002842D1FFE708980168486820F0D7
:10941000E000486008984068B0F5827F13D1FFE70C
:1094200008988068B0F5004F06D0FFE7089880687C
:10943000B0F5806F07D1FFE708980168086820F051
:1094400040000860FFE70898806AB0F5005F0FD120
:10945000FFE7FFE708980168086820F400500860FB
:1094600008980168086840F400500860FFE7FFE7CB
:109470000899012081F85100FFE70899002081F840
:109480005000FFE703208DF827000EE0049818B97C
:10949000FFE700200390FFE7049801380490FFE7FE
:1094A00093E700208DF82700FFE79DF827000AB01A
:1094B00080BD00007047000084B0039003980090C6
:1094C00000980078ADF808000098013000900098EE
:1094D0000078ADF80600BDF80610BDF8080040EAB7
:1094E0000120ADF80A00BDF80A0004B07047000082
:1094F00080B582B0009000980138B0F1807F03D32E
:10950000FFE70120019019E0009801384EF21401A4
:10951000CEF2000108604FF0FF300F2113F026FA61
:109520004EF21801CEF20001002008604EF2100247
:10953000CEF20002072111600190FFE7019802B00E
:1095400080BD000080B5F9F765FE80BD80B594B0A0
:1095500008A83021F7F704F800200790069005903E
:1095600004900390FFE70020029043F64000C4F20D
:109570000200016841F080510160006800F08050F5
:1095800002900298FFE7FFE70020019047F20000F9
:10959000C4F20000016841F480410160006800F4F9
:1095A000804001900198FFE7012008904FF480303F
:1095B000099002200E904FF480010F910621109126
:1095C000A821119112900720139008A8FBF718FA10
:1095D00018B1FFE7F7F7B6FBFFE70F200390022073
:1095E0000490002005904FF4A05006904FF4805056
:1095F000079003A80521FBF733F818B1FFE7F7F749
:10960000A1FBFFE714B080BD4EF68851CEF20001F9
:10961000086840F4700008607047000080B544F6A8
:109620004040C2F20000FCF733FD80BD80B544F637
:109630008840C2F20000FCF72BFD80BD83B0029091
:10964000019102980068009002980021C4F2010183
:10965000884225D0FFE70298B0F1804F20D0FFE785
:10966000029840F20041C4F20001884218D0FFE79E
:10967000029840F60001C4F20001884210D0FFE7D2
:10968000029840F60041C4F20001884208D0FFE78A
:10969000029840F20041C4F2010188420AD1FFE77A
:1096A000009820F0700000900198416800980843ED
:1096B0000090FFE702980021C4F20101884255D0D2
:1096C000FFE70298B0F1804F50D0FFE7029840F2D8
:1096D0000041C4F20001884248D0FFE7029840F6FA
:1096E0000001C4F20001884240D0FFE7029840F632
:1096F0000041C4F20001884238D0FFE7029840F2EE
:109700000041C4F20101884230D0FFE7029844F2E0
:109710000001C4F20101884228D0FFE7029844F218
:109720000041C4F20101884220D0FFE7029844F6CC
:109730000001C4F20101884218D0FFE7029841F607
:109740000001C4F20001884210D0FFE7029841F600
:109750000041C4F20001884208D0FFE7029842F2BB
:109760000001C4F2000188420AD1FFE7009820F40A
:10977000407000900198C168009808430090FFE78E
:10978000009820F0800001994969084300900098F2
:1097900002990860019880680299C862019800687F
:1097A0000299886202980021C4F20101884208D01F
:1097B000FFE7029840F20041C4F20101884205D15E
:1097C000FFE70198006902990863FFE70299012009
:1097D000486102980069C00730B1FFE70299086943
:1097E00020F001000861FFE703B0704780B586B044
:1097F00043F62470C2F20000018801310180008824
:10980000B0F5FA6F07DBFFE743F62471C2F20001FF
:1098100000200880FFE7694600200490086044F2B9
:109820008820C2F2000040F28122C2F200024FF40E
:109830000071029108230393F7F76EF80299039BD6
:109840000246049843F6867CC2F2000CCDF814C0A0
:109850008CF800206A46106044F2B020C2F200008A
:1098600040F24832C2F20002F7F756F80599487004
:1098700043F62470C2F20000008849F69811C1F640
:1098800099114CF6CD42CCF6CC4200FB02104FEAC7
:109890007000884215D8FFE769460020086044F24E
:1098A000B020C2F2000040F2D832C2F20002882199
:1098B0000823F7F731F843F68671C2F20001887089
:1098C000FFE706B080BD000084B0039002910192D2
:1098D000029800F01F01012088400090009A03992F
:1098E000086A904308620198029901F01F0100FA8A
:1098F00001F20399086A1043086204B0704700003F
:1099000085B00490039102920193049880680090BE
:10991000009820F47F40009003980299019A41EA50
:109920000221014300980843009000980499886040
:1099300005B0704783B00290019102988068009052
:10994000009820F07000009001980099084340F0C2
:109950000700009000980299886003B070470000EB
:1099600082B001900091019800680021C4F20101C9
:10997000884209D1FFE7019842F2EC31C2F20001BE
:10998000086000984860F3E001980068B0F1804FEB
:1099900009D1FFE7019842F2F431C2F200010860F8
:1099A00000984860E3E00198006840F20041C4F28A
:1099B0000001884209D1FFE7019842F2FC31C2F26E
:1099C0000001086000984860D0E00198006840F607
:1099D0000001C4F20001884209D1FFE7019842F278
:1099E0000441C2F20001086000984860BDE001989F
:1099F000006840F60041C4F20001884209D1FFE747
:109A0000019842F20C41C2F20001086000984860DF
:109A1000AAE00198006841F20001C4F20001884206
:109A200009D1FFE7019842F21441C2F20001086037
:109A30000098486097E00198006841F20041C4F244
:109A40000001884209D1FFE7019842F21C41C2F2AD
:109A5000000108600098486084E00198006840F2C6
:109A60000041C4F20101884209D1FFE7019842F2A6
:109A70002441C2F2000108600098486071E001983A
:109A8000006844F20001C4F20101884209D1FFE7F5
:109A9000019842F22C41C2F200010860009848602F
:109AA0005EE00198006844F20041C4F2010188427E
:109AB00009D1FFE7019842F2C431C2F20001086007
:109AC000009848604BE00198006844F60001C4F239
:109AD0000101884209D1FFE7019842F2CC31C2F27C
:109AE000000108600098486038E00198006841F67D
:109AF0000001C4F20001884209D1FFE7019842F257
:109B0000D431C2F2000108600098486025E0019855
:109B1000006841F60041C4F20001884209D1FFE724
:109B2000019842F2DC31C2F20001086000984860FE
:109B300012E00198006842F20001C4F2000188427C
:109B400009D1FFE7019842F2E431C2F20001086056
:109B500000984860FFE7FFE7FFE7FFE7FFE7FFE761
:109B6000FFE7FFE7FFE7FFE7FFE7FFE7FFE7FFE7C5
:109B700002B0704785B0049003910498006A019088
:109B80000499086A20F00100086204984068009077
:109B9000049880690290029820F070000290029868
:109BA00020F0030002900398016802980843029095
:109BB000019820F002000190039881680198084301
:109BC000019004980021C4F20101884208D0FFE707
:109BD000049840F20041C4F2010188420ED1FFE72F
:109BE000019820F0080001900398C168019808438B
:109BF0000190019820F004000190FFE704980021F3
:109C0000C4F20101884208D0FFE7049840F2004105
:109C1000C4F20101884213D1FFE7009820F480705C
:109C20000090009820F4007000900398416900981B
:109C30000843009003988169009808430090FFE76B
:109C400000980499486002980499886103984068D4
:109C50000499486301980499086205B070470000B0
:109C600085B0049003910498006A01900499086AF1
:109C700020F0100008620498406800900498806901
:109C80000290029820F4E0400290029820F4407084
:109C9000029003980168029840EA0120029001981E
:109CA00020F02000019003988168019840EA01109B
:109CB000019004980021C4F20101884208D0FFE716
:109CC000049840F20041C4F2010188420FD1FFE73D
:109CD000019820F0800001900398C168019840EA43
:109CE00001100190019820F040000190FFE70498D6
:109CF0000021C4F20101884208D0FFE7049840F235
:109D00000041C4F20101884215D1FFE7009820F418
:109D100080600090009820F40060009003984169F2
:109D2000009840EA8100009003988169009840EA19
:109D300081000090FFE70098049948600298049918
:109D400088610398406804998863019804990862BF
:109D500005B0704785B0049003910498006A0190A3
:109D60000499086A20F480700862049840680090A2
:109D70000498C0690290029820F070000290029846
:109D800020F00300029003980168029808430290B3
:109D9000019820F40070019003988168019840EACE
:109DA0000120019004980021C4F20101884208D0EA
:109DB000FFE7049840F20041C4F2010188420FD14C
:109DC000FFE7019820F4006001900398C1680198B2
:109DD00040EA01200190019820F480600190FFE7A3
:109DE00004980021C4F20101884208D0FFE70498DA
:109DF00040F20041C4F20101884215D1FFE700980A
:109E000020F480500090009820F4005000900398B7
:109E10004169009840EA0110009003988169009818
:109E200040EA01100090FFE700980499486002980A
:109E30000499C861039840680499C863019804991B
:109E4000086205B07047000085B004900391049843
:109E5000006A01900499086A20F48050086204980E
:109E6000406800900498C0690290029820F4E04095
:109E70000290029820F440700290039801680298C2
:109E800040EA01200290019820F4005001900398CC
:109E90008168019840EA0130019004980021C4F2E1
:109EA0000101884208D0FFE7049840F20041C4F263
:109EB000010188420BD1FFE7009820F48040009018
:109EC00003984169009840EA81100090FFE70098EC
:109ED0000499486002980499C861039840680499FD
:109EE000086401980499086205B0704785B0049031
:109EF000039102920498006A00900499086A20F085
:109F000001000862049880690190019820F0F00037
:109F100001900299019840EA01100190009820F008
:109F20000A00009003990098084300900198049952
:109F3000886100980499086205B0704785B0049064
:109F4000039102920498006A00900499086A20F034
:109F500010000862049880690190019820F4704014
:109F600001900299019840EA01300190009820F098
:109F7000A00000900399009840EA01100090019819
:109F80000499886100980499086205B07047000040
:109F900080B584B0A820F6F777FE40F20450C2F2F4
:109FA00000004FF27511C0F6000103F0F1FE44F21B
:109FB0008820C2F200004FF29511C0F60001F6F7BA
:109FC00061FC44F2B020C2F200004FF25521C0F60D
:109FD0000001F6F757FC44F61030C2F200004FF2D1
:109FE000CD21C0F60001FFF701F944F2D850C2F2CA
:109FF00000004FF2D141C0F60001FDF7EBFE44F640
:10A00000A850C2F200004FF62921C0F600018022BC
:10A0100000F0F4F944F66050C2F200004FF2ED0196
:10A02000C0F60001122200F0E9F944F61850C2F21D
:10A0300000004FF2DD21C0F60001282200F0DEF919
:10A0400044F64040C2F2000002904FF66931C0F67B
:10A050000001FFF785FC44F68840C2F2000003903F
:10A060004FF24951C0F60001FFF77AFC44F6B030D8
:10A07000C2F200000021FCF777FA44F6D040C2F2A9
:10A08000000001900421FCF76FFA01980821FCF709
:10A090006BFA40F25070C2F200000CF035FC0298EE
:10A0A000FBF7B4FE0398FBF7B1FE04B080BD0000DF
:10A0B00080B582B001900198806B009000990020DB
:10A0C000C8850099C8840098FCF7C0FD02B080BD27
:10A0D00080B584B00390002002900398806B0190BB
:10A0E000019800684069C0B2C0090290019890F8D8
:10A0F000410021280AD1FFE7029838B1FFE7019912
:10A100000020C884019800F05DF9FFE7019800681D
:10A110004069C0F380100290019890F84200222814
:10A120000AD1FFE7029838B1FFE701990020C885FE
:10A13000019800F0E9F8FFE70199486C40F0100041
:10A1400048640198FCF782FD04B080BD80B586B0FC
:10A1500005900598806B0490059800680068C0051C
:10A1600000285AD4FFE704990020C885FFE7FFE7DD
:10A170000498006850E8030F20F480700390FFE714
:10A1800003990498026842E803100028F0D1FFE721
:10A19000FFE7FFE7FFE70498006850E8050F20F0AD
:10A1A00001000290FFE702990498026842E8051056
:10A1B0000028F0D1FFE7FFE7FFE7FFE7049800681A
:10A1C00050E8050F20F040000190FFE70199049846
:10A1D000026842E805100028F0D1FFE7FFE7049984
:10A1E000202081F842000498006B012814D1FFE779
:10A1F000FFE7FFE70498006850E8030F20F0100025
:10A200000090FFE700990498026842E803100028D4
:10A21000F0D1FFE7FFE7FFE7FFE70499002048637D
:10A220000498006B012805D1FFE70498818DFCF7A5
:10A23000D5FB03E00498FDF741F9FFE706B080BDC8
:10A2400080B582B001900198806B00900099012048
:10A2500048630098006B012806D1FFE70098818DC4
:10A260004908FCF7BBFB03E00098FDF72BF9FFE77B
:10A2700002B080BD80B584B003900398806B0290DB
:10A28000039800680068C00500282AD4FFE70299F7
:10A290000020C884FFE7FFE70298006850E8050F38
:10A2A00020F080000190FFE701990298026842E8DF
:10A2B00005100028F0D1FFE7FFE7FFE7FFE702986E
:10A2C000006850E8030F40F040000090FFE700995D
:10A2D0000298026842E803100028F0D1FFE7FFE788
:10A2E00003E00298FDF764F9FFE704B080BD0000C9
:10A2F00080B582B001900198806B00900098FDF7C6
:10A300005BF902B080BD000084B00390FFE7FFE777
:10A310000398006850E8030F20F490700290FFE764
:10A3200002990398026842E803100028F0D1FFE781
:10A33000FFE7FFE7FFE70398006850E8050F20F00C
:10A3400001000190FFE701990398026842E80510B7
:10A350000028F0D1FFE7FFE70398006B012814D134
:10A36000FFE7FFE7FFE70398006850E8030F20F0DE
:10A3700010000090FFE700990398026842E803107C
:10A380000028F0D1FFE7FFE7FFE70399202081F8DD
:10A39000420003990020086304B0704780B582B082
:10A3A000019001980168C86820F04000C8600199D8
:10A3B000202081F841000198FDF7FAF8002002B052
:10A3C00080BD000082B00190FFE7FFE701980068C0
:10A3D00050E8030F20F0C0000090FFE700990198BB
:10A3E000026842E803100028F0D1FFE7FFE7019977
:10A3F000202081F8410002B07047000080B584B091
:10A4000003900291ADF806200398006841F2000124
:10A41000C4F20101884214D1FFE7039842F23441AB
:10A42000C2F2000108600298C1F80C01BDF80600F4
:10A43000A1F804010398B1F804218431FCF76CFA07
:10A4400095E00398006844F20041C4F2000188429C
:10A4500014D1FFE7039842F24451C2F200010860B0
:10A460000298C1F80C01BDF80600A1F80401039898
:10A47000B1F804218431FCF74FFA77E003980068C3
:10A4800044F60001C4F20001884214D1FFE70398AA
:10A4900042F25461C2F2000108600298C1F80C0156
:10A4A000BDF80600A1F804010398B1F80421843135
:10A4B000FCF732FA59E00398006844F60041C4F210
:10A4C0000001884214D1FFE7039842F26471C2F29E
:10A4D000000108600298C1F80C01BDF80600A1F85F
:10A4E00004010398B1F804218431FCF715FA3BE02C
:10A4F0000398006845F20001C4F20001884214D1BB
:10A50000FFE7039842F67401C2F200010860029866
:10A51000C1F80C01BDF80600A1F804010398B1F8D8
:10A5200004218431FCF7F8F91DE00398006841F23A
:10A530000041C4F20101884214D1FFE7039842F6BA
:10A540008411C2F2000108600298C1F80C01BDF844
:10A550000600A1F804010398B1F804218431FCF746
:10A56000DBF9FFE7FFE7FFE7FFE7FFE7FFE704B0FF
:10A5700080BD000080B586B00490049890F8420039
:10A58000222840F0A480FFE704988068B0F5805F3F
:10A5900015D1FFE70498006988B9FFE70020039010
:10A5A0000498806A02900498006840686FF35F2006
:10A5B000029908800499886A0230886225E004982C
:10A5C000806A03900020029004988068B0F5805F54
:10A5D00008D0FFE70498806850B9FFE70498006945
:10A5E00030B9FFE70498006840680399087007E0F5
:10A5F00004980068406800F07F0003990870FFE746
:10A600000499886A01308862FFE70499C88D01388F
:10A61000C8850004002856D1FFE704980168C8687F
:10A6200020F02000C86004980168C86820F4807099
:10A63000C86004980168486920F0010048610499E5
:10A64000202081F842000499002048630498006BA0
:10A65000012830D1FFE7049900200863FFE7FFE7F6
:10A660000498006850E8030F20F010000190FFE705
:10A6700001990498026842E803100028F0D1FFE72E
:10A68000FFE7049800680068C00600280ED5FFE7C1
:10A69000FFE700200090049800680068009004988C
:10A6A0000068406800900098FFE7FFE70498818DFC
:10A6B000FCF794F903E00498FCF700FFFFE70020A3
:10A6C0008DF8170007E000208DF8170003E0022046
:10A6D0008DF81700FFE79DF8170006B080BD000059
:10A6E00080B584B003900291ADF8062003980299DA
:10A6F000BDF80620FCF7EAFE04B080BD80B586B048
:10A70000059005980068006920F44050059A11688A
:10A71000D26810430861059988680B694A69C9695C
:10A72000184310430843049005980068C06849F234
:10A730000C6188430499084305990968C860059825
:10A740000068406920F44070059A116892691043CE
:10A7500048610598006841F20001C4F20101884295
:10A7600009D0FFE70598006841F20041C4F20101F9
:10A77000884204D1FFE7FAF7BDF8039003E0FAF747
:10A78000A7F80390FFE70598C069B0F5004F29D1FD
:10A79000FFE703981921A0FB0101059A13680293B2
:10A7A00053685A00DB0FF5F7CAFD0299864648F256
:10A7B0001F53C5F2EB13AEFB0320420910014FF00B
:10A7C000640C02FB1CEC322202EBCC02A2FB033233
:10A7D000F82303EA521300EB4300C2F34212104481
:10A7E000886026E003981921A0FB0101059A1368EF
:10A7F000019353689A009B0FF5F7A1FD01998446D8
:10A8000048F21F52C5F2EB12ACFB02304309642040
:10A8100003FB10CC322000EB0C10A0FB0202F02056
:10A8200000EA521000EB0310C2F343121044886098
:10A83000FFE706B080BD000080B588B007900691A4
:10A84000ADF81620069807998862BDF8160007999A
:10A850008885079900204864079A222182F84210CF
:10A860000799CA6B4AF24D11C0F60001D1630799EE
:10A87000CA6B4AF24121C0F6000111640799CA6B04
:10A880004AF2D101C0F60001D1640799C96B08658D
:10A8900006A8049007980168C06B0431049A1268F6
:10A8A000BDF81630F7F7BAFCFFE7002003900798D1
:10A8B0000068006803900798006840680390039858
:10A8C000FFE707980069A0B1FFE7FFE7FFE70798F8
:10A8D000006850E8030F40F480700290FFE702998F
:10A8E0000798026842E803100028F0D1FFE7FFE76D
:10A8F000FFE7FFE7FFE70798006850E8050F40F023
:10A9000001000190FFE701990798026842E80510ED
:10A910000028F0D1FFE7FFE7FFE7FFE707980068AF
:10A9200050E8050F40F040000090FFE700990798BD
:10A93000026842E805100028F0D1FFE7FFE7002099
:10A9400008B080BD83B00190019890F841002128A3
:10A950003AD1FFE701988068B0F5805F13D1FFE737
:10A960000198006978B9FFE70198006A00900098A3
:10A9700000886FF35F200199096848600199086AAF
:10A980000230086208E0019A106A411C11620078E6
:10A99000019909684860FFE70199C88C0138C884AB
:10A9A000000468B9FFE701980168C86820F08000DA
:10A9B000C86001980168C86840F04000C860FFE7BF
:10A9C00000208DF80B0003E002208DF80B00FFE75C
:10A9D0009DF80B0003B0704780B544F61850C2F2E2
:10A9E0000000FCF737F980BD80B544F66050C2F234
:10A9F0000000FCF72FF980BD80B544F6A850C2F2E4
:10AA00000000FCF727F980BD80B586B004908DF872
:10AA10000F100498D0F8C80201900498D0F8D4120E
:10AA200000EB8100D0F8C00220B9FFE703208DF8C9
:10AA300017005FE00498D0F8D41200EB8100D0F842
:10AA4000C002029004989DF80F1001F00F0101EB75
:10AA5000810100EB8100806940B3FFE704989DF815
:10AA60000F1001F00F0101EB810200EB82008269FF
:10AA7000019801EBC10100EB8100C169B2FBF1F06B
:10AA800000FB112090B9FFE704989DF80F1001F02A
:10AA90000F0101EB810100EB810000238361049829
:10AAA0009DF80F101A4601F04FFD1FE0029900209B
:10AAB000C1F814020498D0F8D41200EB8100D0F849
:10AAC000C402006988B1FFE70498D0F8D41200EB03
:10AAD0008100D0F8C40203690299D1F8080201F597
:10AAE00004719DF80F209847FFE7FFE700208DF8DD
:10AAF0001700FFE79DF8170006B080BD80B584B051
:10AB000002908DF807100298D0F8D41200EB810063
:10AB1000D0F8C00200900298D0F8D41200EB810067
:10AB2000D0F8C00220B9FFE703208DF80F0019E02C
:10AB300002989DF8071001F091FA0099C1F80C02F3
:10AB40000298D0F8D41200EB8100D0F8C402C26899
:10AB50000099D1F8040201F50371904700208DF8A7
:10AB60000F00FFE79DF80F0004B080BD80B586B0F0
:10AB700005908DF81310059840F21101C2F2000102
:10AB80000091097801F084F800990598097801F09E
:10AB90000F0101EB810100EB81010020039088840B
:10ABA000059840F21201C2F200010191097801F00A
:10ABB0006FF8019A03980599127802F00F0202EBE0
:10ABC000820201EB8201A1F86401059840F21001B4
:10ABD000C2F200010291097801F05AF8029A039832
:10ABE0000599137803F00F0303EB830301EB830153
:10ABF00088840599127802F00F0202EB820201EBC1
:10AC00008201C8840598D0F8D41200EB8100D0F8F6
:10AC1000C002F0B1FFE70598D0F8D41200EB810034
:10AC2000D0F8C402406880470598D0F8D41200EBF1
:10AC30008100D0F8C00202F023F90598D0F8D412B0
:10AC400000EB81010020C1F8C0020599C1F8BC02E7
:10AC5000FFE7002006B080BD80B584B00290029866
:10AC6000D0F8D41200EB8100D0F8C0020190019816
:10AC700020B9FFE703208DF80F0025E00298D0F8F7
:10AC8000D41200EB8100D0F8C402C8B1FFE70198EC
:10AC900090F80002FF2813D0FFE70298D0F8D412F2
:10ACA00000EB8100D0F8C4028368019991F800029A
:10ACB00091F8012298470199FF2081F80002FFE7EF
:10ACC00000208DF80F00FFE79DF80F0004B080BD55
:10ACD00081B0009000990A20088040F25010C2F222
:10ACE000000001B07047000080B586B0059040F2CA
:10ACF0000C10C2F200000190822100F051FE0146CA
:10AD000001980491012100F04BFE01460198039146
:10AD1000812100F045FE0290049820B1FFE70499DC
:10AD200010208871FFE7039820B1FFE703994020C6
:10AD30008880FFE7029820B1FFE7029940208880D1
:10AD4000FFE705994320088040F20C10C2F2000092
:10AD500006B080BD80B586B0059040F20C10C2F2FE
:10AD600000000190822100F01BFE01460198049131
:10AD7000012100F015FE014601980391812100F0A8
:10AD80000FFE0290049820B1FFE70499102088710B
:10AD9000FFE7039828B1FFE703994FF4007088801C
:10ADA000FFE7029828B1FFE702994FF4007088800E
:10ADB000FFE705994320088040F20C10C2F2000022
:10ADC00006B080BD80B586B0059040F20C10C2F28E
:10ADD00000000190822100F0E3FD014601980491FA
:10ADE000012100F0DDFD014601980391812100F071
:10ADF000D7FD0290049820B1FFE7049910208871D4
:10AE0000FFE7039820B1FFE7039940208880FFE720
:10AE1000029820B1FFE7029940208880FFE705995A
:10AE20004320088040F20C10C2F2000006B080BD42
:10AE300080B590B00E908DF837104FF4077002F087
:10AE400023F80C900C9860B9FFE70E98D0F8D41254
:10AE500000EB81010020C1F8C00202208DF83F0004
:10AE6000F0E00C984FF40771F5F77AFB0C980E9907
:10AE7000D1F8D42201EB8201C1F8C0020E99D1F8B9
:10AE8000D40201EB8000D0F8C002C1F8BC020E98D9
:10AE9000007C002840D1FFE70E9840F21101C2F279
:10AEA000000107910978022208924FF40073099378
:10AEB00001F0C0F90799089A099B0E98097801F0EA
:10AEC0000F0101EB810100EB810101200B908884CF
:10AED0000E9840F21201C2F200010A91097801F0C5
:10AEE000A9F90A9A0B980E99127802F00F0202EB58
:10AEF000820201EB8201A1F864010E9840F2100178
:10AF0000C2F20001097801F00F0101EB810100EBB1
:10AF100081011020C8843EE00E9840F21101C2F277
:10AF2000000102910978022203924023049301F068
:10AF300081F90299039A049B0E98097801F00F0198
:10AF400001EB810100EB81010120069088840E98BD
:10AF500040F21201C2F200010591097801F06AF98C
:10AF6000059A06980E99127802F00F0202EB8202FF
:10AF700001EB8201A1F864010E9840F21001C2F2C7
:10AF80000001097801F00F0101EB810100EB810163
:10AF90001020C884FFE70E9840F21001C2F20001B1
:10AFA000009109780322082301F044F900990E98D2
:10AFB000097801F00F0101EB810100EB8101012013
:10AFC00088840C9900200190C1F804020E98D0F8F2
:10AFD000D41200EB8100D0F8C402006880470198C9
:10AFE0000C99C1F814020C99C1F818020C98D0F809
:10AFF000040220B9FFE702208DF83F0022E00E98FE
:10B00000007C70B9FFE70E9840F21201C2F2000115
:10B0100009780C9AD2F804224FF4007301F030F949
:10B020000CE00E9840F21201C2F2000109780C9A6D
:10B03000D2F80422402301F023F9FFE700208DF825
:10B040003F00FFE79DF83F0010B080BD80B584B0A1
:10B0500002900298D0F8D41200EB8100D0F8C00220
:10B0600001900298D0F8D41200EB8100D0F8C00211
:10B0700020B9FFE703208DF80F0022E00298007C42
:10B0800070B9FFE7029840F21201C2F2000109789C
:10B09000019AD2F804224FF4007301F0F1F80CE0A9
:10B0A000029840F21201C2F200010978019AD2F826
:10B0B0000422402301F0E4F8FFE700208DF80F00A0
:10B0C000FFE79DF80F0004B080BD000083B0019041
:10B0D0000091009820B9FFE703208DF80B000BE0EA
:10B0E00000980199D1F8D42201EB8201C1F8C40281
:10B0F00000208DF80B00FFE79DF80B0003B07047B0
:10B1000084B0029001910298D0F8D41200EB810033
:10B11000D0F8C0020090009820B9FFE703208DF816
:10B120000F0007E001980099C1F8040200208DF893
:10B130000F00FFE79DF80F0004B0704785B0039043
:10B14000029101920398D0F8D41200EB8100D0F85C
:10B15000C0020090009820B9FFE703208DF813008B
:10B160000BE002980099C1F8080201980099C1F813
:10B17000100200208DF81300FFE79DF8130005B0C2
:10B180007047000080B58AB0089007910898D0F801
:10B19000D41200EB8100D0F8C002069000208DF898
:10B1A0001500ADF812008DF81100069820B9FFE7E0
:10B1B00003208DF82700C7E00798007800F06000B2
:10B1C0000146039100285ED0FFE70398202840F055
:10B1D000AE80FFE70798C088002846D0FFE70798B1
:10B1E00000780006002823D5FFE70898D0F8D4128D
:10B1F00000EB8100D0F8C4028368079A5078069962
:10B20000D28898470798C088082803D3FFE707200B
:10B21000029003E00798C0880290FFE70298ADF81B
:10B22000160008980699BDF8162000F037F91BE0C3
:10B2300007984078069981F800020798C0883F284F
:10B2400004D8FFE70798C088019002E040200190F1
:10B25000FFE70198069981F801020898069991F88C
:10B26000012200F0EDF8FFE70CE00898D0F8D412C6
:10B2700000EB8100D0F8C402836807994878002267
:10B280009847FFE75BE007984078014600910B285C
:10B2900044D80099DFE801F006414242424242426E
:10B2A00042421C32089890F89C02032807D1FFE71D
:10B2B00008980DF11201022200F0F0F807E008985A
:10B2C000079900F0AFF803208DF81100FFE72DE09B
:10B2D000089890F89C02032807D1FFE708980DF121
:10B2E0001501012200F0DAF807E00898079900F04C
:10B2F00099F803208DF81100FFE717E0089890F8FF
:10B300009C02032808D0FFE70898079900F08AF804
:10B3100003208DF81100FFE708E007E0089807997F
:10B3200000F080F803208DF81100FFE707E008988F
:10B33000079900F077F803208DF81100FFE79DF8DA
:10B3400011008DF82700FFE79DF827000AB080BDA7
:10B3500080B582B001908DF8031000208DF80200B6
:10B360000198D0F8B8124A689DF80310904720B1B0
:10B37000FFE703208DF80200FFE79DF8020002B00E
:10B3800080BD000080B582B001900091019890F8D6
:10B390009C02013802280ED8FFE700984088012857
:10B3A00008D1FFE701990020C1F8A402019800F03C
:10B3B0008FF8FFE704E00198009900F033F8FFE709
:10B3C00002B080BD82B001908DF80310002002B061
:10B3D0007047000082B001908DF80310002002B089
:10B3E0007047000080B584B00390029101920398E9
:10B3F000029A019B0021009100F042FF009804B0E6
:10B4000080BD000080B584B0039002910192039842
:10B41000029A019B0021009101F096F8009804B077
:10B4200080BD000080B582B001900091019880211C
:10B4300001F03CF80198002101F038F802B080BD1D
:10B4400080B584B003900291019203990320C1F862
:10B45000940201980399C1F8580101980399C1F821
:10B460005C010398029A019B0021009100F008FF03
:10B47000009804B080BD000080B582B001900199B1
:10B480000520C1F8940201980023009319461A463A
:10B4900000F0F6FE009802B080BD000080B584B0D8
:10B4A00003900291019203990220C1F8940201983D
:10B4B0000399886101980399C8610398029A019BD6
:10B4C0000021009101F040F8009804B080BD000018
:10B4D00080B582B0019001990420C1F894020198CE
:10B4E0000023009319461A4601F02EF8009802B086
:10B4F00080BD000080B582B08DF8070000919DF8F6
:10B50000070060B9FFE7009A4EF67B10C0F6010015
:10B5100042F69821C2F2000100F0DEFA0BE0009A38
:10B520004EF67B10C0F6010042F69821C2F20001EF
:10B5300000F0D2FAFFE742F69820C2F2000002B013
:10B5400080BD000082B08DF80700009100991220A4
:10B55000088040F25C10C2F2000002B070470000A8
:10B5600080B582B08DF8070000919DF8070060B9A2
:10B57000FFE7009A4EF66D10C0F6010042F69821E2
:10B58000C2F2000100F0A8FA0BE0009A4EF66D102E
:10B59000C0F6010042F69821C2F2000100F09CFAC8
:10B5A000FFE742F69820C2F2000002B080BD000022
:10B5B00082B08DF80700009100990420088040F2C5
:10B5C0008410C2F2000002B07047000080B584B061
:10B5D0008DF80F000291029A4EF68610C0F6010017
:10B5E00042F69821C2F20001019100F075FA01982B
:10B5F00004B080BD80B582B08DF8070000919DF841
:10B60000070060B9FFE7009A4EF69910C0F60100F6
:10B6100042F69821C2F2000100F05EFA0BE0009AB7
:10B620004EF69910C0F6010042F69821C2F20001D0
:10B6300000F052FAFFE742F69820C2F2000002B092
:10B6400080BD000080B582B08DF8070000910099A0
:10B650001A200880F5F77AFB40F28810C2F2000049
:10B6600002B080BD80B584B0039002910298C0887A
:10B67000012805D0FFE703980299FFF7D3FE21E0E8
:10B68000039890F89C12481E0191022804D3FFE70A
:10B69000019803280AD00FE00399002088600398DE
:10B6A00000F108010122FFF7F9FE0AE00398011DED
:10B6B0000122FFF7F3FE04E003980299FFF7B2FEC0
:10B6C000FFE7FFE704B080BD80B588B00790069122
:10B6D0000020ADF8160004908DF80F000698C07891
:10B6E000013801460291062800F21E810299DFE826
:10B6F00011F0070011002E001B011B01E8000001E2
:10B700000798D0F8B4120A68007C0DF11601904732
:10B71000049013E10798007C60B9FFE70798D0F820
:10B72000B802816A0DF1160088470490049902203E
:10B7300048700BE00798D0F8B802C16A0DF1160006
:10B7400088470490049902204870FFE7F6E00698C5
:10B75000807801460191052800F2A8800199DFE870
:10B7600001F0031E39546F8A0798D0F8B40240687C
:10B7700050B1FFE70798D0F8B4124A68007C0DF189
:10B7800016019047049009E007980699FFF74AFED2
:10B790009DF80F0001308DF80F00FFE790E007984B
:10B7A000D0F8B402806850B1FFE70798D0F8B4121F
:10B7B0008A68007C0DF116019047049009E0079813
:10B7C0000699FFF72FFE9DF80F0001308DF80F004E
:10B7D000FFE775E00798D0F8B402C06850B1FFE702
:10B7E0000798D0F8B412CA68007C0DF11601904792
:10B7F000049009E007980699FFF714FE9DF80F00E2
:10B8000001308DF80F00FFE75AE00798D0F8B40236
:10B81000006950B1FFE70798D0F8B4120A69007CBC
:10B820000DF116019047049009E007980699FFF77B
:10B83000F9FD9DF80F0001308DF80F00FFE73FE0A4
:10B840000798D0F8B402406950B1FFE70798D0F8E4
:10B85000B4124A69007C0DF116019047049009E08A
:10B8600007980699FFF7DEFD9DF80F0001308DF86F
:10B870000F00FFE724E00798D0F8B402806950B1C8
:10B88000FFE70798D0F8B4128A69007C0DF1160121
:10B890009047049009E007980699FFF7C3FD9DF8CB
:10B8A0000F0001308DF80F00FFE709E007980699B7
:10B8B000FFF7B8FD9DF80F0001308DF80F00FFE78E
:10B8C0003CE00798007C48B9FFE70798D0F8B80239
:10B8D000416B0DF116008847049009E0079806991E
:10B8E000FFF7A0FD9DF80F0001308DF80F00FFE776
:10B8F00024E00798007C60B9FFE70798D0F8B80209
:10B90000016B0DF1160088470490049907204870D8
:10B9100009E007980699FFF785FD9DF80F000130B3
:10B920008DF80F00FFE709E007980699FFF77AFD09
:10B930009DF80F0001308DF80F00FFE79DF80F0014
:10B9400008B1FFE72AE00698C08818B3FFE7BDF802
:10B950001600C8B1FFE7BDF816000699C9888842ED
:10B9600004DAFFE7BDF81600009003E00698C088EF
:10B970000090FFE70098ADF8160007980499BDF80D
:10B980001620FFF78BFD04E007980699FFF74AFDA4
:10B99000FFE703E00798FFF79BFDFFE708B080BDD6
:10B9A00080B586B005908DF8131005980390059822
:10B9B000029000200190029948880978884227DD8A
:10B9C000FFE702980078ADF80200FFE7BDF802003B
:10B9D0000299498888421ADAFFE703980DF10201BB
:10B9E00000F034F803900398407805280ED1FFE763
:10B9F00003980190019880789DF81310884201D136
:10BA0000FFE704E000200190FFE7FFE7DEE7FFE744
:10BA1000019806B080BD000083B0029000208DF830
:10BA2000070002980090FFE70098007848B1FFE710
:10BA30009DF8070001308DF8070000980130009054
:10BA4000F2E79DF8070003B07047000083B0029052
:10BA5000019102980090009802780199088810449A
:10BA6000088002980099097808440090009803B073
:10BA70007047000080B582B001900091019890F865
:10BA80009C02013802281FD8FFE70098C0880228CE
:10BA900005D0FFE701980099FFF7C4FC19E0019970
:10BAA0000120C8600198D0F8A40230B1FFE70199E5
:10BAB000C86840F00200C860FFE7019800F10C017F
:10BAC0000222FFF7EBFC04E001980099FFF7AAFCC3
:10BAD000FFE702B080BD000080B586B005900491FC
:10BAE000039200208DF80B00059808B9FFE74FE09E
:10BAF000059801900198FFF78FFF0146022000EBA7
:10BB00004100B0F5007F04D9FFE74FF400700090CA
:10BB100008E00198FFF780FF0146022000EB41009A
:10BB20000090FFE700980399088003980078049933
:10BB30009DF80B2088549DF80B0001308DF80B0008
:10BB400004999DF80B20032088549DF80B000130C8
:10BB50008DF80B00FFE701980078C8B1FFE7019866
:10BB6000007804999DF80B208854019801300190C9
:10BB70009DF80B0001308DF80B0004999DF80B2007
:10BB8000002088549DF80B0001308DF80B00E2E78F
:10BB900006B080BD82B08DF8070000208DF8060049
:10BBA0009DF8070001460091032814D80099DFE8AA
:10BBB00001F002060A0E00208DF806000FE00320B7
:10BBC0008DF806000BE001208DF8060007E0032049
:10BBD0008DF8060003E003208DF80600FFE79DF8CE
:10BBE000060002B07047000080B584B00290019159
:10BBF0008DF80320029820B9FFE703208DF80F008D
:10BC000023E002990020C1F8B8020299C1F8C402E9
:10BC10000299C1F8D002019828B1FFE70198029972
:10BC2000C1F8B402FFE70299012081F89C029DF857
:10BC3000030002990870029800F01EFA8DF80200C5
:10BC40009DF802008DF80F00FFE79DF80F0004B08B
:10BC500080BD000080B582B001908DF803100020F7
:10BC60008DF802008DF801000198D0F8C8029DF807
:10BC70000310F7F7A3FC8DF802009DF80200FFF710
:10BC800089FF8DF801009DF8010002B080BD000021
:10BC900080B582B001908DF8031000208DF802006D
:10BCA0008DF801000198D0F8C8029DF80310F7F74D
:10BCB00031FC8DF802009DF80200FFF76BFF8DF854
:10BCC00001009DF8010002B080BD000080B588B081
:10BCD00006908DF8171004929DF81700002874D173
:10BCE000FFE70698143003900698D0F894020228D3
:10BCF0005DD1FFE703998868C968884212D9FFE7D8
:10BD000003998868CA68801A886006980499039A1B
:10BD10009268FFF777FB0698002319461A4600F051
:10BD2000AFFA43E003988168C06888421ED1FFE7FC
:10BD300003994868C968884218D3FFE703984068A8
:10BD40000699D1F89812884210D2FFE7069800228F
:10BD500001921146FFF756FB019B0698C0F89832F6
:10BD6000069819461A4600F08BFA1EE0069890F8DD
:10BD70009C02032811D1FFE70698D0F8B802C068EA
:10BD800050B1FFE706990020C1F8D4020698D0F818
:10BD9000B812C9688847FFE7FFE70698802100F0DE
:10BDA00085FB0698FFF768FBFFE7FFE7FFE70698CC
:10BDB00090F8A00240B1FFE7069800F053FC069906
:10BDC000002081F8A002FFE740E006989DF81710D8
:10BDD00041F08001FFF7F6FA8DF80A009DF80A009D
:10BDE000FF2832D0FFE79DF80A0070BBFFE70698F6
:10BDF00090F89C02032827D1FFE706989DF80A10C7
:10BE000000EB8100D0F8B8024069E0B1FFE79DF88F
:10BE10000A000699C1F8D40206989DF80A1000EBB2
:10BE20008101D1F8B8124A699DF8171090478DF832
:10BE30000B009DF80B0028B1FFE79DF80B008DF873
:10BE40001F0007E0FFE7FFE7FFE7FFE700208DF8AF
:10BE50001F00FFE79DF81F0008B080BD80B58AB0C5
:10BE600008908DF81F10069200208DF813009DF8A1
:10BE70001F00002840F08280FFE7089800F5AA70B4
:10BE800005900898D0F89402032876D1FFE7059929
:10BE90008868C96888421DD9FFE705998868CA681B
:10BEA000801A88600898029006980390059988681F
:10BEB000C968884204D2FFE705988068019003E0D2
:10BEC0000598C0680190FFE703990298019AFFF76F
:10BED00089FA51E0089890F8AA0200F01F00014684
:10BEE000009140B1FFE70098012808D0FFE70098D3
:10BEF00002280CD013E000208DF8120013E00898FF
:10BF000090F8AE12FFF766FA8DF812000BE0089871
:10BF100090F8AE12FFF756FA8DF8120003E00020F9
:10BF20008DF81200FFE79DF8120008BBFFE70898A4
:10BF300090F89C0203281AD1FFE708989DF8121088
:10BF400000EB8100D0F8B802006978B1FFE79DF8F6
:10BF500012000899C1F8D40208989DF8121000EB5D
:10BF60008101D1F8B81209698847FFE7FFE7FFE7C9
:10BF70000898FFF7ADFAFFE7FFE740E008989DF863
:10BF80001F1001F07F01FFF71DFA8DF812009DF8D8
:10BF90001200FF2832D0FFE79DF8120070BBFFE7C8
:10BFA000089890F89C0203281ED1FFE708989DF896
:10BFB000121000EB8100D0F8B802806998B1FFE759
:10BFC0009DF812000899C1F8D40208989DF8121043
:10BFD00000EB8101D1F8B8128A699DF81F109047D3
:10BFE0008DF81300FFE7FFE79DF8130028B1FFE786
:10BFF0009DF813008DF8270005E0FFE7FFE700201C
:10C000008DF82700FFE79DF827000AB080BD0000EB
:10C0100081B00090002001B07047000080B582B070
:10C02000019000208DF803000199012081F89C0205
:10C030000198D0F8B80268B1FFE70198D0F8B812BB
:10C040004A680179904720B1FFE703208DF803008B
:10C05000FFE7FFE79DF8030002B080BD80B582B026
:10C0600001908DF803100198D0F8C8029DF80310D4
:10C07000F7F708FB02B080BD80B584B00390039849
:10C080000078A8BBFFE7039944F22C60C2F20000DD
:10C090000290C0F8E0140399C1F8C8024FF0A04123
:10C0A0000160042101710222C2710021817142727A
:10C0B0008172C17201738173C173F8F781F818B18D
:10C0C000FFE7F4F73FFEFFE744F22C60C2F2000006
:10C0D000019080210091F7F757F901980021402243
:10C0E000F7F75EF9009A01980121F7F759F9FFE790
:10C0F000002004B080BD000084B002908DF80710CD
:10C100000298D0F8C80200909DF8070000060028A9
:10C110000DD5FFE700989DF8071001F07F0101EBB6
:10C12000C10100EB8100807D8DF80F000DE00098CB
:10C130009DF8071001F07F0101EBC10100EB8100C8
:10C1400090F856028DF80F00FFE79DF80F0004B03D
:10C150007047000080B584B002908DF807100298F7
:10C16000D0F8D41200EB8100D0F8B80220B9FFE774
:10C1700003208DF80F0020E0029890F89C0203281D
:10C1800017D1FFE70298D0F8D41200EB8100D0F865
:10C19000B802006A60B1FFE70298D0F8D41200EB51
:10C1A0008101D1F8B8120A6A9DF807109047FFE79D
:10C1B000FFE700208DF80F00FFE79DF80F0004B0A7
:10C1C00080BD000080B584B002908DF80710029801
:10C1D000D0F8D41200EB8100D0F8B80220B9FFE704
:10C1E00003208DF80F0020E0029890F89C020328AD
:10C1F00017D1FFE70298D0F8D41200EB8100D0F8F5
:10C20000B802406A60B1FFE70298D0F8D41200EBA0
:10C210008101D1F8B8124A6A9DF807109047FFE7EC
:10C22000FFE700208DF80F00FFE79DF80F0004B036
:10C2300080BD000080B584B003908DF80B108DF8A0
:10C240000A20ADF8083000208DF807008DF80600B0
:10C250000398D0F8C8029DF80B10BDF808209DF88F
:10C260000A30F7F721FA8DF807009DF80700FFF76D
:10C2700091FC8DF806009DF8060004B080BD00001A
:10C2800080B586B005908DF81310039202930020BC
:10C290008DF807008DF806000598D0F8C8029DF8C3
:10C2A0001310039A029BF7F777FA8DF807009DF8B1
:10C2B0000700FFF76FFC8DF806009DF8060006B03A
:10C2C00080BD000080B586B0059000208DF8130079
:10C2D000059A012182F89C120599C1F894020599EA
:10C2E00048600599C1F8A402059981F8A002059853
:10C2F000D0F8B802A0B1FFE70598D0F8B8024068BE
:10C3000068B1FFE70598D0F8B8124A6801799047FC
:10C3100020B1FFE703208DF81300FFE7FFE7FFE7F9
:10C32000059800220192402303931146FFF782FFF4
:10C33000019A039B059901200290A1F864010598D8
:10C34000C0F8603105988021FFF774FF02990398C7
:10C35000059A9184059908629DF8130006B080BD86
:10C3600081B00090009890F89C02042807D1FFE764
:10C37000009890F89D02009981F89C02FFE7002048
:10C3800001B0704780B582B00190019890F89C028E
:10C39000032813D1FFE70198D0F8B80268B1FFE78E
:10C3A0000198D0F8B802C06930B1FFE70198D0F821
:10C3B000B812C9698847FFE7FFE7FFE7002002B02E
:10C3C00080BD000082B001908DF803109DF803003D
:10C3D00001990874002002B07047000080B582B057
:10C3E00001908DF8031000208DF802008DF80100F7
:10C3F0000198D0F8C8029DF80310F8F799F88DF865
:10C4000002009DF80200FFF7C5FB8DF801009DF8C2
:10C41000010002B080BD000080B584B0039002919D
:10C42000039800F2AA20029900F0B0F803990120C5
:10C43000C1F894020399B1F8B002C1F898020398C8
:10C4400090F8AA0200F01F000146009140B1FFE7FA
:10C45000009801280CD0FFE70098022810D017E0C0
:10C46000039800F2AA2100F055FA8DF8070019E0B0
:10C47000039800F2AA2100F089FC8DF8070011E072
:10C48000039800F2AA2100F0ABFA8DF8070009E04A
:10C49000039890F8AA1201F0800100F007F88DF8D7
:10C4A0000700FFE79DF8070004B080BD80B582B0AB
:10C4B00001908DF8031000208DF802008DF8010026
:10C4C0000198D0F8C8029DF80310F7F79BF98DF892
:10C4D00002009DF80200FFF75DFB8DF801009DF85A
:10C4E000010002B080BD000080B582B00190002044
:10C4F0008DF803008DF802000198D0F8C802F8F713
:10C5000051F88DF803009DF80300FFF743FB8DF809
:10C5100002009DF8020002B080BD000081B00090D2
:10C52000009890F89C02042807D0FFE7009890F844
:10C530009C02009981F89D02FFE70099042081F890
:10C540009C02002001B0704780B586B005908DF840
:10C5500013100392029300208DF807008DF8060057
:10C560000598D0F8C8029DF81310039A029BF7F7BC
:10C57000B9F98DF807009DF80700FFF70BFB8DF860
:10C5800006009DF8060006B080BD000080B584B0AE
:10C590000390029102980190019800780399087025
:10C5A0000198013001900198007803994870019832
:10C5B000013001900198FCF77FFF039948800198B2
:10C5C000013001900198013001900198FCF774FF4F
:10C5D0000399888001980130019001980130019001
:10C5E0000198FCF769FF0399C88004B080BD000082
:10C5F00080B584B0029001910020ADF8020001984E
:10C6000020B9FFE703208DF80F0026E0019802997A
:10C61000C1F8B8020298D0F8D41200EB8100D0F82B
:10C62000B802C06A78B1FFE70298D0F8D41200EBE4
:10C630008100D0F8B802C16A0DF102008847029962
:10C64000C1F8D002FFE70299D1F8D8020130C1F851
:10C65000D80200208DF80F00FFE79DF80F0004B00E
:10C6600080BD000081B00090002001B07047000044
:10C6700080B584B00390029102988088B8BBFFE730
:10C680000298C08898BBFFE7029840887F282ED880
:10C69000FFE70298807800F07F008DF8070003988C
:10C6A00090F89C02032805D1FFE703980299FEF752
:10C6B000B9FE1BE09DF80700039981F89E020398DC
:10C6C0009DF80710FFF78AFE0398FEF701FF9DF81B
:10C6D000070028B1FFE70399022081F89C0204E0DB
:10C6E0000399012081F89C02FFE7FFE704E003982B
:10C6F0000299FEF797FEFFE704B080BD80B582B0D7
:10C7000001908DF8031000208DF802000198D0F8F8
:10C71000B80250B1FFE70198D0F8B8120A689DF846
:10C72000031090478DF80200FFE79DF8020002B069
:10C7300080BD000080B586B00490039100208DF884
:10C740000B000398817842F69420C2F20000017039
:10C750000078022808D3FFE704980399FEF762FEE9
:10C7600003208DF81700A0E0049890F89C02014681
:10C770000191022804D0FFE7019803282FD07FE021
:10C7800042F69420C2F20000007818B3FFE742F6A8
:10C790009421C2F200010878049A50600498097844
:10C7A000FFF7ACFF8DF80B009DF80B0048B1FFE7D9
:10C7B00004980399FEF736FE0499022081F89C0242
:10C7C00007E00498FEF784FE0499032081F89C0298
:10C7D000FFE703E00498FEF77BFEFFE760E042F628
:10C7E0009420C2F20000007898B9FFE70499022073
:10C7F00081F89C0242F69421C2F200010878049A62
:10C80000506004980978FEF7A3FD0498FEF760FED7
:10C8100035E042F69420C2F200000078049949689D
:10C82000884227D0FFE704980179FEF791FD42F690
:10C830009421C2F200010878049A506004980978A3
:10C84000FFF75CFF8DF80B009DF80B0068B1FFE768
:10C8500004980399FEF7E6FD04980179FEF778FD48
:10C860000499022081F89C0203E00498FEF730FE50
:10C87000FFE703E00498FEF72BFEFFE7FFE70FE07A
:10C8800004980399FEF7CEFD049842F69421C2F273
:10C8900000010978FEF75CFD03208DF80B00FFE72F
:10C8A0009DF80B008DF81700FFE79DF8170006B004
:10C8B00080BD000080B582B0019000910098408852
:10C8C000012808D1FFE701990120C1F8A4020198CD
:10C8D000FEF7FEFD13E000984088022809D1FFE72B
:10C8E00000984079019981F8A0020198FEF7F0FDC7
:10C8F00004E001980099FEF795FDFFE7FFE702B01D
:10C9000080BD000080B582B001900198FFF7ECFD7A
:10C9100002B080BD80B586B00590049100208DF8EE
:10C920000F000498007800F0600001460291A8B161
:10C93000FFE70298202804D0FFE70298402846D15C
:10C94000FFE70598D0F8D41200EB8101D1F8B812B6
:10C950008A68049990478DF80F003DE0049840786C
:10C960000146019109282CD80199DFE801F01B2527
:10C970002A202A0A052A160F05980499FEF7A4FE14
:10C9800024E005980499FFF773FE1FE005980499C9
:10C99000FFF7D0FE8DF80F0018E005980499FEF718
:10C9A00061FE13E005980499FFF764F80EE005981E
:10C9B0000499FFF77FFF09E005980499FEF7E2FC70
:10C9C00004E005980499FEF72DFDFFE704E00598C3
:10C9D0000499FEF727FDFFE79DF80F0006B080BD24
:10C9E00080B58CB00B900A9100208DF821000A9838
:10C9F00080888DF823000A98007800F060000146D6
:10CA00000791B8B3FFE70798202805D0FFE70798FC
:10CA1000402840F0B281FFE70B989DF82310FEF705
:10CA2000D1FC8DF822009DF82200FF2821D0FFE7DD
:10CA30009DF82200E8B9FFE79DF822000B99C1F8A4
:10CA4000D4020B989DF8221000EB8100D0F8B802B8
:10CA5000806868B1FFE70B989DF8221000EB810118
:10CA6000D1F8B8128A680A9990478DF82100FFE73B
:10CA7000FFE787E10A98407801460691002800F018
:10CA8000BD80FFE7069801284CD0FFE706980328F1
:10CA900040F06D81FFE70B9890F89C0201460591EC
:10CAA000022804D0FFE70598032819D034E09DF848
:10CAB000230078B1FFE79DF8230080280AD0FFE724
:10CAC0000B989DF82310FFF7F1FC0B988021FFF7DE
:10CAD000EDFC04E00B980A99FEF7A4FCFFE720E0C8
:10CAE0000A984088A0B9FFE79DF8230078B1FFE7D6
:10CAF0009DF8230080280AD0FFE70A98C08830B943
:10CB0000FFE70B989DF82310FFF7D0FCFFE7FFE746
:10CB10000B98FEF7DDFC04E00B980A99FEF782FC07
:10CB2000FFE729E10B9890F89C0201460491022846
:10CB300004D0FFE70498032819D059E09DF823009A
:10CB400078B1FFE79DF8230080280AD0FFE70B9813
:10CB50009DF82310FFF7AAFC0B988021FFF7A6FC95
:10CB600004E00B980A99FEF75DFCFFE745E00A98A0
:10CB70004088E0BBFFE79DF82300400630B1FFE7A7
:10CB80000B989DF82310FFF765F8FFE70B98FEF769
:10CB90009FFC0B989DF82310FEF714FC8DF82200E3
:10CBA0009DF82200FF2821D0FFE79DF82200E8B978
:10CBB000FFE79DF822000B99C1F8D4020B989DF86D
:10CBC000221000EB8100D0F8B802806868B1FFE75E
:10CBD0000B989DF8221000EB8101D1F8B8128A68F9
:10CBE0000A9990478DF82100FFE7FFE7FFE704E08F
:10CBF0000B980A99FEF716FCFFE7BDE00B9890F83A
:10CC00009C0201460391022804D0FFE70398032801
:10CC100038D0A6E09DF8230050B1FFE79DF823002F
:10CC2000802805D0FFE70B980A99FEF7FBFB9DE0F3
:10CC30009DF82300000600280CD5FFE70B989DF80F
:10CC4000231001F07F0101EB810100EB8100143022
:10CC500002900CE00B989DF8231001F07F0101EB8E
:10CC6000810100EB810000F5AA700290FFE70298B5
:10CC700009900999002008600B9809990222FEF793
:10CC80000DFC73E09DF823000006002812D5FFE795
:10CC90000B989DF8231001F00F0101EB810100EBCF
:10CCA0008100808C28B9FFE70B980A99FEF7BAFB40
:10CCB0005CE012E00B989DF8231001F00F0101EBEE
:10CCC000810100EB8100B0F8640128B9FFE70B98FF
:10CCD0000A99FEF7A7FB49E0FFE79DF8230000064D
:10CCE00000280CD5FFE70B989DF8231001F07F0179
:10CCF00001EB810100EB8100143001900CE00B98F6
:10CD00009DF8231001F07F0101EB810100EB810010
:10CD100000F5AA700190FFE7019809909DF82300A3
:10CD200028B1FFE79DF82300802804D1FFE7099987
:10CD3000002008600FE00B989DF82310FFF7DCF946
:10CD400020B1FFE709990120086003E0099900205C
:10CD50000860FFE7FFE70B9809990222FEF79EFBA8
:10CD600004E00B980A99FEF75DFBFFE704E00B98DF
:10CD70000A99FEF757FBFFE704E00B980A99FEF7C4
:10CD800051FBFFE79DF821000CB080BD80B584B059
:10CD90000390029100208DF807000298007800F0BF
:10CDA00060000146009140B1FFE70098202804D0C0
:10CDB000FFE7009840285AD1FFE7039890F89C02BB
:10CDC000013802284DD8FFE702980079012842D89F
:10CDD000FFE7039802990979FEF7FCFA8DF806003F
:10CDE0009DF80600FF2825D0FFE79DF8060008BB48
:10CDF000FFE703989DF8061000EB8100D0F8B80219
:10CE0000806890B1FFE79DF806000399C1F8D4024D
:10CE100003989DF8061000EB8101D1F8B8128A68DA
:10CE2000029990478DF8070003E003208DF8070072
:10CE3000FFE703E003208DF80700FFE70298C088B2
:10CE400040B9FFE79DF8070020B9FFE70398FEF718
:10CE50003FFBFFE704E003980299FEF7E3FAFFE7E0
:10CE600004E003980299FEF7DDFAFFE704E0039877
:10CE70000299FEF7D7FAFFE79DF8070004B080BDDE
:10CE800081B0009001B0704781B0009042F69840A8
:10CE9000C2F2000001B0704784B003900291039881
:10CEA000019002980078009002984078012830D1D3
:10CEB000FFE70298007800F00F01012000FA01F26C
:10CEC0000199D1F81C081043C1F81C080198009979
:10CED00000EB4110D0F800090004002818D4FFE747
:10CEE000029988686FF3DF20097940EA8140009A4F
:10CEF00040EA8250019901EB4211D1F80029104318
:10CF000048F20002C1F200021043C1F80009FFE735
:10CF10002EE00298007800F00F01012000FA01F2E3
:10CF20000199D1F81C0840EA0240C1F81C08019898
:10CF3000009900EB4110D0F8000B0004002816D433
:10CF4000FFE7029988686FF3DF20097940EA8140A2
:10CF50000199009A01EB4211D1F8002B104348F2DD
:10CF60000002C1F200021043C1F8000BFFE7FFE727
:10CF7000002004B07047000082B00190019800903A
:10CF80000099D1F8000940F2FF729043C1F80009FE
:10CF90000099D1F8040840F48070C1F8040800201A
:10CFA00002B0704780B58AB0DDF830C0CDF814C04B
:10CFB0000493039202919DF814108DF824100299A5
:10CFC000039A049B08930792069101909DF81D0017
:10CFD000012823D1FFE70199886B20F48030886312
:10CFE0000199C8684FF6BF72CFF6BD721040C86095
:10CFF0000199C86820F44010C8609DF824000128F9
:10D0000006D1FFE70199C86840F48010C860FFE7C7
:10D01000019800F033F88DF803001AE00199C86810
:10D0200040F04000C860019800F028F88DF8030037
:10D030009DF8210030B9FFE70199886B40F48030FA
:10D04000886305E00199886B20F480308863FFE7EE
:10D05000FFE79DF81A0001280BD1FFE701998868C6
:10D0600040F0060088600199886840F020008860E0
:10D07000FFE79DF803000AB080BD000083B0019077
:10D0800000200090FFE70098013000900098B0F178
:10D09000706F04D9FFE703208DF80B0026E0FFE74F
:10D0A00001980069C00F0028EDD0FFE70020009034
:10D0B0000199086940F001000861FFE7009801301C
:10D0C00000900098B0F1706F04D9FFE703208DF84D
:10D0D0000B000BE0FFE70198006900F00100012858
:10D0E000ECD0FFE700208DF80B00FFE79DF80B0068
:10D0F00003B0704784B003900291039801900298A6
:10D100000078009002984078012845D1FFE7019807
:10D11000009900EB4110D0F80009C00FA8B1FFE75B
:10D120000198009900EB4111D1F8000940F000602E
:10D13000C1F800090198009900EB4111D1F80009EC
:10D1400040F08040C1F80009FFE70298007800F045
:10D150000F01012000FA01F3019AD2F83C1899431B
:10D16000C2F83C180299097801F00F0100FA01F2A7
:10D170000199D1F81C089043C1F81C080198009946
:10D1800000EB4111D1F8000947F60002CEF6334218
:10D190001040C1F8000946E00198009900EB4110E9
:10D1A000D0F8000BC00FA8B1FFE70198009900EB81
:10D1B0004111D1F8000B40F00060C1F8000B01985C
:10D1C000009900EB4111D1F8000B40F08040C1F80C
:10D1D000000BFFE70298007800F00F01012000FA31
:10D1E00001F3019AD2F83C1821EA0341C2F83C1835
:10D1F0000299097801F00F0100FA01F20199D1F8C2
:10D200001C0820EA0240C1F81C080198009900EBB4
:10D210004111D1F8000B47F60002CEF6F372104030
:10D22000C1F8000BFFE7002004B0704782B0019006
:10D23000019800900099D1F8000E20F00300C1F889
:10D24000000E0099D1F8040820F00200C1F804088B
:10D25000002002B07047000082B001900198009059
:10D260000099D1F8000E20F00300C1F8000E0099DB
:10D27000D1F8040840F00200C1F80408002002B010
:10D280007047000080B58CB0DDF838C0CDF81CC008
:10D290000693059204919DF81C108DF82C100499AA
:10D2A000059A069B0A9309920891039000208DF835
:10D2B0000B00039901910090FFE700980E280CD80D
:10D2C000FFE70398009900EB81010020C1F80401F9
:10D2D000FFE7009801300090EFE79DF82A00B8B909
:10D2E000FFE70199D1F8040840F00200C1F80408F2
:10D2F0000399886B40F4001088630399886B20F4CD
:10D30000002088630399886B20F4802088630AE0FA
:10D310000399886B20F4001088630399886B40F4AC
:10D3200000208863FFE701990020C1F8000E9DF8F6
:10D33000250001280FD1FFE79DF8230028B9FFE75A
:10D340000398002100F084FE04E00398012100F01E
:10D350007FFEFFE704E00398032100F079FEFFE77A
:10D360000398102100F0A8FC20B1FFE701208DF800
:10D370000B00FFE7039800F065FC20B1FFE70120F8
:10D380008DF80B00FFE701990020C1F81008019902
:10D39000C1F814080199C1F81C080090FFE7009833
:10D3A0009DF8201088423BD2FFE70198009900EBDE
:10D3B0004110D0F80009C00FB0B1FFE7009848B99C
:10D3C000FFE70198009900EB41114FF00060C1F8B0
:10D3D000000908E00198009900EB41114FF09040DE
:10D3E000C1F80009FFE707E00198009900EB41113F
:10D3F0000020C1F80009FFE70198009900EB4111F6
:10D400000020C1F810090198009900EB41114FF676
:10D410007F30C1F80809FFE7009801300090BEE7AF
:10D4200000200090FFE700989DF8201088423BD232
:10D43000FFE70198009900EB4110D0F8000BC00FF6
:10D44000B0B1FFE7009848B9FFE70198009900EBF9
:10D4500041114FF00060C1F8000B08E001980099FD
:10D4600000EB41114FF09040C1F8000BFFE707E0DF
:10D470000198009900EB41110020C1F8000BFFE773
:10D480000198009900EB41110020C1F8100B0198A0
:10D49000009900EB41114FF67F30C1F8080BFFE710
:10D4A000009801300090BEE70199D1F8100820F4EF
:10D4B0008070C1F8100803990020886103996FF00B
:10D4C000804048619DF8220030B9FFE703998869E0
:10D4D00040F010008861FFE70399886943F6000275
:10D4E000C8F23C02104388619DF8260030B1FFE786
:10D4F0000399886940F008008861FFE79DF82A00D9
:10D50000012808D1FFE7039988690422C4F20002C8
:10D5100010438861FFE79DF80B000CB080BD000050
:10D5200081B000900099886820F001008860002098
:10D5300001B0704786B004908DF80F1002920498E5
:10D5400001900498006C0090009843F20B01C4F61F
:10D55000547188420BD3FFE70198D0F8000BC00F3D
:10D5600020B1FFE700208DF817002EE0FFE70199BA
:10D570000020C1F8100B0199D1F8100B40F40020E5
:10D58000C1F8100B0199D1F8100B40F01800C1F848
:10D59000100B0199D1F8100B40F0C040C1F8100BEE
:10D5A0009DF80F0001280CD1FFE702980199C1F8FE
:10D5B000140B0199D1F8000B40F08020C1F8000B4A
:10D5C000FFE700208DF81700FFE79DF8170006B071
:10D5D0007047000084B00390029103980190029874
:10D5E0000078009002984078012820D1FFE7019848
:10D5F000009900EB4111D1F8000920F40010C1F8A6
:10D60000000902980079032805D0FFE70298007905
:10D6100002280BD1FFE70198009900EB4111D1F8E6
:10D62000000940F08050C1F80009FFE71FE00198B1
:10D63000009900EB4111D1F8000B20F40010C1F863
:10D64000000B02980079032805D0FFE702980079C3
:10D6500002280BD1FFE70198009900EB4111D1F8A6
:10D66000000B40F08050C1F8000BFFE7FFE70020FF
:10D6700004B0704784B0039002910398019002981F
:10D680000078009002984078012822D1FFE70198A5
:10D69000009900EB4110D0F80009C00F70B9FFE706
:10D6A000009858B1FFE70198009900EB4111D1F8BB
:10D6B000000920F08040C1F80009FFE701980099B7
:10D6C00000EB4111D1F8000940F40010C1F8000945
:10D6D00021E00198009900EB4110D0F8000BC00F39
:10D6E00070B9FFE7009858B1FFE70198009900EB87
:10D6F0004111D1F8000B20F08040C1F8000BFFE78A
:10D700000198009900EB4111D1F8000B40F4001092
:10D71000C1F8000BFFE7002004B0704780B588B067
:10D72000079006918DF817200798049006980078C6
:10D73000039006984078012840F02481FFE706987E
:10D740000069F8B9FFE70498039900EB4111D1F89B
:10D7500010096FF3DC40C1F810090498039900EB3D
:10D760004111D1F8100940F40020C1F810090498C3
:10D77000039900EB4111D1F810096FF31200C1F8C1
:10D78000100971E00498039900EB4111D1F81009D8
:10D790006FF31200C1F810090498039900EB4111CE
:10D7A000D1F810096FF3DC40C1F810090398A8B94B
:10D7B000FFE7069881680069884204D9FFE7069967
:10D7C00088680861FFE70498039900EB4111D1F8DC
:10D7D000100940F40020C1F8100937E0069881686C
:10D7E000006908440138B0FBF1F0ADF80A00BDF85B
:10D7F0000A100020C1F6F87000EAC14204980399AB
:10D8000000EB4111D1F810091043C1F81009069836
:10D810000079012819D1FFE70498039900EB411121
:10D82000D1F8100920F0C040C1F81009BDF80A0075
:10D8300000F003020498039900EB4111D1F810099C
:10D8400040EA4270C1F81009FFE7FFE70698026955
:10D850006FF3DF420498039900EB4111D1F81009EE
:10D860001043C1F81009FFE79DF8170001283BD1CC
:10D87000FFE70698C06948B1FFE70698C0690499B8
:10D88000039A01EB4211C1F81409FFE706980079E9
:10D8900001281ED1FFE70498D0F80808C005002829
:10D8A0000BD4FFE70498039900EB4111D1F800096C
:10D8B00040F00050C1F800090AE00498039900EB19
:10D8C0004111D1F8000940F08050C1F80009FFE78C
:10D8D000FFE70498039900EB4111D1F8000940F0EB
:10D8E0000440C1F800094CE00498039900EB411191
:10D8F000D1F8000940F00440C1F800090698007909
:10D90000012813D0FFE70698006970B1FFE7069879
:10D91000007800F00F01012000FA01F20499D1F81B
:10D9200034081043C1F83408FFE729E00498D0F820
:10D930000808C00500280BD4FFE70498039900EB02
:10D940004111D1F8000940F00050C1F800090AE087
:10D950000498039900EB4111D1F8000940F0805080
:10D96000C1F80009FFE70798069BD9681A781B8A57
:10D970009DF817C0EE46CEF800C000F059FCFFE756
:10D98000FFE7C4E00498039900EB4111D1F8100BB4
:10D990006FF31200C1F8100B0498039900EB4111CA
:10D9A000D1F8100B6FF3DC40C1F8100B039818BBD3
:10D9B000FFE70698006920B1FFE7069988680861CB
:10D9C000FFE70699886808620698026A6FF3DF42EB
:10D9D0000498039900EB4111D1F8100B1043C1F8E2
:10D9E000100B0498039900EB4111D1F8100B40F48F
:10D9F0000020C1F8100B49E006980069C0B9FFE7A4
:10DA0000069882686FF3DF420498039900EB411196
:10DA1000D1F8100B1043C1F8100B0498039900EBD8
:10DA20004111D1F8100B40F40020C1F8100B2CE08C
:10DA300006988168006908440138B0FBF1F0ADF840
:10DA40000A0006998868BDF80A2050430862BDF8AC
:10DA50000A100020C1F6F87000EAC1420498039948
:10DA600000EB4111D1F8100B1043C1F8100B0698D0
:10DA7000026A6FF3DF420498039900EB4111D1F879
:10DA8000100B1043C1F8100BFFE7FFE79DF81700DC
:10DA900001280ED1FFE70698C06848B1FFE7069855
:10DAA000C0680499039A01EB4211C1F8140BFFE717
:10DAB000FFE70698007901281ED1FFE70498D0F807
:10DAC0000808C00500280BD4FFE70498039900EB71
:10DAD0004111D1F8000B40F00050C1F8000B0AE0F2
:10DAE0000498039900EB4111D1F8000B40F08050ED
:10DAF000C1F8000BFFE7FFE70498039900EB411121
:10DB0000D1F8000B40F00440C1F8000BFFE7002003
:10DB100008B080BD85B004900391002002908DF87C
:10DB20000700049800900398407801283ED1FFE751
:10DB300000980399097800EB4110D0F80009C00F54
:10DB400098B3FFE700980399097800EB4111D1F8E9
:10DB5000000940F00060C1F80009009803990978B5
:10DB600000EB4111D1F8000940F08040C1F80009F4
:10DB7000FFE7029801300290029842F21171884248
:10DB800004D3FFE701208DF807000DE0FFE70098C0
:10DB90000399097800EB4110D0F8000900F000402B
:10DBA000B0F1004FE5D0FFE7FFE73DE000980399B3
:10DBB000097800EB4110D0F8000BC00F98B3FFE7D5
:10DBC00000980399097800EB4111D1F8000B40F05F
:10DBD0000060C1F8000B00980399097800EB41112F
:10DBE000D1F8000B40F08040C1F8000BFFE702982D
:10DBF00001300290029842F21171884204D3FFE78B
:10DC000001208DF807000DE0FFE7009803990978DF
:10DC100000EB4110D0F8000B00F00040B0F1004FD5
:10DC2000E5D0FFE7FFE7FFE79DF8070005B0704785
:10DC300081B000900099886840F001008860002061
:10DC400001B0704783B0019000200090FFE700987A
:10DC5000013000900098B0F1706F04D9FFE7032005
:10DC60008DF80B0024E0FFE701980069C00F002841
:10DC7000EDD0FFE700200090019910200861FFE738
:10DC80000098013000900098B0F1706F04D9FFE760
:10DC900003208DF80B000BE0FFE70198006900F00E
:10DCA00010001028ECD0FFE700208DF80B00FFE7F4
:10DCB0009DF80B0003B0704784B0029001910020E2
:10DCC0000090FFE70098013000900098B0F1706F6D
:10DCD00004D9FFE703208DF80F0026E0FFE7029844
:10DCE0000069C00F0028EDD0FFE7002000900198E8
:10DCF0008001203002990861FFE700980130009010
:10DD00000098B0F1706F04D9FFE703208DF80F0081
:10DD10000BE0FFE70298006900F020002028ECD01B
:10DD2000FFE700208DF80F00FFE79DF80F0004B01B
:10DD30007047000084B00390039802900298D0F8D6
:10DD4000080800F006000090009820B9FFE70020C6
:10DD50008DF8070010E00098022804D0FFE7009833
:10DD6000062804D1FFE702208DF8070003E00F200A
:10DD70008DF80700FFE7FFE79DF8070004B0704744
:10DD800081B000900098406900F0010001B0704738
:10DD900082B00190009100980199486602B07047E6
:10DDA00083B00290029801900198D0F81808009072
:10DDB0000198D0F81C18009808400090BDF80000A9
:10DDC00003B0704783B00290029801900198D0F898
:10DDD000180800900198D0F81C180098084000908E
:10DDE000BDF8020003B0704786B005908DF813109F
:10DDF000059803900398D0F8100801900398D0F884
:10DE00003408009000989DF8131001F00F01C840ED
:10DE100000F00101019840EAC110019003989DF8BB
:10DE2000131000EB4110D0F8080901990840029046
:10DE3000029806B07047000084B003908DF80B1074
:10DE40000398019001989DF80B1000EB4110D0F859
:10DE5000080B00900198D0F8141800980840009022
:10DE6000009804B07047000082B0019001984069AA
:10DE7000009001988169009808400090009802B0D5
:10DE80007047000089B008900791ADF81A200898F3
:10DE9000059007980490BDF81A0080080190BDF81D
:10DEA0001A0000F00300ADF8020000200290FFE726
:10DEB00002980199884217D2FFE705984FF48051E4
:10DEC0004058049908600498013004900498013087
:10DED0000490049801300490049801300490FFE706
:10DEE000029801300290E3E7BDF8020008B3FFE7B3
:10DEF0000020029005984FF4805140580390FFE7AE
:10DF000003989DF80810C900C84004990870029849
:10DF100001300290049801300490BDF802000138ED
:10DF2000ADF80200FFE7BDF802000028E8D1FFE7E6
:10DF3000FFE7049809B0704780B586B004908DF86B
:10DF40000F10002002900499C86820F0C040C860FB
:10DF50009DF80F00012823D1FFE70499C86840F01D
:10DF60000050C860FFE70A20F4F7BAF902980A30B7
:10DF70000290FFE70498FFF703FF01460020012904
:10DF8000019007D0FFE702990020C82938BF01207F
:10DF90000190FFE70198C0070028E4D1FFE72AE0DD
:10DFA0009DF80F0010BBFFE70499C86840F080405F
:10DFB000C860FFE70A20F4F793F902980A3002904C
:10DFC000FFE70498FFF7DCFE01460020009039B11E
:10DFD000FFE702990020C82938BF01200090FFE721
:10DFE0000098C0070028E5D1FFE703E001208DF885
:10DFF00017000CE0FFE70298C82804D1FFE70120D2
:10E000008DF8170003E000208DF81700FFE79DF85A
:10E01000170006B080BD000083B002908DF8071095
:10E02000029800900099D1F8000820F4FE60C1F831
:10E0300000089DF8070000F07F020099D1F8000861
:10E0400040EA0210C1F80008002003B07047000049
:10E0500083B002908DF80710029800909DF8072079
:10E060000099D1F800081043C1F80008002003B05F
:10E070007047000084B0039002918DF807209DF84E
:10E080000700022840F0B880FFE702984AF6C04136
:10E09000C0F2D80188420BD3FFE702984EF2BF11BD
:10E0A000C0F2E401884203D8FFE70F200090A2E00D
:10E0B00002984EF2C011C0F2E40188420BD3FFE790
:10E0C000029842F2FF31C0F2F401884203D8FFE720
:10E0D0000E2000908EE0029842F20041C0F2F4015E
:10E0E00088420BD3FFE7029847F27F31C0F2061156
:10E0F000884203D8FFE70D2000907AE0029847F2AB
:10E100008031C0F2061188420BD3FFE7029844F633
:10E110009F11C0F21A11884203D8FFE70C2000902B
:10E1200066E0029844F6A011C0F21A1188420BD39F
:10E13000FFE7029842F6FF41C0F23111884203D84E
:10E14000FFE70B20009052E0029842F60051C0F227
:10E15000311188420BD3FFE702984AF23F41C0F2E7
:10E160004C11884203D8FFE70A2000903EE0029855
:10E170004AF24041C0F24C1188420BD3FFE70298AB
:10E1800043F2FF51C0F26E11884203D8FFE7092025
:10E1900000902AE0029843F20061C0F26E118842BA
:10E1A0000BD3FFE702984AF61F31C0F2A61188424E
:10E1B00003D8FFE70820009016E002984AF62031C5
:10E1C000C0F2A61188420BD3FFE7029844F2FF7118
:10E1D000C0F2E811884203D8FFE70720009002E070
:10E1E00006200090FFE7FFE7FFE7FFE7FFE7FFE715
:10E1F000FFE7FFE7FFE70AE09DF8070018B9FFE730
:10E200000920009002E009200090FFE7FFE7039952
:10E21000C86820F47050C860009800F00F0203999D
:10E22000C86840EA8220C860002004B0704700003F
:10E2300080B588B084460A98CDF81CC006918DF848
:10E240001720ADF814308DF8130007980390069846
:10E2500002909DF8130048BBFFE7BDF8140003309F
:10E260008008019000200090FFE700980199884203
:10E270001BD2FFE70298006803999DF8172001EB75
:10E2800002314FF480528850029801300290029877
:10E290000130029002980130029002980130029001
:10E2A000FFE7009801300090DFE7FFE7002008B0AB
:10E2B00080BD0000FFE7FEE780B50EF097FB80BD54
:10E2C00080B50EF0F3FB80BD80B50EF0B5FB80BDD0
:10E2D00080B50EF0BDFB80BD80B50EF0C1FB80BDEA
:10E2E00080B50EF02FFC0EF053FC80BD80B50EF013
:10E2F00003FC80BD80B584B0039041F20400CEF2EF
:10E30000000000680290029803990968401A00EE24
:10E31000100AB8EE400A40F20C40C2F2000090ED44
:10E32000001AB8EE411A80EE010A8DED010A02983A
:10E330000399086002F06AF89DED010A04B080BDFF
:10E3400083B002908DED010ACDED000A029890EDA8
:10E35000000A9DED011AB4EE410AF1EE10FA04DA5A
:10E36000FFE70198029908600FE0029890ED000A1B
:10E370009DED001AB4EE410AF1EE10FA04DDFFE75C
:10E38000009802990860FFE7FFE703B070470000BC
:10E3900082B08DED010A9DED010A9FED0B1A80EE12
:10E3A000010A9FED0A1A20EE010A9FED091A30EECC
:10E3B000010A8DED000A9DED000ABDEEC00A10EEC7
:10E3C000100A02B0704700BF000034430000FA4456
:10E3D0000000FA4385B004908DF80F10049844F2C1
:10E3E0008821C2F2000188423FD1FFE79DF80F006B
:10E3F000013801460191072836D80199DFE801F07C
:10E40000040A10161C22282E40F29120C2F20000AD
:10E41000029029E040F29920C2F20000029023E02D
:10E4200040F2A120C2F2000002901DE040F2A920BB
:10E43000C2F20000029017E040F2B120C2F20000E8
:10E44000029011E040F2B920C2F2000002900BE00D
:10E4500040F2C120C2F20000029005E040F2C92063
:10E46000C2F200000290FFE747E0049844F2B021B6
:10E47000C2F2000188423FD1FFE79DF80F0001384A
:10E4800001460091072836D80099DFE801F0040A18
:10E4900010161C22282E40F25830C2F200000290C2
:10E4A00029E040F26030C2F20000029023E040F226
:10E4B0006830C2F2000002901DE040F27030C2F2FB
:10E4C0000000029017E040F27830C2F200000290A3
:10E4D00011E040F28030C2F2000002900BE040F206
:10E4E0008830C2F20000029005E040F29030C2F2A3
:10E4F00000000290FFE7FFE7FFE7029805B07047D2
:10E5000085B004908DF80F10049844F28821C2F26F
:10E51000000188423FD1FFE79DF80F000138014616
:10E520000191072836D80199DFE801F0040A101696
:10E530001C22282E40F2D120C2F20000029029E0D5
:10E5400040F2D920C2F20000029023E040F2E12024
:10E55000C2F2000002901DE040F2E920C2F2000089
:10E56000029017E040F2F120C2F20000029011E0A8
:10E5700040F2F920C2F2000002900BE040F20130BC
:10E58000C2F20000029005E040F20930C2F2000041
:10E590000290FFE747E0049844F2B021C2F2000184
:10E5A00088423FD1FFE79DF80F00013801460091F6
:10E5B000072836D80099DFE801F0040A10161C225B
:10E5C000282E40F29830C2F20000029029E040F27A
:10E5D000A030C2F20000029023E040F2A830C2F264
:10E5E000000002901DE040F2B030C2F20000029044
:10E5F00017E040F2B830C2F20000029011E040F2A1
:10E60000C030C2F2000002900BE040F2C830C2F20B
:10E610000000029005E040F2D030C2F2000002900B
:10E62000FFE7FFE7FFE7029805B0704785B0049069
:10E630008DF80F10049844F28821C2F2000188423C
:10E640005BD1FFE79DF80F000138014601910A28D0
:10E6500052D80199DFE801F0060C131A21272E3554
:10E660003C42490040F28120C2F20000029043E0A7
:10E6700040F28120C2F20000023002903CE040F201
:10E680008120C2F200000430029035E040F2812087
:10E69000C2F20000063002902EE040F27920C2F271
:10E6A0000000029028E040F27920C2F2000002301F
:10E6B000029021E040F27920C2F200000430029082
:10E6C0001AE040F27920C2F200000630029013E016
:10E6D00040F28920C2F2000002900DE040F2892051
:10E6E000C2F200000230029006E040F28920C2F23D
:10E6F000000004300290FFE763E0049844F2B02188
:10E70000C2F2000188425BD1FFE79DF80F0001389B
:10E71000014600910A2852D80099DFE801F0060C62
:10E72000131A21272E353C42490040F24830C2F2EC
:10E730000000029043E040F24830C2F20000023094
:10E7400002903CE040F24830C2F2000004300290F7
:10E7500035E040F24830C2F20000063002902EE070
:10E7600040F24030C2F20000029028E040F2403017
:10E77000C2F200000230029021E040F24030C2F2CA
:10E780000000043002901AE040F24030C2F2000073
:10E790000630029013E040F25030C2F200000290C6
:10E7A0000DE040F25030C2F200000230029006E06C
:10E7B00040F25030C2F2000004300290FFE7FFE761
:10E7C000FFE7029805B0704780B582B000F028F8E6
:10E7D00042F2BC30C2F2000090ED000AB8EE401ADE
:10E7E000818800EE101AB8EEC00A9FED0B2A20EEC9
:10E7F000020A30EE011AC08800EE100AB8EEC00A14
:10E800009FED062A20EE020A30EE010A8DED010A84
:10E810009DED010A02B080BD6F12833ABD37863587
:10E8200010B584B001F0F2FD40F22440C2F20000C5
:10E83000016843F69470C2F200000068401A40F28A
:10E840001841C2F200010860086840F20C4EC2F2A2
:10E85000000EDEF80020B0FBF2F243F6F860C2F2E0
:10E86000000000230193436002600A68D0F800C0F2
:10E870004168DEF800E0ACFB0EC401FB0E41B2EBD8
:10E880000C0C63EB010243F60071C2F2000102912D
:10E89000C1F800C04A60006842F2BC32C2F2000215
:10E8A000039210600868496840F21042C2F2000208
:10E8B00000921268F1F743FDDDF800C0019B039A56
:10E8C000014602989180016840689288DCF800C097
:10E8D00002FB0CF28A1A60F1000043F60871C2F2E2
:10E8E00000010A6048600868496840F21442C2F2B8
:10E8F00000021268F1F723FD0399C88004B010BD2F
:10E9000087B08DED060ACDED050A8DED041A039052
:10E9100002919DED060A9DED052A30EE420A9DED1D
:10E92000041A31EE421A80EE010A8DED010A9DEDC6
:10E93000010A02990398091A01EE101AB8EEC12AC9
:10E9400001EE100AB8EEC11A20EE020A30EE010AFA
:10E95000BDEEC00A8DED000A009807B070470000B8
:10E9600087B00690059104928DED030ACDED020A61
:10E9700006980599401A00EE100AB8EEC00A0498ED
:10E98000401A01EE100AB8EEC11A80EE010A8DEDB0
:10E99000010A9DED010A9DED022A9DED031A32EE5A
:10E9A000412A20EE020A30EE010A8DED000A9DEDAB
:10E9B000000A07B07047000083B0029001918DF803
:10E9C0000320FFE70198411E019198B1FFE79DF8F0
:10E9D000030002994A1C0292097848408DF802000F
:10E9E0009DF802104EF2A470C0F60100405C8DF854
:10E9F0000300E7E79DF8030003B0704780B58AB0D5
:10EA000009908DF823108DF822208DF8213044F6DE
:10EA1000FA51C2F2000106910420088044F6F85130
:10EA2000C2F20001082008809DF8230009990873AC
:10EA30009DF82200099948739DF82100099988736F
:10EA40000999002008749DF82100F1F749FC099903
:10EA50004861099840699DF82110F1F75FFD06981B
:10EA600000889DF821104843F1F73AFC0699099A6D
:10EA700090610998806909889DF821205143F1F738
:10EA80006FFD069800889DF821104843F1F728FC97
:10EA90000699099AD0610998C06909889DF82120D2
:10EAA0005143F1F75DFD069800889DF82310484317
:10EAB000F1F716FC0699099A10620998006A09880C
:10EAC0009DF823205143F1F74BFD9DF82100F1F70C
:10EAD00007FC099948620998406A9DF82110F1F7EE
:10EAE0001DFD069800889DF823104843F1F7F8FBB8
:10EAF0000699099A10600998006809889DF82320F2
:10EB00005143F1F72DFD069800889DF821104843E8
:10EB1000F1F7E6FB0699099A506009984068098860
:10EB20009DF821205143F1F71BFD069800889DF8C0
:10EB300022104843F1F7D4FB0699099A906009988E
:10EB4000806809889DF822205143F1F709FD069855
:10EB500000889DF823104843F1F7C2FB0699099AF3
:10EB6000C2F8E8000998D0F8E80009889DF8232049
:10EB70005143F1F7F5FC099A02F13000117BD2F80C
:10EB8000E830012207920EF068F8069800889DF898
:10EB900023104843F1F7A4FB0699099AC2F8EC0048
:10EBA0000998D0F8EC0009889DF823205143F1F72B
:10EBB000D7FC079A099B03F13800197BD3F8EC3096
:10EBC0000EF04BF89DF8220010B3FFE744F6FA5020
:10EBD000C2F20000059000889DF822104843F1F72A
:10EBE0007FFB0599099AC2F8F0000998D0F8F00067
:10EBF00009889DF822205143F1F7B2FC099A02F1ED
:10EC00004000517BD2F8F03001220EF026F8FFE7E9
:10EC100044F6FA50C2F20000049000889DF82110DA
:10EC20004843F1F75DFB0499099AC2F8F40009988A
:10EC3000D0F8F40009889DF821205143F1F790FCA9
:10EC4000099A02F14800917BD2F8F43001220EF0CB
:10EC500004F8049800889DF8231048434843F1F7CE
:10EC60003FFB0499099AC2F8F8000998D0F8F80017
:10EC700009889DF8232051435143F1F771FC09990C
:10EC800001F150000A7BD1F8F83011460DF0E5FF94
:10EC9000049800889DF8231048434843F1F720FB6F
:10ECA0000499099AC2F8FC000998D0F8FC00098878
:10ECB0009DF8232051435143F1F752FC099901F18A
:10ECC00058000A7BD1F8FC3011460DF0C6FF0498BD
:10ECD00000889DF8231048434843F1F701FB0146A3
:10ECE0000498099AC2F8001100889DF8231048433F
:10ECF0004843F1F7F5FA0499099AC2F80401099812
:10ED0000D0F8000109889DF8232051435143F1F7C1
:10ED100027FC04990998D0F8040109889DF823205C
:10ED200051435143F1F71CFC099901F160000A7B42
:10ED3000D1F8003111460DF090FF099901F16800FA
:10ED40000A7BD1F8043111460DF087FF9DF82200AF
:10ED500040B3FFE744F6FA50C2F200000390008887
:10ED60009DF8231048439DF822104843F1F7B8FA64
:10ED70000399099AC2F808010998D0F8080109888E
:10ED80009DF8232051439DF822205143F1F7E8FBE1
:10ED9000099B03F17000197B5A7BD3F808310DF001
:10EDA0005CFFFFE744F6FA50C2F2000001900088D1
:10EDB0009DF8211048439DF823104843F1F790FA3D
:10EDC00001460198099AC2F80C1100889DF8231099
:10EDD00048439DF821104843F1F782FA0199099AB6
:10EDE000C2F810010998D0F80C0109889DF821207B
:10EDF00051439DF823205143F1F7B2FB0199099843
:10EE0000D0F8100109889DF8232051439DF8212056
:10EE10005143F1F7A5FB099B03F178001A7B997B1D
:10EE2000D3F80C310DF019FF099B03F18000197B19
:10EE30009A7BD3F810310DF010FF019800889DF8EF
:10EE4000231048434843F1F74BFA0199099AC2F855
:10EE500014010998D0F8140109889DF82320514322
:10EE60005143F1F77DFB099901F188000A7BD1F844
:10EE7000143111460DF0F1FE019800889DF8211023
:10EE800048434843F1F72CFA0199099AC2F818014E
:10EE90000998D0F8180109889DF821205143514361
:10EEA000F1F75EFB099901F190008A7BD1F81831E6
:10EEB00011460DF0D2FE019800889DF823104843BA
:10EEC0009DF821104843F1F70BFA0199099AC2F80D
:10EED0001C010998D0F81C0109889DF82320514392
:10EEE0009DF821205143F1F73BFB099B03F198006A
:10EEF000197B9A7BD3F81C310DF0AFFE0198008886
:10EF00000999097B48434843F1F7EAF9014601981A
:10EF1000099AC2F8201100880999097B484348439F
:10EF2000F1F7DEF901460198099AC2F82411008828
:10EF30000999097B48434843F1F7D2F90146019802
:10EF4000099AC2F8281100880999097B4843F1F70A
:10EF5000C7F901460198099AC2F82C11008809994D
:10EF6000097B4843F1F7BCF90999C1F830010999C7
:10EF700001F1A0000A7BD1F8203111460DF06DFEA1
:10EF8000099901F1A8000A7BD1F8243111460DF04E
:10EF900064FE099901F1B0000A7BD1F828311146CD
:10EFA0000DF05BFE099A02F1B800117BD2F82C310A
:10EFB000012202920DF051FE029A099B03F1C0005A
:10EFC000197BD3F830310DF048FE0999002081F803
:10EFD0002800099981F82900099981F82A000999DE
:10EFE00081F82B00099981F82C000AB080BD00003F
:10EFF00080B582B00190019890F82A00002872D163
:10F00000FFE7019901F1780080310EF097F801993E
:10F0100081F8C8000199B1F87800A1F8A800019919
:10F02000B1F85A00A1F8AA00019A02F1780002F1A1
:10F030005801A8320DF090FF019981F8C80001999C
:10F04000B1F8A800A1F8B0000199B1F88200A1F8C8
:10F05000B200019A02F1A80002F18001B0320DF075
:10F060007BFF019981F8C8000199B1F89000A1F8DF
:10F07000A0000199B1F89200A1F8A200019A02F152
:10F08000B00002F19001A0320DF08AFD019981F8E3
:10F09000C800019901F1A000B0310DF0E3FD019924
:10F0A00081F8C8000199B1F85800A1F8A8000199A9
:10F0B000B1F88200A1F8AA00019A02F1580002F109
:10F0C0008001A8320DF048FF019981F8C800019A2B
:10F0D00002F1A80002F1B00198320DF03DFF019954
:10F0E00081F8C800FFE702B080BD000080B582B0A3
:10F0F0000190ADF80210019940F25070C2F2000088
:10F1000000F52A6002F0A8FB02B080BD84B0029036
:10F110000191ADF80220029828B9FFE74FF6FF7081
:10F12000ADF80E0021E0FFE70198411E0191B8B152
:10F13000FFE70298411C029100788DF80100BDF8AC
:10F1400002109DF801004840C2B24EF21430C0F6E1
:10F15000010030F8120080EA1120ADF80200E3E768
:10F16000BDF80200ADF80E00FFE7BDF80E0004B0D8
:10F170007047000080B582B001900091019940F283
:10F180005070C2F2000000F57E6002F03BFF02B05A
:10F1900080BD000080B584B0039003988068D8BB20
:10F1A000FFE703980068029002980190102826D08B
:10F1B000FFE7019840F20221884213D0FFE701984F
:10F1C00040F20321884226D1FFE7039800F11C0199
:10F1D00040F25070C2F2000041F2843210440AF052
:10F1E00017FA18E0039800F11C0140F25070C2F2C7
:10F1F000000041F2B04210440AF00AFA0BE0039812
:10F2000000F11C0140F25070C2F2000000F599506C
:10F210000AF00EFEFFE71AE003988068042815D173
:10F22000FFE7039800790290029804280DD1FFE7C8
:10F23000039800F11C0140F25070C2F2000041F24C
:10F24000F012104409F06CFCFFE7FFE7FFE704B0A1
:10F2500080BD000080B584B003900398806820B919
:10F26000FFE703980068029009E00398806804288B
:10F2700004D1FFE7039800790290FFE7FFE70298C7
:10F280000190012813D0FFE7019840F20321884242
:10F2900019D1FFE7039800F11C0140F25070C2F24F
:10F2A000000041F2E85210440AF04CFC0BE00398D5
:10F2B00000F11C0140F25070C2F2000000F58650CF
:10F2C00009F02EFCFFE704B080BD000083B002907F
:10F2D0000191ADF8022003B07047000080B582B004
:10F2E0000190ADF80210019940F25070C2F2000096
:10F2F00000F52A6002F0C8FA02B080BD80B584B083
:10F300000390039800F0EEF80398D0F8CC0028B1F1
:10F31000FFE70398D0F8CC108847FFE7039800F088
:10F32000DBFF0398D0F8D00028B1FFE70398D0F8AE
:10F33000D0108847FFE7039800F08EFF0398D0F8BD
:10F34000D40028B1FFE70398D0F8D4108847FFE72E
:10F350000398007C20B9FFE70398C07BF0B9FFE772
:10F360000398FFF745FE0398D0F8D80028B1FFE7CF
:10F370000398D0F8D8108847FFE7039800F016FFED
:10F380000398D0F8DC0028B1FFE70398D0F8DC1030
:10F390008847FFE7039800F0D7FA1BE0039BD3F8F8
:10F3A000E800D3F8EC1044F6FA52C2F200020192DF
:10F3B00012881B7B5A43F1F77FF8019A039BD3F81D
:10F3C000F800D3F8FC1012881B7B5A435A43F1F71C
:10F3D00073F8FFE70398D0F8E00028B1FFE703983F
:10F3E000D0F8E0108847FFE700208DF80B00FFE71A
:10F3F0009DF80B000399097B88422CDAFFE70398FC
:10F40000D0F8F8209DF80B10037B11FB031302EBDF
:10F41000830292ED000A006A00EB810090ED001A71
:10F42000B4EE410AF1EE10FA0EDAFFE7039B186A18
:10F430009DF80B2050F82200D3F8F8101B7B12FB2C
:10F44000032241F82200FFE7FFE79DF80B0001309F
:10F450008DF80B00CCE7039B1868D3F8E81044F64E
:10F46000FA52C2F2000212881B7B5A43F1F724F8C9
:10F470000398D0F8E40028B1FFE70398D0F8E4102F
:10F480008847FFE70398006804B080BD80B584B06A
:10F490000390029100208DF80700039820B1FFE748
:10F4A0000298022801D8FFE70FE00398029901397A
:10F4B000FF22FFF781FA8DF807009DF80700039AF5
:10F4C0000299114401F8010CFFE704B080BD00006F
:10F4D00083B002900191ADF80220ADF8003003B086
:10F4E0007047000080B582B001900198C07B20B1C8
:10F4F000FFE7019800F0AAFF16E0019BD3F8F400A3
:10F50000596844F6FA52C2F20002009212889B7BBC
:10F510005A43F0F7D1FF0099019A50680988927B0D
:10F520005143F1F71DF8FFE7019BD3F8F00099680C
:10F5300044F6FA52C2F2000212885B7B5A43F0F79B
:10F54000BBFF02B080BD000080B58AB043F61171E8
:10F55000C2F2000108780130087043F61070C2F260
:10F5600000000178013101700078322814D1FFE7E2
:10F5700040F25070C2F20000099007F06FF809984D
:10F5800043F61072C2F200020021117041F27C7148
:10F59000415C06F067FAFFE740F25070C2F20000EB
:10F5A00000F52A6001F0AAFE002846D1FFE740F2EC
:10F5B0005070C2F2000000F52A6002F035F9E0BB9D
:10F5C000FFE740F25070C2F20000069007F04AF9DF
:10F5D000069841F2BC0200210891815400F5D460E4
:10F5E0000CF01CFC0698089AB1EE400A41F26471D6
:10F5F000014481ED000A41F2F861425041F27A7112
:10F60000425441F2DC5108440790114602F078FE62
:10F610000798089A012102F073FE0798089A0221C0
:10F6200002F06EFE0798089A032102F069FE07981F
:10F63000089A042102F064FE50E040F25070C2F2D9
:10F64000000041F2BC01405CC007F8B9FFE740F29E
:10F650005070C2F20000C078012817D1FFE740F2D5
:10F660005070C2F20000059005F096FE0146059824
:10F6700041F2BC02815400F55E7001210CF02AFBBE
:10F68000059941F27A72002088541CE040F25070D3
:10F69000C2F2000041F2BC01405CC00790B1FFE73C
:10F6A00040F25070C2F20000049041F2E851084468
:10F6B00003210AF067FA049805F050FF049807F058
:10F6C00049FBFFE7FFE740F25070C2F200000390F1
:10F6D00005F0CEFF039805F0A7FBFFE744F61850AE
:10F6E000C2F20000406C60B1FFE744F61850C2F26D
:10F6F00000004FF2DD21C0F600012822FAF77EFE5D
:10F70000FFE740F25070C2F20000019007F014F8D9
:10F71000019805F02FFF019841F2DC51084402F0F6
:10F7200023FDFAF763F8019890ED010AFEF730FE29
:10F730000146019844F6D042C2F2000202921268D9
:10F74000916390ED020AFEF723FE02990968C863EF
:10F750000AB080BD80B584B00290019100208DF880
:10F760000300029820B1FFE70198022803D8FFE7C1
:10F770000020039014E0029801990139FF22FFF75D
:10F780001BF98DF803009DF80300029A01991144BA
:10F7900011F8011C401AB0FA80F040090390FFE70D
:10F7A000039804B080BD000080B584B0039002913E
:10F7B0000020ADF80600039820B1FFE70298022868
:10F7C00001D8FFE717E00398029902394FF6FF725C
:10F7D000FFF79CFCADF80600BDF80600039A0299FD
:10F7E000114401F8020C9DF80700039A0299114494
:10F7F00001F8010CFFE704B080BD000080B58AB0BD
:10F800008DED090ACDED080A8DED071ACDED061A2A
:10F810008DED052A04900499012008700998049937
:10F82000C1F8B00108980499C1F8B4010798049987
:10F83000C1F8B80104994CF67740C3F22B20C1F807
:10F84000CC010499002081F838010499C1F84401E1
:10F85000C1F840010499C1F84C01C1F848019DED7F
:10F86000060AB7EE001AB4EE410AF1EE10FA04DD12
:10F87000FFE74FF07E500690FFE706980499C1F825
:10F88000D00105980499C1F890010498043006212C
:10F89000002201920323FFF7B1F8049901F5E0700B
:10F8A00001F5E4730122029211460DF0D6F9019997
:10F8B0000298049AD2F8EC304FF07E521A60049A03
:10F8C000D2F8EC205160049AD2F8EC209160049AAE
:10F8D000D2F8EC20D160049A40F24171C0F60101E7
:10F8E000C2F8D010049A40F6FD51C0F60101C2F8EA
:10F8F000D410049A40F2DD51C0F60101C2F8D810CC
:10F90000049A40F28971C0F60101C2F8DC10049932
:10F9100081F82E00049981F82F000498D0F8040192
:10F920004EF21471C0F6010190220392F0F7C4FD6B
:10F93000039A0498D0F8FC0040F24001C2F20001A2
:10F94000F0F7BAFD0AB080BD80B582B00190019891
:10F9500090F82C00B0BBFFE70199B1F89800A1F82E
:10F96000A8000199B1F87A00A1F8AA000199B1F8AC
:10F97000A800A1F8B0000199B1F85A00A1F8B200AE
:10F98000019A02F1980002F17801A8320DF0E4FA30
:10F99000019981F8C800019A02F1A80002F158010A
:10F9A000B0320DF0D9FA019981F8C800019A02F13C
:10F9B000580002F1B00150320DF062FB019981F85C
:10F9C000C800FFE702B080BD83B0029002980190AA
:10F9D0000298009001980178407840EA012000994F
:10F9E000088003B07047000084B003900291039830
:10F9F0000190029800900198407800990870019851
:10FA000000780099487004B07047000083B00290FD
:10FA100002980190029800900198006800BA00993D
:10FA2000086003B07047000080B582B00190ADF867
:10FA300002100199BDF8022040F25070C2F200009D
:10FA400000F6E43003F044F902B080BD80B586B022
:10FA5000049003910020ADF80A00049820B1FFE75C
:10FA60000398022803D8FFE70020059026E00498B9
:10FA7000039902394FF6FF72FFF748FBADF80A0011
:10FA80009DF80A10049A0398104410F8022C0020E4
:10FA9000914201900DD1FFE79DF80B00049A039964
:10FAA000114411F8011C401AB0FA80F0400901908D
:10FAB000FFE7019800F001000590FFE7059806B008
:10FAC00080BD000080B58EB00D908DF833100B9284
:10FAD0000A939DF83300C0080590002006909DF819
:10FAE00033008007002818D5FFE7012007900B9806
:10FAF000C0F34F3000900B98C0009DF8331001F018
:10FB0000030140EA410001900A98C0F34F3002908F
:10FB10000A98C0000630039011E000200790009082
:10FB20000B9949019DF8332002F0020241EA0211CB
:10FB3000019102900A98400110300390FFE79DF870
:10FB40003300C0F3800004900E200990012008903B
:10FB50000D986946F1F7FEF918B1FFE7F1F7F2F8F1
:10FB6000FFE70EB080BD000080B540F25070C2F2D9
:10FB7000000000F5D4600CF09DFA80BD80B590B017
:10FB800009A9069181ED060AC1ED050A81ED041A65
:10FB9000C1ED031A81ED022AC1ED012A81ED003A7F
:10FBA00008900898007870B9FFE70898B2EE040A48
:10FBB000DFEDD50A9FEDD51AF7EE001A9FEDD42A96
:10FBC000FFF71CFEFFE706980999089AC2F8BC11D6
:10FBD00090ED060A089991ED581A30EE410A81ED30
:10FBE0005B0A90ED050A089991ED591A30EE410A29
:10FBF00081ED5C0A90ED040A089991ED5A1A30EEF5
:10FC0000410A81ED5D0A089991ED5B0AB6EE001A92
:10FC100020EE010A90ED002A20EE020A43F6187148
:10FC2000C2F20001059181ED000A089991ED5C0A8C
:10FC300020EE010A90ED002A20EE020A43F61C7124
:10FC4000C2F20001049181ED000A089991ED5D0A6C
:10FC500020EE010A90ED001A20EE010A43F6207012
:10FC6000C2F20000039080ED000A0898D0F8040169
:10FC70004EF21471C0F601019022F0F71DFC039AB8
:10FC80000499059890ED000AB1EE400A089BD3F85C
:10FC9000043183ED010A91ED000AB1EE400A089BA0
:10FCA000D3F8043183ED020A92ED000AB1EE400A66
:10FCB000089BD3F8043183ED030A0368DDF820C004
:10FCC000DCF804C1CCF818301368DDF820C0DCF88B
:10FCD00004C1CCF8203091ED000AB1EE400A089B37
:10FCE000D3F8043183ED090A0B68DDF820C0DCF895
:10FCF00004C1CCF8303092ED000AB1EE400A089B06
:10FD0000D3F8043183ED0D0A0368DDF820C0DCF878
:10FD100004C1CCF83C301268089BD3F804319A64D3
:10FD20000968089AD2F80421D16490ED000AB1EE76
:10FD3000400A0898D0F8040180ED140A0899D1F817
:10FD40004801D1F84C11084368B9FFE70C980899AD
:10FD5000C1F878010B980899C1F87C010A980899B4
:10FD6000C1F88001FFE70699089890ED5E0A90EDD2
:10FD7000641A90ED6F3A20EE010A33EE012A80EE0C
:10FD8000020A91ED031A21EE031A81EE021A30EEF7
:10FD9000010A80ED5E0A089890ED5F0A90ED641A02
:10FDA00090ED6F3A20EE010A33EE012A80EE020A4E
:10FDB00091ED021A21EE031A81EE021A30EE010AC9
:10FDC00080ED5F0A089890ED600A90ED641A90ED5E
:10FDD0006F3A20EE010A33EE012A80EE020A91ED1D
:10FDE000011A21EE031A81EE021A30EE010A80EDAB
:10FDF000600A089890ED5E1A90ED5F2A90ED600A17
:10FE000022EE022A21EE011A31EE021A20EE000A39
:10FE100030EE010A01F028F943F61470C2F2000036
:10FE200080ED000A00208DF81F00FFE79DF81F00FD
:10FE300002281BDCFFE708989DF81F1000EB8102E9
:10FE400092ED5E0A43F61472C2F2000292ED001ABD
:10FE500020EE010A806800EB810080ED000AFFE7D8
:10FE60009DF81F0001308DF81F00DFE7089890ED26
:10FE70005B1A90ED5C2A90ED5D0A22EE022A21EEDB
:10FE8000011A31EE021A20EE000A30EE010A01F0EA
:10FE9000EBF8B0EE401AB7EE000A80EE011A0898AF
:10FEA00080ED651A43F61470C2F2000090ED001A5E
:10FEB00080EE010A089880ED660A089890ED650AC0
:10FEC0009FEDB31AB4EE410AF1EE10FA22DAFFE721
:10FED000089890ED660A9FEDAF1AB4EE410AF1EE74
:10FEE00010FA17DDFFE7089890ED660A9FEDAA1A51
:10FEF000B4EE410AF1EE10FA0CDAFFE7089901209E
:10FF000081F839010BE000BF6F12833A8096184BDD
:10FF1000000000000899002081F83901FFE70898E7
:10FF200090ED6C0A90ED6F1A20EE010AD0F81801DE
:10FF300080ED000A089890ED6C0A90ED6F1A20EEA3
:10FF4000010AD0F8180180ED070A089890ED6C0AB4
:10FF500090ED6F1A20EE010AD0F8180180ED0E0A1C
:10FF6000089890ED6C0A90ED6F1A20EE010AD0F817
:10FF7000180180ED150A089890ED6D0A90ED6F1A42
:10FF800020EE010AD0F8180180ED1C0A089890EDC7
:10FF90006D0A90ED6F1A20EE010AD0F8180180ED7D
:10FFA000230A0898D0F81C11D0F8B8010860089806
:10FFB000D0F81C11D0F8B80108610898D0F81C11CD
:10FFC000D0F8B801086208980430FFF797F908994B
:10FFD00048680068C1F85001089948684068C1F84D
:10FFE0005401089948688068C1F858010899486820
:10FFF000C068C1F85C01089948680069C1F86001EF
:020000040801F1
:10000000089948684069C1F8640144F61460C2F276
:10001000000000680899C1F86801089890ED541A2A
:1000200090ED552A90ED563A90ED570A22EE033A9C
:1000300021EE000A30EE030A30EE000A22EE022A18
:1000400021EE011A31EE021A31EE011ABFEE002A3A
:100050008DED012A71EE020A0DF024FA9DED012AC0
:100060009FED4E1A8DED021A20EE010A089880EDE0
:100070006A0A089890ED541A90ED550A90ED564A88
:1000800090ED573A24EE034A21EE000A30EE040ABE
:1000900030EE000A23EE033A21EE011A31EE031A84
:1000A00031EE011A71EE020A0DF0FCF99DED021A13
:1000B00020EE010A089880ED690A089890ED540A2C
:1000C00090ED551A90ED563A90ED572A20EE030A1E
:1000D00021EE021A30EE410A30EE000A0DF04CF922
:1000E0009DED021A20EE010A089880ED680A089832
:1000F00090ED6A0A90ED761A30EE410A9FED281ACB
:10010000B4EE410AF1EE10FA07DDFFE70899B1F805
:10011000D4010138A1F8D40116E0089890ED6A0ADC
:1001200090ED761A30EE410A9FED1E1AB4EE410AA8
:10013000F1EE10FA07DAFFE70899B1F8D4010130BF
:10014000A1F8D401FFE7FFE70898B0F9D41100EE59
:10015000101AB8EEC00A90ED6A1A9FED132A20EE2D
:10016000020A30EE010A80ED6B0A0899D1F8A80165
:10017000C1F8D8010899D1F84821D1F84C010132D1
:1001800040F10000C1F84821C1F84C0110B080BD19
:100190009A99993ECDCC1441CDCC2441E12E6542B3
:1001A00000003443000034C30000B44380B582B083
:1001B0000190019890F82B0000284BD1FFE701999E
:1001C000B1F87800A1F8B800019901200090A1F8D9
:1001D000BA00019A02F1780002F13801B8320CF04D
:1001E000BBFE01460098019A82F8C810019AB2F845
:1001F0004810A2F8C0100199A1F8C200019A02F1BA
:10020000480002F1B801C0320CF03AFF01460098F4
:10021000019A82F8C810019AB2F89810A2F8B810A2
:100220000199A1F8BA00019A02F1980002F1C00107
:10023000B8320CF091FE019981F8C800019A02F1E0
:10024000380002F1B80130320CF0AAFC019981F8B3
:10025000C800FFE702B080BD80B582B00190019870
:1002600090F82900A8BBFFE7019901F1600068310F
:100270000CF064FF019981F8C800019A02F1600056
:1002800002F1500158320CF067FE019981F8C80064
:100290000199B1F85800A1F8A8000199B1F86A00D5
:1002A000A1F8AA00019A02F1580002F16801A832EF
:1002B0000CF052FE019981F8C800019A02F1A800E1
:1002C00002F1880158320CF06BFC019981F8C800EA
:1002D000FFE702B080BD000080B582B001900198B8
:1002E00090F82800002846D1FFE70198407B0128BC
:1002F00034DBFFE70199087BA1F8B80001990120E0
:100300000090A1F8BA00019A02F1600002F13001F8
:10031000B8320CF021FE01460098019A82F8C8100C
:10032000019A117BA2F8C0100199A1F8C200019AAC
:1003300002F1700002F14001C0320CF00DFE019993
:1003400081F8C800019A02F1B80002F1C001383208
:100350000CF026FC019981F8C8000BE0019A02F12B
:10036000600002F1300138320CF0F6FD019981F89D
:10037000C800FFE7FFE702B080BD000082B08DED4E
:10038000010A9DED010AB5EE400AF1EE10FA05DD15
:10039000FFE79DED010A8DED000A06E09DED010AE3
:1003A000B1EE400A8DED000AFFE79DED000A02B0B4
:1003B0007047000083B08DED020A41F20400CEF2D6
:1003C00000000068019002980090FFE741F20400ED
:1003D000CEF2000000680199401A00EE100AB8EE53
:1003E000400A9DED001A40F20C40C2F2000090ED70
:1003F000002AB8EE422A21EE021AB4EE410AF1EECA
:1004000010FA01DAFFE7E1E703B0704781B041F28B
:100410000400CEF2000000680090009840F22041F5
:10042000C2F200010968884208D2FFE740F2244185
:10043000C2F20001086801300860FFE7009840F24E
:100440002041C2F20001086001B0704780B584B05D
:1004500003900399002001900874039BD3F8F400E3
:10046000596844F6FA52C2F20002009212889B7B4D
:100470005A43F0F721F80099039A50680988927B53
:100480005143F0F76DF80099039AD2F818010988E2
:10049000927B51435143F0F763F80099039AD2F8E5
:1004A0000C010988137B927B59435143F0F758F8AC
:1004B00001988DF80B00FFE79DF80B000399897BED
:1004C000884243DAFFE70398D0F8F4009DF80B1058
:1004D00000EB810090ED000AB5EE400AF1EE10FA53
:1004E0002DD0FFE7039AD2F8F4109DF80B0051F8D5
:1004F0002000127C41F822009DF80B00039A516AFB
:10050000127C8854DDF80CC0DCF818009DF80BE074
:1005100050F82E00DCF80C119CF80C209CF81030E0
:10052000DCF814C01CF80EC012FB03C201EB820100
:1005300041F8040C0399087C01300874FFE7FFE7D9
:100540009DF80B0001308DF80B00B5E700208DF809
:100550000A00FFE79DF80A000399097C884216DA31
:10056000FFE7039BD869596A9DF80A20895C50F817
:100570002100D3F818111B7C12FB032241F8220042
:10058000FFE79DF80A0001308DF80A00E2E70399C1
:10059000087CA1F878000399087BA1F87A000399F8
:1005A000087BA1F880000399087CA1F882000399D8
:1005B000087CA1F890000399087CA1F892000399A7
:1005C000087BA1F898000399087CA1F89A00039988
:1005D000087CA1F8480004B080BD000080B586B05A
:1005E00005900598D0F8EC0090ED000A30EE000A76
:1005F00043F62870C2F20000019080ED000A0598D1
:10060000D0F8EC0090ED010A30EE000A43F62C70B1
:10061000C2F20000029080ED000A0598D0F8EC00CC
:1006200090ED020A30EE000A43F63070C2F200008C
:10063000039080ED000A0598D0F8EC0090ED030AD5
:1006400030EE000A43F63470C2F20000049080EDF0
:10065000000A059BD3F80C0144F6FA51C2F20001DE
:1006600009881A7B9B7B59435143EFF779FF019B24
:10067000029A0399049891ED000AB1EE400ADDF860
:1006800014C0DCF80CC18CED000AD0F800C0DDF815
:1006900014E0DEF80CE1CEF804C093ED000AB1EEF0
:1006A000400ADDF814C0DCF80CC18CED020AD2F867
:1006B00000C0DDF814E0DEF80CE1CEF80CC0D2F892
:1006C00000C0DDF814E0DEF80CE1CEF818C0D3F875
:1006D00000C0DDF814E0DEF80CE1CEF81CC0D0F864
:1006E00000C0DDF814E0DEF80CE1CEF820C0D1F84F
:1006F00000C0DDF814E0DEF80CE1CEF824C01B6881
:10070000DDF814C0DCF80CC1CCF8303092ED000AF2
:10071000B1EE400A059AD2F80C2182ED0D0A91ED56
:10072000000AB1EE400A0599D1F80C1181ED0E0ACC
:1007300000680599D1F80C11C86306B080BD0000AF
:1007400080B582B001900198D0F8F81040F24000D6
:10075000C2F200009022EFF7AFFE0198D0F81C1112
:1007600040F2B440C2F2000048220092EFF7A4FE2B
:10077000009A0198D0F80C1140F26C40C2F20000CF
:10078000EFF79AFE02B080BD80B586B0059005995E
:1007900001F1780080310CF0D1FC059981F8C80096
:1007A0000599B1F87800A1F8A8000599B1F85A00A8
:1007B000A1F8AA00059A02F1780002F15801A832C6
:1007C0000CF0CAFB059981F8C8000599B1F8A8009A
:1007D000A1F8B0000599B1F88200A1F8B200059A1D
:1007E00002F1A80002F18001B0320CF0B5FB0599CE
:1007F00081F8C8000599B1F89000A1F8A00005990A
:10080000B1F89200A1F8A200059A02F1B00002F13D
:100810009001A0320CF0C4F9059981F8C80005993F
:1008200001F1A000B0310CF01DFA059981F8C80063
:100830000598D0F8EC00006843F63873C2F2000364
:1008400018600598D0F8EC00406843F63C72C2F29C
:10085000000210600598D0F8EC00806843F6407103
:10086000C2F2000108600598D0F8EC00D0F80CC086
:1008700043F64470C2F20000C0F800C0DDF814E096
:10088000BEF878C0AEF8B8C0DDF814E04FF0010C47
:10089000AEF8BAC092ED000A90ED002A93ED001A6E
:1008A00091ED003A21EE031A20EE020A30EE410AE1
:1008B00030EE000ADDF814C0DCF82CC18CED000A23
:1008C00093ED000A92ED002A91ED001A90ED003AA6
:1008D00021EE031A20EE020A30EE010A30EE000A81
:1008E000DDF814C0DCF82CC18CED010A93ED000A90
:1008F00092ED001A21EE011A20EE000A30EE410AB4
:1009000091ED001A21EE011A30EE411A90ED000A25
:1009100020EE000A30EE010A0598D0F82C0180ED97
:10092000020A00208DF81300FFE79DF8130002284B
:100930001EDCFFE70598D0F82C019DF8131000EBA2
:10094000810090ED000AB0EEC00A0CF089FC9DF821
:10095000131040F27050C2F2000000EB810080EDF5
:10096000610AFFE79DF8130001308DF81300DCE702
:100970000599B1F84800A1F8C0000599012001903F
:10098000A1F8C200059A02F1480002F1B801C03294
:100990000CF076FB01460198059A82F8C810059A7A
:1009A000B2F8C010A2F8A8100599A1F8AA00059AFB
:1009B00002F1B00002F1C001A8320CF0CDFA0146FC
:1009C0000198059A82F8C8100599A1F8B800059910
:1009D000B1F8C000A1F8BA00059901F1C000B83122
:1009E0000CF0ACFB059981F8C800059901F1B8003D
:1009F000A83140F27052C2F20002029202F5E07297
:100A00000CF0AAFA01460298059A82F8C81090EDF7
:100A1000720A90ED731AB6EE002A21EE021AB4EEB5
:100A2000410AF1EE10FA08DAFFE740F27051C2F223
:100A30000001012081F83801FFE740F27050C2F256
:100A4000000090ED720A90ED731AB4EE410AF1EED7
:100A500010FA64DDFFE740F27050C2F2000090F837
:100A6000380100285BD0FFE740F27050C2F200006E
:100A700090F8390180B1FFE740F27051C2F20001F5
:100A8000D1F84021D1F84401013240F10000C1F811
:100A90004021C1F8440109E040F27051C2F2000166
:100AA0000020C1F84401C1F84001FFE740F2705056
:100AB000C2F20000D0F84011D0F84401333970F18F
:100AC00000000BD3FFE740F27051C2F2000100209A
:100AD00081F83801059981F82C001FE0059BD3F8B7
:100AE000E800D3F8EC1044F6FA52C2F20002009289
:100AF00012881B7B5A43EFF7DFFC009A059BD3F863
:100B0000F800D3F8FC1012881B7B5A435A43EFF7C6
:100B1000D3FC0599012081F82C0063E142E040F20A
:100B20007050C2F2000090ED720A90ED731A9FEDC2
:100B3000AE2A21EE021AB4EE410AF1EE10FA1BDDE4
:100B4000FFE740F27050C2F2000090F8380198B10F
:100B5000FFE740F27050C2F2000090ED720A90ED93
:100B6000731A31EE400A9FEDA12A21EE021A80EE9F
:100B7000010A80ED670A08E040F27051C2F20001FC
:100B80004FF07E50C1F89C01FFE740F27051C2F275
:100B900000010020C1F84401C1F84001059981F825
:100BA0002C00FFE70599B1F85800A1F8A8000599B5
:100BB000B1F88200A1F8AA00059A02F1580002F1EA
:100BC0008001A8320CF0C8F9059981F8C800059A8F
:100BD00002F1A80002F1B00198320CF0BDF90599BC
:100BE00081F8C80000208DF81200FFE79DF8120080
:100BF000059AB2F89810B2F89A20514388421ADA4E
:100C0000FFE740F27050C2F2000090ED671A0598BD
:100C1000D0F81C019DF8121000EB810090ED000A45
:100C200020EE010A80ED000AFFE79DF81200013076
:100C30008DF81200DAE704208DF81100FFE79DF827
:100C40001100052835DCFFE700208DF81000FFE7D4
:100C50009DF81000022825DCFFE79DF8111040F2F6
:100C60007050C2F2000000EB810090ED5D0A9FED34
:100C7000621A80EE011A0598D0F81C0101EB4101BF
:100C80009DF81020114400EB810090ED000A20EE49
:100C9000010A80ED000AFFE79DF8100001308DF891
:100CA0001000D5E7FFE79DF8110001308DF8110025
:100CB000C5E70599B1F89800A1F8B8000599012099
:100CC000A1F8BA00059A02F1980002F1C001B83209
:100CD0000CF042F9059981F8C80040F27050C2F258
:100CE000000090F8380100286BD0FFE704208DF851
:100CF0000F00FFE79DF80F00052861DCFFE705986E
:100D0000D0F8BC009DF80F1000EB810090ED000AB8
:100D100040F27050C2F2000090ED6F1A9FED342A3D
:100D200021EE021AB4EE410AF1EE10FA14DDFFE7EB
:100D300040F27050C2F2000090ED6F0A9FED2C1A45
:100D400020EE010A0598D0F8BC009DF80F1000EBCA
:100D5000810080ED000AFFE70598D0F8BC009DF8FF
:100D60000F1000EB810090ED000A40F27050C2F2CB
:100D7000000090ED6F1A9FED1F2A21EE021AB4EECB
:100D8000410AF1EE10FA14DAFFE740F27050C2F2B5
:100D9000000090ED6F0A9FED171A20EE010A0598EA
:100DA000D0F8BC009DF80F1000EB810080ED000A28
:100DB000FFE7FFE79DF80F0001308DF80F0099E77E
:100DC000FFE70598D0F8BC100020C860059A02F132
:100DD000380002F1B80130320BF0E2FE059981F8DB
:100DE000C800FFE706B080BDCDCCCC3D6666663F4F
:100DF0000AD7233C0AD723BCDA0FC93F80B584B099
:100E000003900398D0F8EC00006843F64873C2F2F0
:100E1000000318600398D0F8EC00406843F64C7269
:100E2000C2F2000210600398D0F8EC00806843F62C
:100E30005071C2F2000108600398D0F8EC00D0F8BD
:100E40000CC043F65470C2F20000C0F800C093ED2D
:100E5000000A92ED001A21EE011A20EE000A30EE8F
:100E6000011A91ED000A20EE000A30EE011A90ED11
:100E7000000A20EE000A30EE010A00F0F5F843F611
:100E80005870C2F2000080ED000A00208DF80B00BF
:100E9000FFE79DF80B0003281ADCFFE743F65870C4
:100EA000C2F2000090ED001A0398D0F8EC009DF813
:100EB0000B1000EB810090ED000A20EE010A80ED9E
:100EC000000AFFE79DF80B0001308DF80B00E0E70A
:100ED00043F64C71C2F2000191ED000A40F27050ED
:100EE000C2F20000009090ED6F1A20EE010AB0EE01
:100EF000001A8DED011A80EE010A039AD2F8002142
:100F000082ED040A43F65072C2F2000292ED000A2A
:100F100090ED6F2A20EE020A80EE010A039BD3F8BF
:100F2000003183ED050A43F64873C2F2000393EDE6
:100F3000000A90ED6F2A20EE420A80EE010ADDF8E9
:100F40000CC0DCF800C18CED0A0A43F6547CC2F2F6
:100F5000000C9CED000A90ED6F2A20EE020A80EE54
:100F6000010ADDF80CE0DEF800E18EED0B0A9CEDE5
:100F7000000A90ED6F2A20EE420A80EE010ADDF8A9
:100F80000CC0DCF800C18CED100A93ED000A90ED66
:100F90006F2A20EE420A80EE010A039BD3F800314B
:100FA00083ED110A92ED000A90ED6F2A20EE020AFD
:100FB00080EE010A039AD2F8002182ED160A91ED23
:100FC000000A90ED6F2A20EE420A80EE010A039992
:100FD000D1F8001181ED170A90ED741A0399D1F838
:100FE000F81091ED1C0A80EE010A81ED1C0A90EDCB
:100FF000741A0398D0F8F80090ED230A80EE010AE5
:1010000080ED230A0398D0F8F80090ED1C0A9FEDBC
:10101000151AB4EE410AF1EE10FA09DDFFE7039864
:10102000D0F8F81044F20000C4F21C600867FFE733
:101030000398D0F8F80090ED230A9FED0A1AB4EE59
:10104000410AF1EE10FA0ADDFFE70398D0F8F81034
:1010500044F20000C4F21C60C1F88C00FFE704B049
:1010600080BD00BF00401C4684B08DED030A9DED9D
:10107000030AB6EE001A20EE010A8DED020A03986B
:10108000019001980090009945F68620C5F63770CA
:10109000A0EB61000090009801909DED010A9DED8C
:1010A000021A21EE001A21EE002AB7EE081A31EEDC
:1010B000421A20EE010A8DED010A9DED010A04B0ED
:1010C0007047000081B00090009890ED3D0A01B09B
:1010D0007047000081B00090009890ED3E0A01B08A
:1010E0007047000081B00090009890ED400A01B078
:1010F0007047000081B00090009890ED410A01B067
:101100007047000081B00090009890ED420A01B055
:101110007047000081B00090009890ED3B0A01B04C
:101120007047000081B00090009890ED3C0A01B03B
:101130007047000087B0069005918DF813208DF858
:1011400012309DF8120001460391012808D0FFE7F4
:101150000398022820D0FFE70398032838D053E0F3
:101160009DF8130001460291012808D0FFE702987C
:10117000022808D0FFE70298032808D00BE0059961
:101180000020087007E005990420087003E0059925
:1011900001200870FFE737E09DF813000146019138
:1011A000012808D0FFE70198022808D0FFE701983E
:1011B000032808D00BE005990220087007E0059984
:1011C0000620087003E0059905200870FFE71BE082
:1011D0009DF8130001460091012808D0FFE7009810
:1011E000022808D0FFE70098032808D00BE00599F3
:1011F0000220087007E005990420087003E00599B3
:1012000003200870FFE7FFE707B0704710B59EB0F6
:10121000079026980590259801902498029023988D
:10122000039022980690DDF884C02098CDF860C025
:1012300017901693159214910DF1660014A91222BD
:101240000492EFF7F4F8DDF804C0029B0399049AC6
:10125000DDF814E00698CDF838E0CDF834C00C93F2
:101260000B910A900DF13E000AA9EFF7E0F80798FC
:10127000099009980890DDF866006FF3DF20DDF82B
:101280003E106FF3DF21884230D1FFE7DDF86600C2
:10129000C0F3CA20DDF83E10C1F3CA21884225D12F
:1012A000FFE7BDF86A10DDF86600800D40EA812096
:1012B0006FF3DF20BDF84220DDF83E10890D41EAD2
:1012C00082216FF3DF21884210D1FFE7BDF86A0069
:1012D000C0F34A00BDF84210C1F34A01884205D16B
:1012E000FFE70899002081F8EB0004E0089901204D
:1012F00081F8EB00FFE71EB010BD000081B0009048
:10130000009890F8E80001B07047000081B00090AC
:10131000009890F8FC0001B07047000081B0009088
:10132000009890F8E90001B07047000081B000908B
:10133000009890F8FD0001B0704700002DE9F043DF
:10134000A5B0249024980E908169D1F88420D1F81A
:101350008830D1F88CC0D1F890E0C0F834E0C0F803
:1013600030C0C3628262B1F8941001878169843110
:10137000239100F1FC01239A9288920BC38F9B0B5F
:10138000FFF7D8FE0E9800F1FD01239A9288C38FD3
:10139000C3F30133C2F30132FFF7CCFE0E9800F025
:1013A00043FA002840F0A480FFE70E9823990968CB
:1013B0006FF3DF2100EE101AB8EEC00A90ED082A94
:1013C00090ED091A30EE420A80EE010A80ED3B0AE8
:1013D00023990968C1F3CA2100EE101AB8EEC00AB9
:1013E00090ED082A90ED091A30EE420A80EE010ACB
:1013F00080ED3C0A23998A880968890D41EA822197
:101400006FF3DF2100EE101AB8EEC00A90ED082A43
:1014100090ED091A30EE420A80EE010A80ED3D0A95
:1014200023998988C1F34A0100EE101AB8EEC00A68
:1014300090ED082A90ED091A30EE420A80EE010A7A
:1014400080ED3E0A2399B1F9061000EE101AB8EEAD
:10145000C00A9FED531A80EE010A80ED400A2399DD
:10146000B1F9081000EE101AB8EEC00A80EE010AB9
:1014700080ED410A2399B1F90A1000EE101AB8EE76
:10148000C00A80EE010A80ED420A00F58671239AB7
:10149000127B90F8463000F0C5FB0E9800F20D115B
:1014A000239A527B90F8473000F0BCFB002022903A
:1014B000FFE722980F281ADCFFE70E98DDF888C0B6
:1014C00000EB0C0101F58771239AD28922FA0CF204
:1014D00002F00102B0F8483023FA0CF303F00103E4
:1014E00000F0A0FBFFE7229801302290E1E7FFE740
:1014F0000E982399098A6FF3DF2100EE101AB8EED7
:10150000C00A90ED082A90ED091A30EE420A80EEEA
:10151000010A80ED480A00F13A010DF176000790CA
:1015200012220992EEF783FF099A0E9800F1280122
:1015300019A80890EEF77BFF0799099A14A8EEF70F
:1015400076FF0899099A14980B9015980C901698A4
:101550000D9017980A90189C0FA8EEF768FFDDF819
:1015600028C00B990C9A0D9B0E980F9D109E119FF1
:10157000DDF84880DDF84C90EE46CEF81890CEF8B5
:101580001480CEF81070CEF80C60CEF80850CEF86B
:101590000440CEF800C0FFF739FE25B0BDE8F08367
:1015A0000000004781B00090009890F8100101B051
:1015B0007047000081B00090009890F81D0101B0C4
:1015C0007047000081B00090009890F81B0101B0B6
:1015D0007047000081B00090009890F8110101B0B0
:1015E0007047000081B00090009890F8150101B09C
:1015F0007047000081B00090009890F8170101B08A
:101600007047000081B00090009890F8180101B078
:101610007047000081B00090009890F8140101B06C
:101620007047000081B00090009890F8160101B05A
:101630007047000081B00090009890F80F0101B051
:101640007047000081B00090009890F81C0101B034
:101650007047000081B00090009890F80E0101B032
:101660007047000081B00090009890F81A0101B016
:101670007047000081B00090009890F8190101B007
:101680007047000081B00090009890F80C0101B004
:101690007047000080B586B00590049105980190D0
:1016A0004C3004991522EEF7C2FE0198049903917B
:1016B0000399D1F802106FF3DF2100EE101AB8EE93
:1016C000C00A90ED082A90ED091A30EE420A80EE29
:1016D000010A80ED3B0A0399D1F80210C1F3CA2137
:1016E00000EE101AB8EEC00A90ED082A90ED091A23
:1016F00030EE420A80EE010A80ED3C0A0399D1F8EF
:101700000610C1F34A0100EE101AB8EEC00A90EDBF
:10171000082A90ED091A30EE420A80EE010A80EDA7
:101720003D0A039AD2F80210D2F80620890D41EA48
:1017300082216FF3DF2100EE101AB8EEC00A90ED9F
:10174000082A90ED091A30EE420A80EE010A80ED77
:101750003E0A0399B1F90A1000EE101AB8EEC00A59
:101760009FED2C1A80EE010A80ED400A0399B1F931
:101770000C1000EE101AB8EEC00A80EE010A80EDDF
:10178000410A0399B1F90E1000EE101AB8EEC00A22
:1017900080EE010A80ED420A00F58671039A127C00
:1017A00090F8713003F0030302F0030200F03AFAFC
:1017B000019800F20D11039A127CC2F3810290F895
:1017C0007130C3F3810300F02DFA00200290FFE78F
:1017D00002980F281BDCFFE70198DDF808C000EB3A
:1017E0000C0101F58771039AB2F8112022FA0CF26C
:1017F00002F00102B0F8723023FA0CF303F0010397
:1018000000F010FAFFE7029801300290E0E706B01E
:1018100080BD00BF0000004781B00090009890F8A4
:101820000D0101B07047000081B00090009890F861
:10183000EA0001B07047000081B00090009890F875
:10184000130101B07047000081B00090009890F83B
:10185000120101B07047000080B584B0039002917E
:1018600003980190D0F8C4100131C0F8C410FFF7FC
:1018700065FD019901F13A00896984311222EEF780
:10188000D6FD04B080BD000080B586B005900491FF
:101890000598019004980078A52866D1FFE7049880
:1018A0008079ADF80E00BDF80E100498407940EA3A
:1018B0000120ADF80E0004988078ADF80C00BDF85A
:1018C0000C100498407840EA0120ADF80C00BDF8F7
:1018D0000E0040F20231884246D1FFE7BDF80C000D
:1018E0001E2841D1FFE700208DF80B00FFE79DF88F
:1018F0000B00042828DCFFE70198D0F8CC10013158
:10190000C0F8CC1004999DF80B2001EB4202D1796C
:10191000127A41EA0221ADF80810BDF9081000EE74
:10192000101AB8EEC00A9FED1F1A80EE010A9DF84A
:101930000B1000EB810080ED000AFFE79DF80B0023
:1019400001308DF80B00D2E701980499497C81752C
:10195000D0F8DC100131C0F8DC1094300499073164
:101960001E22EEF764FDFFE71AE004980078A9282C
:1019700015D1FFE704984078532810D1FFE701986C
:10198000D0F8D4100131C0F8D4100499FFF782FECA
:101990000198613004991522EEF749FDFFE7FFE752
:1019A00006B080BD0000C84282B00190019900914C
:1019B00043F65C72C2F20002107801301070D1F868
:1019C000C400D1F8C81088420AD1FFE7009900206E
:1019D00081F8E800B1F8E4000130A1F8E40004E087
:1019E0000099012081F8E800FFE743F65C70C2F23D
:1019F000000000780A2834DBFFE70099D1F8CC001A
:101A0000D1F8D010884205D1FFE70099002081F875
:101A1000E90004E00099012081F8E900FFE700995E
:101A2000D1F8D400D1F8D810884205D1FFE7009949
:101A3000002081F8EA0004E00099012081F8EA0022
:101A4000FFE70099D1F8D400C1F8D800D1F8CC0054
:101A5000C1F8D00043F65C71C2F2000100200870AA
:101A6000FFE70099D1F8C400C1F8C80002B0704780
:101A700084B003900291019203980090029800684C
:101A800041F20001C4F20101884207D1FFE7009949
:101A900042F23440C2F20000886154E002980068CB
:101AA00044F20041C4F20001884207D1FFE70099E7
:101AB00042F24450C2F20000886143E0029800689C
:101AC00044F60001C4F20001884207D1FFE7009903
:101AD00042F25460C2F20000886132E0029800686D
:101AE00044F60041C4F20001884207D1FFE70099A3
:101AF00042F26470C2F20000886121E0029800683E
:101B000045F20001C4F20001884207D1FFE70099C5
:101B100042F67400C2F20000886110E0029800688A
:101B200041F20041C4F20101884207D1FFE7009968
:101B300042F68410C2F200008861FFE7FFE7FFE78A
:101B4000FFE7FFE7FFE70198006841F20001C4F2F8
:101B50000101884207D1FFE7009942F23440C2F206
:101B60000000C86154E00198006844F20041C4F2EA
:101B70000001884207D1FFE7009942F24450C2F2C7
:101B80000000C86143E00198006844F60001C4F217
:101B90000001884207D1FFE7009942F25460C2F287
:101BA0000000C86132E00198006844F60041C4F2C8
:101BB0000001884207D1FFE7009942F26470C2F247
:101BC0000000C86121E00198006845F20001C4F2FC
:101BD0000001884207D1FFE7009942F67400C2F283
:101BE0000000C86110E00198006841F20041C4F2B1
:101BF0000101884207D1FFE7009942F68410C2F242
:101C00000000C861FFE7FFE7FFE7FFE7FFE7FFE747
:101C100004B0704781B00090009890ED480A01B080
:101C20007047000086B0059004918DF80F208DF864
:101C30000E309DF80E000146029120B1FFE7029898
:101C4000012813D025E09DF80F000146019120B135
:101C5000FFE70198012804D007E0049900200870EC
:101C600003E0049901200870FFE712E09DF80F00DF
:101C70000146009120B1FFE70098012804D007E059
:101C800004990220087003E0049903200870FFE71C
:101C9000FFE706B07047000081B0009000984FF059
:101CA000894101620021C4F2254141620021C0F84E
:101CB000C410C0F8C810C0F8CC10C0F8D010C0F8DC
:101CC000D410C0F8D810C0F8DC10C0F8E010A0F8AC
:101CD000E410A0F8E61080F8E810012280F8E9206E
:101CE00080F8EA2080F8EB1001B0704782B00190D4
:101CF0008DED000A01990098886102B070470000DC
:101D000080B582B001900198009090ED040AB5EE84
:101D1000400AF1EE10FA5ADDFFE7009890ED041A40
:101D200090ED060AB4EE410AF1EE10FA21DDFFE76C
:101D3000009890ED040A90ED061A30EE410AFEF785
:101D40001DFB009890ED001AB4EE410AF1EE10FA76
:101D50000ADDFFE7009890ED001A90ED050A30EEDD
:101D6000010A80ED050A03E0009988694861FFE7F0
:101D70002CE0009890ED041A90ED060AB4EE410AAA
:101D8000F1EE10FA21DAFFE7009890ED040A90EDE9
:101D9000061A30EE410AFEF7F1FA009890ED011AAA
:101DA000B4EE410AF1EE10FA0ADDFFE7009890ED7B
:101DB000011A90ED050A30EE410A80ED050A03E0B4
:101DC000009988694861FFE7FFE7FFE7BDE00098F9
:101DD00090ED040AB5EE400AF1EE10FA5ADAFFE788
:101DE000009890ED041A90ED060AB4EE410AF1EE67
:101DF00010FA21DAFFE7009890ED040A90ED061A38
:101E000030EE410AFEF7BAFA009890ED001AB4EEEF
:101E1000410AF1EE10FA0ADDFFE7009890ED001A92
:101E200090ED050A30EE410A80ED050A03E00099C5
:101E300088694861FFE72CE0009890ED041A90ED66
:101E4000060AB4EE410AF1EE10FA21DDFFE7009830
:101E500090ED040A90ED061A30EE410AFEF78EFA74
:101E6000009890ED011AB4EE410AF1EE10FA0ADD85
:101E7000FFE7009890ED011A90ED050A30EE010A97
:101E800080ED050A03E0009988694861FFE7FFE7F4
:101E9000FFE759E0009890ED041A90ED060AB4EEC1
:101EA000410AF1EE10FA21DDFFE7009890ED040AF7
:101EB00090ED061A30EE410AFEF760FA009890EDB8
:101EC000001AB4EE410AF1EE10FA0ADDFFE70098BD
:101ED00090ED001A90ED050A30EE010A80ED050A3A
:101EE00003E0009988694861FFE72CE0009890EDD5
:101EF000041A90ED060AB4EE410AF1EE10FA21DA66
:101F0000FFE7009890ED040A90ED061A30EE410AC2
:101F1000FEF734FA009890ED001AB4EE410AF1EEA3
:101F200010FA0ADDFFE7009890ED001A90ED050A1F
:101F300030EE410A80ED050A03E0009988694861A6
:101F4000FFE7FFE7FFE7FFE7FFE700994869086160
:101F500002B080BD83B002908DED010ACDED000A84
:101F60000299019888600098C86088680860C8680D
:101F7000486003B07047000081B00090009890ED79
:101F8000050A01B07047000081B000900098002160
:101F900001614161816101B07047000080B582B08C
:101FA000019001980090C26802F13001B2F86020FF
:101FB00000F068F808B9FFE717E0009901F15D004B
:101FC000CA6802F13001B2F86020EEF730FA0098EA
:101FD00090F85E1000F00CF80098C16801F1300034
:101FE000B1F86010EEF7BCFAFFE702B080BD000068
:101FF00082B001908DF8031001999DF803000877D5
:1020000002B0704780B582B001900091019841699B
:1020100001314161FFF7C2FF02B080BD85B003907E
:1020200002910192ADF80230029828B9FFE74FF60D
:10203000FF70ADF8120021E0FFE70198411E019109
:10204000B8B1FFE70298411C029100788DF80100B9
:10205000BDF802109DF801004840C2B24EF2145083
:10206000C0F6010030F8120080EA1120ADF802003D
:10207000E3E7BDF80200ADF81200FFE7BDF812007B
:1020800005B0704780B588B0069005910492069817
:1020900002900020ADF80E00059820B1FFE70498EB
:1020A000022804D8FFE700208DF81F0028E00298DE
:1020B0000599049A023A4FF6FF73FFF7AFFFADF8A8
:1020C0000E009DF80E10059A0498104410F8022C8A
:1020D0000020914201900DD1FFE79DF80F00059A75
:1020E0000499114411F8011C401AB0FA80F040091B
:1020F0000190FFE7019800F001008DF81F00FFE755
:102100009DF81F0008B080BD83B0029001918DF84A
:1021100003208DF8023002990198C8609DF80300F1
:1021200008749DF802004874042081F84B000020D8
:1021300081F84C0081F84A0003B0704781B00090EC
:102140000098002101724161816101774CF6CD4117
:10215000C4F21C11C0F8B0100021C4F2E011C0F8A4
:10216000B41001B07047000080B582B001900199B1
:10217000009108784979884222D0FFE700980078DA
:1021800001280AD1FFE741F20000C4F202004FF437
:1021900000710122F0F7D8FA0EE00098007850B9EB
:1021A000FFE741F20000C4F202004FF40071002288
:1021B000F0F7CAFAFFE7FFE7009908784871FFE7F0
:1021C000009948788979884222D0FFE700984078C2
:1021D00001280AD1FFE741F20000C4F202004FF4E7
:1021E00000610122F0F7B0FA0EE00098407850B993
:1021F000FFE741F20000C4F202004FF40061002248
:10220000F0F7A2FAFFE7FFE7009948788871FFE747
:1022100000998878C979884222D0FFE700988078B1
:1022200001280AD1FFE741F20000C4F202004FF496
:1022300000510122F0F788FA0EE00098807850B93A
:10224000FFE741F20000C4F202004FF40051002207
:10225000F0F77AFAFFE7FFE700990878C871FFE71F
:102260000099C878097A884222D0FFE70098C078A0
:1022700001280AD1FFE741F20000C4F202004FF446
:1022800080410122F0F760FA0EE00098C07850B962
:10229000FFE741F20000C4F202004FF48041002247
:1022A000F0F752FAFFE7FFE70099C8780872FFE7F6
:1022B00000990879497A884220D0FFE70098007990
:1022C000012809D1FFE740F60000C4F202004021D6
:1022D0000122F0F739FA0DE00098007948B9FFE7DC
:1022E00040F60000C4F2020040210022F0F72CFA70
:1022F000FFE7FFE7009908794872FFE702B080BD69
:1023000082B001908DF803108DF8022001999DF89C
:1023100003008DF801009DF802009DF8012088540B
:1023200002B0704781B000900098002101704170A8
:102330008170C1700171817201B0704781B00090ED
:10234000009840F2A411C2F20001016001B0704790
:1023500080B588B007900798059043F68272C2F264
:10236000000200211180006AB0F804010138ADF8C4
:102370001A00FFE743F68270C2F200000088BDF841
:102380001A10884280F27384FFE70598006A43F6CA
:102390008271C2F200010988084490F88400A528DF
:1023A00040F05C84FFE70598006A43F68271C2F250
:1023B00000010988084484300521FDF7CBF9012884
:1023C00040F04C84FFE7DDF814C0DCF8202043F631
:1023D0008271C2F200010888104490F88A2043F606
:1023E0009070C2F2000002800388DCF820E00A88C6
:1023F000724492F8892042EA03220280DCF82030FD
:102400000A881A4492F8863043F69872C2F20002A3
:1024100013801388DCF820C00988614491F8851086
:1024200041EA032111800088ADF81800BDF81800BA
:1024300001460491012876D0FFE70498022800F0B5
:10244000AA80FFE70498032800F0D480FFE70498EF
:1024500040F20111884200F0FC80FFE70498B0F5DB
:10246000817F00F02581FFE70498B0F5827F00F0BE
:102470004E81FFE7049840F20511884200F0768112
:10248000FFE7049840F20121884200F09D81FFE7B8
:10249000049840F20221884200F0CE81FFE70498C0
:1024A00040F20321884200F0F681FFE70498B0F57E
:1024B000017F00F02882FFE7049840F2052188425E
:1024C00000F05082FFE7049840F20621884200F0B5
:1024D0007482FFE7049840F20721884200F09C8252
:1024E000FFE70498B0F5027F00F0C982FFE7049887
:1024F00040F20921884200F0F182FFE7049840F29F
:102500000A21884200F01983FFE7049840F2023163
:10251000884200F07583FFE7049840F20531884255
:1025200000F03A8399E3BDF81A0043F68271C2F2D3
:1025300000010988401A14282CD3FFE70598006A87
:1025400043F68271C2F200010988084484301421E4
:10255000FDF77CFA01281DD1FFE7059A136A43F6BF
:102560008271C2F20001088800EB030C9CF897000E
:1025700082F84100DCF88B00DCF88F30DCF893C087
:10258000C2F83DC0C2F83930C2F8350008881430AE
:102590000880FFE761E3BDF81A0043F68271C2F2DA
:1025A00000010988401A0A2823D3FFE70598006A2A
:1025B00043F68271C2F200010988084484300A217E
:1025C000FDF744FA012814D1FFE7059A136A43F690
:1025D0008271C2F200010888184490F88D3082F8A8
:1025E0004430B0F88B00A2F8420008880A30088016
:1025F000FFE732E3BDF81A0043F68271C2F2000130
:102600000988401A292823D3FFE70598006A43F672
:102610008271C2F200010988084484302921FDF743
:1026200015FA012814D1FFE7059901F145000A6A5E
:1026300043F68271C2F200010391098811448B3183
:102640002222EDF7F4FE0399088829300880FFE77D
:1026500003E3BDF81A0043F68271C2F20001098853
:10266000401A0D2823D3FFE70598006A43F68271CC
:10267000C2F200010988084484300D21FDF7E6F913
:10268000012814D1FFE7059A136A43F68271C2F25A
:10269000000108881844B0F88F30A2F86B30D0F8E9
:1026A0008B00C2F8670008880D300880FFE7D4E28D
:1026B000BDF81A0043F68271C2F200010988401A7F
:1026C0000D2823D3FFE70598006A43F68271C2F212
:1026D00000010988084484300D21FDF7B7F901286D
:1026E00014D1FFE7059A136A43F68271C2F2000122
:1026F00008881844B0F88F30A2F87130D0F88B00F9
:10270000C2F86D0008880D300880FFE7A5E2BDF82B
:102710001A0043F68271C2F200010988401A0C289F
:1027200023D3FFE70598006A43F68271C2F20001E5
:102730000988084484300C21FDF788F9012814D158
:10274000FFE7059A136A43F68271C2F20001088816
:10275000184490F88F3082F87730D0F88B00C2F8A8
:10276000730008880C300880FFE776E2BDF81A0095
:1027700043F68271C2F200010988401A0C2822D364
:10278000FFE70598006A43F68271C2F200010988EA
:10279000084484300C21FDF759F9012813D1FFE7D3
:1027A000059A136A43F68271C2F200010888184440
:1027B00090F88F3082F87C30D0F88B0090670888D2
:1027C0000C300880FFE748E2BDF81A0043F682713A
:1027D000C2F200010988401A16282CD3FFE7059899
:1027E000006A43F68271C2F200010988084484300D
:1027F0001621FDF72BF901281DD1FFE7059A136A71
:1028000043F68271C2F20001088800EB030EDEF885
:102810008B00DEF88F30DEF893C0DEF896E0C2F869
:1028200088E0C2F885C0C2F88130C2F87D0008880F
:1028300016300880FFE710E2BDF81A0043F68271F7
:10284000C2F200010988401A192823D3FFE705982E
:10285000006A43F68271C2F200010988084484309C
:102860001921FDF7F3F8012814D1FFE7059901F1CB
:102870008C000A6A43F68271C2F200010291098853
:1028800011448B311222EDF7D2FD029908881930DC
:102890000880FFE7E1E1BDF81A0043F68271C2F259
:1028A00000010988401A15282CD3FFE70598006A13
:1028B00043F68271C2F20001098808448430152170
:1028C000FDF7C4F801281DD1FFE7059A136A43F606
:1028D0008271C2F20001088800EB030CBCF897007B
:1028E000A2F8AA00DCF88B00DCF88F30DCF893C08B
:1028F000C2F8A6C0C2F8A230C2F89E0008881530FF
:102900000880FFE7A9E1BDF81A0043F68271C2F220
:1029100000010988401A0E2823D3FFE70598006AB2
:1029200043F68271C2F200010988084484300E2106
:10293000FDF78CF8012814D1FFE7059A136A43F6D6
:102940008271C2F2000108880344D3F88B00D3F8E7
:102950008E30C2F8AF30C2F8AC0008880E30088064
:10296000FFE77AE1BDF81A0043F68271C2F2000176
:102970000988401A0B281FD3FFE70598006A43F621
:102980008271C2F200010988084484300B21FDF7EE
:102990005DF8012810D1FFE7059A136A43F68271AA
:1029A000C2F2000108881844D0F88B00C2F8B300C6
:1029B00008880B300880FFE74FE1BDF81A0043F6A6
:1029C0008271C2F200010988401A0A2823D3FFE766
:1029D0000598006A43F68271C2F200010988084432
:1029E00084300A21FDF732F8012814D1FFE7059A57
:1029F000136A43F68271C2F200010888184490F805
:102A00008D3082F8B930B0F88B00A2F8B700088892
:102A10000A300880FFE720E1BDF81A0043F6827112
:102A2000C2F200010988401A102827D3FFE7059851
:102A3000006A43F68271C2F20001098808448430BA
:102A40001021FDF703F8012818D1FFE7059A136A52
:102A500043F68271C2F200010888034493F89300A0
:102A600082F8C200D3F88B00D3F88F30C2F8BE30A2
:102A7000C2F8BA00088810300880FFE7EDE0BDF822
:102A80001A0043F68271C2F200010988401A0F2829
:102A900023D3FFE70598006A43F68271C2F2000172
:102AA0000988084484300F21FCF7D0FF012814D195
:102AB000FFE7059A136A43F68271C2F200010888A3
:102AC0000344D3F88B00D3F88F30C2F8C730C2F874
:102AD000C30008880F300880FFE7BEE0BDF81A0089
:102AE00043F68271C2F200010988401A0D2823D3EF
:102AF000FFE70598006A43F68271C2F20001098877
:102B0000084484300D21FCF7A1FF012814D1FFE710
:102B1000059A136A43F68271C2F2000108881844CC
:102B2000B0F88F30A2F8CF30D0F88B00C2F8CB00CD
:102B300008880D300880FFE78FE0BDF81A0043F6E3
:102B40008271C2F200010988401A0F2823D3FFE7DF
:102B50000598006A43F68271C2F2000109880844B0
:102B600084300F21FCF772FF012814D1FFE7059A8A
:102B7000136A43F68271C2F2000108880344D3F855
:102B80008B00D3F88F30C2F8D530C2F8D100088856
:102B90000F300880FFE760E0BDF81A0043F682714D
:102BA000C2F200010988401A122828D3FFE70598CD
:102BB000006A43F68271C2F2000109880844843039
:102BC0001221FCF743FF012819D1FFE7059A136A88
:102BD00043F68271C2F20001088800EB030CDCF8B6
:102BE0008B00DCF88F30DCF892C0C2F8E0C0C2F88D
:102BF000DD30C2F8D900088812300880FFE72CE0E9
:102C0000BDF81A0043F68271C2F200010988401A29
:102C1000252821D3FFE70598006A43F68271C2F2A6
:102C200000010988084484302521FCF70FFF0128A2
:102C300012D1FFE70598026A43F68271C2F20001E1
:102C40000191098811448B311E22EDF7F0FB0199A7
:102C5000088825300880FFE7FFE7FFE743F6827129
:102C6000C2F20001088801300880FFF783BB08B07A
:102C700080BD000080B584B003908DF80B100398E0
:102C800001909DF80B0008280BDCFFE701989DF8E8
:102C90000B10332211FB020101F5EB7100F06EF90C
:102CA0000BE09DF80B00092806DBFFE7019800F513
:102CB000BB7100F001F9FFE7FFE70198026A1068B5
:102CC000111DB2F80A21F7F70BFD04B080BD00001A
:102CD00080B584B003900291ADF806200398C16AD4
:102CE0000131C162FFF734FB04B080BD10B586B07E
:102CF0008C468646119810990F990E990D990C994A
:102D00000B990A990999089CCDF814E08DF813C025
:102D10008DF812208DF811308DF810108DF80F00FD
:102D200005999DF8120001F5EB7201929DF81330A0
:102D30003321029113FB012398709DF8120000F5D6
:102D400080709DF8133013FB012398809DF81300C9
:102D500010FB012015300F99109AEDF768FB019ACE
:102D600002999DF8130010FB0123DDF820E0D3F851
:102D70000900D3F80DC00EF00F0E20F4707040EA79
:102D80008E10C3F80DC0C3F809009DF810009DF81F
:102D9000133013FB012398719DF8130010FB0123DE
:102DA0009DF80FE0D3F80900D3F80DC06EF30200D0
:102DB000C3F80DC0C3F809009DF8130010FB0123F0
:102DC000D3F80900D3F80DC040F03800C3F80DC0A7
:102DD000C3F809009DF8130010FB0123DDF828E07B
:102DE000D3F80900D3F80DC00EF00F0E20F4705088
:102DF00040EA8E20C3F80DC0C3F809009DF8130007
:102E000010FB0123DDF82CE0D3F80900D3F80DC046
:102E10006FF35F2E6FF3963040EA8E30C3F80DC02B
:102E2000C3F809009DF8130010FB0123DDF830E022
:102E3000D3F809C0D3F80D006EF30900C3F809C038
:102E4000C3F80D009DF8130010FB0123DDF834E0FA
:102E5000D3F809C0D3F80D006FF3DF2E6FF3942081
:102E600040EA8E20C3F809C0C3F80D009DF8130096
:102E700010FB0123DDF838E0D3F809C0D3F80D00CA
:102E80006FF35F5040EA4E50C3F809C0C3F80D001D
:102E90009DF8130010FB0121109BD1F80900D1F817
:102EA0000D206FF3DF5040EAC350C1F80D20C1F888
:102EB000090006B010BD000080B586B005900491F1
:102EC0000598019040F20131ADF80A10602100919F
:102ED000ADF80C1090F8261090F8273090F82820C4
:102EE0001944BDF80C3019441144ADF80E10006AB5
:102EF0000430BDF80E10EDF733FB019991F8240072
:102F00000A6A10710A6ABDF80C00A2F8050091F86F
:102F100025000A6AD071086A043091F82610FCF77F
:102F2000B5FA0199086A91F826201044043091F806
:102F300027200DF10A01EDF77AFA009A019B186A31
:102F400093F8261093F82730194408440430049964
:102F5000EDF76DFA0198006A0430BDF80E10FCF729
:102F600023FC0199BDF80E000A6AA2F80A0191F843
:102F70002500013081F8250006B080BD80B586B0FF
:102F8000059004910598019040F20131ADF80A10C6
:102F900033210091ADF80C1090F8261090F82730EE
:102FA00090F828201944BDF80C3019441144ADF8AC
:102FB0000E10006A0430BDF80E10EDF7D1FA019939
:102FC00091F824000A6A10710A6ABDF80C00A2F890
:102FD000050091F825000A6AD071086A043091F85A
:102FE0002610FCF753FA0199086A91F8262010443C
:102FF000043091F827200DF10A01EDF718FA009A34
:10300000019B186A93F8261093F827301944084456
:1030100004300499EDF70BFA0198006A0430BDF80A
:103020000E10FCF7C1FB0199BDF80E000A6AA2F868
:103030000A0191F82500013081F8250006B080BD15
:1030400084B0039002918DF80720039800900298B5
:10305000006841F20001C4F20101884207D1FFE794
:10306000009942F23440C2F20000086254E0029833
:10307000006844F20041C4F20001884207D1FFE732
:10308000009942F24450C2F20000086243E0029804
:10309000006844F60001C4F20001884207D1FFE74E
:1030A000009942F25460C2F20000086232E00298D5
:1030B000006844F60041C4F20001884207D1FFE7EE
:1030C000009942F26470C2F20000086221E00298A6
:1030D000006845F20001C4F20001884207D1FFE711
:1030E000009942F67400C2F20000086210E00298F3
:1030F000006841F20041C4F20101884207D1FFE7B4
:10310000009942F68410C2F200000862FFE7FFE770
:10311000FFE7FFE7FFE7FFE700999DF8070081F869
:10312000240004B07047000081B00090009890F82F
:103130007D0001B07047000080B586B0049004980F
:1031400001900590002180F82510052280F82620A6
:10315000022280F8272080F82820C162016380F8CD
:103160003410E43008F0A6FD0198EC3008F082FD40
:10317000019800F2011008F085FD019800F2251079
:1031800008F088FD019800F5BB7008F08BFD0199EF
:1031900001F5EB7001F5757102910390FFE703985B
:1031A000009008F08FFD0098029A00F13301084664
:1031B00091420390F3D1FFE7059806B080BD00006F
:1031C00080B592B00CAB00930346009810930F911A
:1031D0008DF83B2080ED010AC0ED000A10980190A7
:1031E0000F98032105F0AAFC0F9904A8029005F09E
:1031F00007FB029800218DF80F100DF10F0107F069
:1032000013FA002800F08480FFE700990F9891EDF1
:10321000010A05F07BFC0F9805F066FC09F07CFBC9
:10322000B2EE041AB4EE410AF1EE10FA6FDBFFE7DA
:103230009DF83B1043F65E70C2F2000000EB4102C5
:1032400032F8021C013122F8021C9DF83B1000EB01
:10325000410030F8020CB0F5967F57DBFFE70F987E
:103260009FED2F0A05F052FC0F9805F035FC0198F0
:103270009DF83B1000EB810041F6C401084480ED4D
:10328000000A0F98062105F059FC9DF83B00012823
:1032900012D1FFE701990F989DF83B2001EB8201C5
:1032A00041F6C402114491ED000AB1EE041A30EE69
:1032B000010A05F021FC17E09DF83B00022812D11D
:1032C000FFE701990F989DF83B2001EB820141F641
:1032D000C402114491ED000AB8EE001A30EE010A62
:1032E00005F00AFCFFE7FFE70F9805F0DBFC9DF80F
:1032F0003B1043F65E70C2F2000000EB410100207B
:1033000021F8020C01208DF8470005E0FFE7FFE7F8
:1033100000208DF84700FFE79DF8470012B080BD00
:103320000000000080B588B006908DED050ACDED57
:10333000040A0698029041F2843108440390022165
:1033400006F098F903989DED050A06F07FF90398B9
:1033500006F038F909F0E0FA9DED041AB4EE410ADE
:10336000F1EE10FA47DBFFE7029841F2843108449E
:1033700006F064F909F0D0FA9FED261AB4EE410A7E
:10338000F1EE10FA37DAFFE743F66270C2F200009E
:103390000188013101800088B0F57A7F2ADBFFE7E0
:1033A000029843F66272C2F200020021118041F2DB
:1033B000843108440190032106F05CF9019806F07D
:1033C000F9F8029841F6C8010144009181ED030A21
:1033D00041F2B041084406F0EDF80099019881ED02
:1033E000040A06F0E7F8019806F0F4F801208DF8D9
:1033F0001F000BE006E043F66271C2F200010020FC
:103400000880FFE700208DF81F00FFE79DF81F00F0
:1034100008B080BDFDAD003DB0B58EB00D900D98EB
:103420000C9000F52A60FEF7EDF803280ED1FFE7B7
:103430000C9800F52A60FEF707FA032806D1FFE78B
:103440000C9941F2797201208854FFE70C9800F53D
:103450002A60FEF7D7F803280ED1FFE70C9800F595
:103460002A60FEF7E9F9032806D1FFE70C9941F23B
:10347000797200208854FFE70C9841F27971405C22
:10348000002840F0F180FFE740F25070C2F20000E7
:1034900000F52A60FDF732FF012840F0E580FFE7E4
:1034A0000C9800F52A60FDF741FF01460B910028BA
:1034B00000F09280FFE70B98032800F09780FFE769
:1034C0000B98062840F0B680FFE70C9841F27A721C
:1034D0000121815400F52A60FDF720FF012804D165
:1034E000FFE70C9802F06EFA14E00C9941F65C00CC
:1034F0000C1808586268A368D4F80CC0D4F810E01F
:1035000064690C62C1F81CE0C1F818C04B610A6123
:10351000C860FFE70C9800F52A60FDF7F7FED8B900
:10352000FFE70C9841F2F8610A9140580AF09CFDBF
:1035300041EC100B51EC100B9FEDD70B53EC102B03
:103540000AF08CF941EC100B51EC100B0AF054F915
:103550000A9A0C99885023E00C9800F52A60FDF730
:10356000D5FE06281BD1FFE70C9841F2F8610991BE
:1035700040580AF079FD41EC100B51EC100B9FED17
:10358000C80B53EC102B0AF069F941EC100B51EC0D
:10359000100B0AF031F9099A0C998850FFE7FFE700
:1035A0000C9800F52A60FDF7B1FE032809D1FFE76A
:1035B0000C9841F2E8510144D1F81401C1F810010E
:1035C000FFE70C9841F2F86108449FEDB70ADFED80
:1035D000B70AFAF7B5FE46E00C9841F27A7202217A
:1035E000815400F55E7007F05FF83CE00C9841F202
:1035F0007A7200210891815400F55E70022108F072
:1036000069FB0C99089841F65C028D188A586B6822
:10361000D5F808C0D5F80CE02C696D690D62CC6155
:10362000C1F818E0C1F814C00B61CA6041F2F86239
:10363000885018E00C9941F65C000C180858626834
:10364000A368D4F80CC0D4F810E064690C62C1F827
:103650001CE0C1F818C04B610A61C86041F2F86211
:1036600000208850FFE77EE20C9841F27971405CBF
:10367000012840F05382FFE740F25070C2F2000090
:1036800000F52A60FEF7D0F8012840F04782FFE7F6
:103690000C9800F52A60FDF7ADFF032815D1FFE770
:1036A0000C9800F52A60FEF7CFF803280DD1FFE74C
:1036B0000C9841F27A720221815401224270827088
:1036C00000F55E7008F006FBFFE70C9800F52A6035
:1036D000FDF790FF032818D1FFE70C9800F52A604A
:1036E000FEF7AAF8032810D1FFE70C9841F27A728E
:1036F00001210791815400F55E70042108F0EAFA77
:103700000C99079848708870FFE70C9800F52A60BC
:10371000FDF770FF03281BD1FFE70C9800F52A6026
:10372000FEF78AF8032813D1FFE70C9800F52A600A
:10373000FEF78AF803280BD1FFE70C9841F27A7262
:103740000021815400F55E70022108F0C3FAFFE702
:103750000C9841F27A71405C0146069148B1FFE74E
:103760000698012824D0FFE70698022800F07C8103
:10377000D2E10C9800F55E70022108F0ABFA0C99CA
:1037800041F65C000C1808586268A368D4F80CC0B5
:10379000D4F810E064690C62C1F81CE0C1F818C0EC
:1037A0004B610A61C86041F2F86200208850B4E1C0
:1037B0000C9800F52A60FDF7B1FD012847D1FFE71D
:1037C0000C9802F0FFF80C9800F52A60FDF75AFFFC
:1037D000032819D1FFE740F25071C2F200010591B0
:1037E00041F2B47288588C186268A368D4F80CC08F
:1037F000D4F810E064690C62C1F81CE0C1F818C08C
:103800004B610A61C86021E00C9800F52A60FEF760
:1038100003F8032819D1FFE740F25071C2F200010A
:10382000049141F2E47288588C186268A368D4F855
:103830000CC0D4F810E064690C62C1F81CE0C1F857
:1038400018C04B610A61C860FFE7FFE714E00C99FC
:1038500041F65C000C1808586268A368D4F80CC0E4
:10386000D4F810E064690C62C1F81CE0C1F818C01B
:103870004B610A61C860FFE70C9800F52A60FDF70C
:10388000C9FE03282FD1FFE70C9800F52A60FDF749
:10389000DBFF032827D10BE0FA7E6ABC7493783FE4
:1038A000FA7E6ABC749378BF0000000000000042FA
:1038B0000C9841F2F861039140580AF0D5FB41ECB5
:1038C000100B51EC100B9FEDAC0B53EC102B09F0CF
:1038D000C5FF41EC100B51EC100B09F08DFF039A62
:1038E0000C99885034E00C9800F52A60FDF792FEA0
:1038F000032823D1FFE70C9800F52A60FDF79CFF11
:1039000003281BD1FFE70C9841F2F861029140585F
:103910000AF0AAFB41EC100B51EC100B9FED940B3D
:1039200053EC102B09F09AFF41EC100B51EC100BEB
:1039300009F062FF029A0C99885008E00C9841F255
:10394000E8510144D1F81401C1F81001FFE7FFE785
:103950000C9841F2F86108449FED890ADFED890A6D
:10396000FAF7EEFC0C9800F52A60FDF783FE0328B9
:103970000CD1FFE70C9800F52A60FDF765FF0328DE
:1039800004D1FFE70C990120487014E00C9800F571
:103990002A60FDF76FFE03280CD1FFE70C9800F5B5
:1039A0002A60FDF749FF032804D1FFE70C990020A6
:1039B0004870FFE7FFE70C9800F52A60FDF752FE1C
:1039C00003280CD1FFE70C9800F52A60FDF73CFFB7
:1039D000032804D1FFE70C990120887014E00C98AB
:1039E00000F52A60FDF73EFE03280CD1FFE70C9896
:1039F00000F52A60FDF720FF032804D1FFE70C99AA
:103A000000208870FFE7FFE70C9800F52A60FDF7BB
:103A1000D9FD03280FD1FFE70C9800F52A60FDF7C8
:103A200013FF032807D1FFE70C9800F55E7005210E
:103A300008F050F917E00C9800F52A60FDF7C2FD78
:103A400003280FD1FFE70C9800F52A60FDF7F4FE7C
:103A5000032807D1FFE70C9800F55E70042108F0F9
:103A600039F9FFE7FFE758E00C9800F55E7006F0C3
:103A70001BFE0C9800F52A60FDF7FCFD03280CD115
:103A8000FFE70C9800F52A60FDF7DEFE032804D15D
:103A9000FFE70C990120487014E00C9800F52A60AB
:103AA000FDF7E8FD03280CD1FFE70C9800F52A602C
:103AB000FDF7C2FE032804D1FFE70C9900204870EF
:103AC000FFE7FFE70C9800F52A60FDF7CBFD032820
:103AD0000CD1FFE70C9800F52A60FDF7B5FE03282E
:103AE00004D1FFE70C990120887014E00C9800F5D0
:103AF0002A60FDF7B7FD03280CD1FFE70C9800F50D
:103B00002A60FDF799FE032804D1FFE70C990020F5
:103B10008870FFE7FFE700E0FFE723E00C9841F241
:103B20007A7200210191815400F55E70022108F043
:103B3000D1F80C99019841F65C028D188A586B688F
:103B4000D5F808C0D5F80CE02C696D690D62CC6120
:103B5000C1F818E0C1F814C00B61CA6041F2F86204
:103B60008850FFE7FFE70EB0B0BD00BF00BF00BF49
:103B7000FA7E6ABC749378BFFA7E6ABC7493783F0D
:103B8000000000000000104280B5ADF5067D859074
:103B90008598849041F27A71405C022841F0A780B8
:103BA000FFE7849841F2E651405C002841F09E8096
:103BB000FFE7849800F55E7008F0A6F8013801462A
:103BC00083912D2801F291808399DFE811F02E0076
:103BD0004E008E08E6058E088E088E088E088E0828
:103BE0008E08050640067B06F1062C076707DD07F1
:103BF000180853088E086E00DA004601B2011E0252
:103C00008A02F6026203CE033A04A50410057B057E
:103C10008E088E088E088E088E088E088E088E08F4
:103C20008E08B6068E088E08A207849841F2DC51F1
:103C300008448190002282921146FEF761FB819830
:103C4000829A0121FEF75CFB8198829A0221FEF79D
:103C500057FB8198829A0321FEF752FB8198829A42
:103C60000421FEF74DFB01F040B8849841F2DC518D
:103C700008447F90002280921146FEF741FB7F9816
:103C8000809A0121FEF73CFB7F98809A0221FEF783
:103C900037FB7F98809A0321FEF732FB7F98809A4A
:103CA0000421FEF72DFB01F020B8849890F8B60AA5
:103CB000012810D1FFE7849841F2DC5108447D903F
:103CC000002101227E92FEF71BFB7D987E9A022145
:103CD000FEF716FB0FE0849841F2DC5108447B901C
:103CE00000227C921146FEF70BFB7B987C9A022106
:103CF000FEF706FBFFE7849948788978084448B1C5
:103D0000FFE7849841F2DC51084401221146FEF796
:103D1000F7FA08E0849841F2DC51084401210022BE
:103D2000FEF7EEFAFFE78498407848B1FFE7849801
:103D300041F2DC51084403210122FEF7E1FA08E0D8
:103D4000849841F2DC51084403210022FEF7D8FA9E
:103D5000FFE78498807848B1FFE7849841F2DC510E
:103D6000084404210122FEF7CBFA08E0849841F2CE
:103D7000DC51084404210022FEF7C2FAFFE700F0FC
:103D8000B4BF849890F8B60A012810D1FFE7849850
:103D900041F2DC5108447990002101227A92FEF729
:103DA000AFFA79987A9A0221FEF7AAFA0FE084987E
:103DB00041F2DC5108447790002278921146FEF7D8
:103DC0009FFA7798789A0221FEF79AFAFFE784998A
:103DD00048788978084448B1FFE7849841F2DC517B
:103DE000084401221146FEF78BFA08E0849841F25C
:103DF000DC51084401210022FEF782FAFFE7849893
:103E0000407848B1FFE7849841F2DC51084403212F
:103E10000122FEF775FA08E0849841F2DC5108446B
:103E200003210022FEF76CFAFFE78498807848B1FE
:103E3000FFE7849841F2DC51084404210122FEF797
:103E40005FFA08E0849841F2DC5108440421002222
:103E5000FEF756FAFFE700F048BF849890F8B60ADC
:103E6000012810D1FFE7849841F2DC510844759095
:103E7000002101227692FEF743FA7598769A022184
:103E8000FEF73EFA0FE0849841F2DC51084473904B
:103E9000002274921146FEF733FA7398749A022145
:103EA000FEF72EFAFFE7849948788978084448B1EC
:103EB000FFE7849841F2DC51084401221146FEF7E5
:103EC0001FFA08E0849841F2DC51084401210022E5
:103ED000FEF716FAFFE78498407848B1FFE7849828
:103EE00041F2DC51084403210122FEF709FA08E0FF
:103EF000849841F2DC51084403210022FEF700FAC5
:103F0000FFE78498807848B1FFE7849841F2DC515C
:103F1000084404210122FEF7F3F908E0849841F2F5
:103F2000DC51084404210022FEF7EAF9FFE700F023
:103F3000DCBE849890F8B60A012810D1FFE7849877
:103F400041F2DC5108447190002101227292FEF787
:103F5000D7F97198729A0221FEF7D2F90FE084988E
:103F600041F2DC5108446F90002270921146FEF736
:103F7000C7F96F98709A0221FEF7C2F9FFE784999A
:103F800048788978084448B1FFE7849841F2DC51C9
:103F9000084401221146FEF7B3F908E0849841F283
:103FA000DC51084401210022FEF7AAF9FFE78498BA
:103FB000407848B1FFE7849841F2DC51084403217E
:103FC0000122FEF79DF908E0849841F2DC51084493
:103FD00003210022FEF794F9FFE78498807848B126
:103FE000FFE7849841F2DC51084404210122FEF7E6
:103FF00087F908E0849841F2DC510844042100224A
:10400000FEF77EF9FFE700F070BE849890F8B60ADC
:10401000012810D1FFE7849841F2DC5108446D90EB
:10402000002101226E92FEF76BF96D986E9A0221C3
:10403000FEF766F90FE0849841F2DC5108446B907A
:1040400000226C921146FEF75BF96B986C9A022184
:10405000FEF756F9FFE7849948788978084448B113
:10406000FFE7849841F2DC51084401221146FEF733
:1040700047F908E0849841F2DC510844012100220C
:10408000FEF73EF9FFE78498407848B1FFE784984F
:1040900041F2DC51084403210122FEF731F908E026
:1040A000849841F2DC51084403210022FEF728F9EC
:1040B000FFE78498807848B1FFE7849841F2DC51AB
:1040C000084404210122FEF71BF908E0849841F21C
:1040D000DC51084404210022FEF712F9FFE700F04A
:1040E00004BE849890F8B60A012810D1FFE784989E
:1040F00041F2DC5108446990002101226A92FEF7E6
:10410000FFF869986A9A0221FEF7FAF80FE084989E
:1041100041F2DC5108446790002268921146FEF794
:10412000EFF86798689A0221FEF7EAF8FFE78499AA
:1041300048788978084448B1FFE7849841F2DC5117
:10414000084401221146FEF7DBF808E0849841F2AA
:10415000DC51084401210022FEF7D2F8FFE78498E1
:10416000407848B1FFE7849841F2DC5108440321CC
:104170000122FEF7C5F808E0849841F2DC510844BA
:1041800003210022FEF7BCF8FFE78498807848B14D
:10419000FFE7849841F2DC51084404210122FEF734
:1041A000AFF808E0849841F2DC5108440421002271
:1041B000FEF7A6F8FFE700F098BD849890F8B60ADD
:1041C000012810D1FFE7849841F2DC510844659042
:1041D000002101226692FEF793F86598669A022103
:1041E000FEF78EF80FE0849841F2DC5108446390AA
:1041F000002264921146FEF783F86398649A0221C4
:10420000FEF77EF8FFE7849948788978084448B13A
:10421000FFE7849841F2DC51084401221146FEF781
:104220006FF808E0849841F2DC5108440121002233
:10423000FEF766F8FFE78498407848B1FFE7849876
:1042400041F2DC51084403210122FEF759F808E04D
:10425000849841F2DC51084403210022FEF750F813
:10426000FFE78498807848B1FFE7849841F2DC51F9
:10427000084404210122FEF743F808E0849841F243
:10428000DC51084404210022FEF73AF8FFE700F071
:104290002CBD849890F8B60A012810D1FFE78498C5
:1042A00041F2DC5108446190002101226292FEF744
:1042B00027F86198629A0221FEF722F80FE08498AD
:1042C00041F2DC5108445F90002260921146FEF7F3
:1042D00017F85F98609A0221FEF712F8FFE78499B9
:1042E00048788978084448B1FFE7849841F2DC5166
:1042F000084401221146FEF703F808E0849841F2D1
:10430000DC51084401210022FDF7FAFFFFE7849801
:10431000407848B1FFE7849841F2DC51084403211A
:104320000122FDF7EDFF08E0849841F2DC510844DA
:1043300003210022FDF7E4FFFFE78498807848B16D
:10434000FFE7849841F2DC51084404210122FDF783
:10435000D7FF08E0849841F2DC5108440421002290
:10436000FDF7CEFFFFE700F0C0BC849890F8B60AD6
:10437000012810D1FFE7849841F2DC5108445D9098
:10438000002101225E92FDF7BBFF5D985E9A02213B
:10439000FDF7B6FF0FE0849841F2DC5108445B90D2
:1043A00000225C921146FDF7ABFF5B985C9A0221FC
:1043B000FDF7A6FFFFE7849948788978084448B15B
:1043C000FFE7849841F2DC51084401221146FDF7D1
:1043D00097FF08E0849841F2DC5108440121002253
:1043E000FDF78EFFFFE78498407848B1FFE7849897
:1043F00041F2DC51084403210122FDF781FF08E06E
:10440000849841F2DC51084403210022FDF778FF33
:10441000FFE78498807848B1FFE7849841F2DC5147
:10442000084404210122FDF76BFF08E0849841F263
:10443000DC51084404210022FDF762FFFFE700F091
:1044400054BC849890F8B60A012810D1FFE78498EC
:1044500041F2DC5108445990002101225A92FDF7A3
:104460004FFF59985A9A0221FDF74AFF0FE08498AE
:1044700041F2DC5108445790002258921146FDF752
:104480003FFF5798589A0221FDF73AFFFFE78499BA
:1044900048788978084448B1FFE7849841F2DC51B4
:1044A000084401221146FDF72BFF08E0849841F2F1
:1044B000DC51084401210022FDF722FFFFE7849828
:1044C000407848B1FFE7849841F2DC510844032169
:1044D0000122FDF715FF08E0849841F2DC51084401
:1044E00003210022FDF70CFFFFE78498807848B194
:1044F000FFE7849841F2DC51084404210122FDF7D2
:10450000FFFE08E0849841F2DC51084404210022B7
:10451000FDF7F6FEFFE7E8E3849890F8B60A012875
:1045200010D1FFE7849841F2DC51084455900021F6
:1045300001225692FDF7E4FE5598569A0221FDF7A6
:10454000DFFE0FE0849841F2DC51084453900022D2
:1045500054921146FDF7D4FE5398549A0221FDF768
:10456000CFFEFFE7849948788978084448B1FFE78F
:10457000849841F2DC51084401221146FDF7C0FE47
:1045800008E0849841F2DC51084401210022FDF743
:10459000B7FEFFE78498407848B1FFE7849841F27E
:1045A000DC51084403210122FDF7AAFE08E08498AB
:1045B00041F2DC51084403210022FDF7A1FEFFE790
:1045C0008498807848B1FFE7849841F2DC51084430
:1045D00004210122FDF794FE08E0849841F2DC51A9
:1045E000084404210022FDF78BFEFFE77DE3849859
:1045F00090F8B60A012810D1FFE7849841F2DC5107
:1046000008445190002101225292FDF779FE519801
:10461000529A0221FDF774FE0FE0849841F2DC51BA
:1046200008444F90002250921146FDF769FE4F98C2
:10463000509A0221FDF764FEFFE784994878897853
:10464000084448B1FFE7849841F2DC510844012254
:104650001146FDF755FE08E0849841F2DC5108440C
:1046600001210022FDF74CFEFFE78498407848B115
:10467000FFE7849841F2DC51084403210122FDF751
:104680003FFE08E0849841F2DC51084403210022F7
:10469000FDF736FEFFE78498807848B1FFE78498FD
:1046A00041F2DC51084404210122FDF729FE08E013
:1046B000849841F2DC51084404210022FDF720FED9
:1046C000FFE712E3849890F8B60A012810D1FFE7BB
:1046D000849841F2DC5108444D90002101224E9211
:1046E000FDF70EFE4D984E9A0221FDF709FE0FE0F0
:1046F000849841F2DC5108444B9000224C921146C0
:10470000FDF7FEFD4B984C9A0221FDF7F9FDFFE7FE
:10471000849948788978084448B1FFE7849841F241
:10472000DC51084401221146FDF7EAFD08E08498B7
:1047300041F2DC51084401210022FDF7E1FDFFE7D1
:104740008498407848B1FFE7849841F2DC510844EE
:1047500003210122FDF7D4FD08E0849841F2DC51E9
:10476000084403210022FDF7CBFDFFE78498807801
:1047700048B1FFE7849841F2DC510844042101224A
:10478000FDF7BEFD08E0849841F2DC5108440421A5
:104790000022FDF7B5FDFFE7A7E2849841F2DC5166
:1047A00008444990002101224A92FDF7A9FD499849
:1047B0004A9A1146FDF7A4FD49984A9A0221FDF74D
:1047C0009FFD49984A9A0321FDF79AFD49984A9A14
:1047D0000421FDF795FD88E2849890F8B60A012837
:1047E00010D1FFE7849841F2DC5108444790002142
:1047F00001224892FDF784FD4798489A0221FDF76F
:104800007FFD0FE0849841F2DC510844459000227E
:1048100046921146FDF774FD4598469A0221FDF730
:104820006FFDFFE7849841F2DC5108444390012179
:1048300000224492FDF764FD4398449A0321FDF75A
:104840005FFD4398449A0421FDF75AFD4DE2849898
:1048500090F8B60A012810D1FFE7849841F2DC51A4
:1048600008444190002101224292FDF749FD419800
:10487000429A0221FDF744FD0FE0849841F2DC5199
:1048800008443F90002240921146FDF739FD3F98C1
:10489000409A0221FDF734FDFFE7849841F2DC5194
:1048A00008443D90012100223E92FDF729FD3D98EC
:1048B0003E9A0321FDF724FD3D983E9A0421FDF721
:1048C0001FFD12E2849890F8B60A012810D1FFE784
:1048D000849841F2DC5108443B90002101223C9233
:1048E000FDF70EFD3B983C9A0221FDF709FD0FE014
:1048F000849841F2DC510844399000223A921146E2
:10490000FDF7FEFC39983A9A0221FDF7F9FCFFE722
:10491000849841F2DC5108443890012237921146C4
:10492000FDF7EEFC379A38980321FDF7E9FC38983B
:1049300004210022FDF7E4FCD7E1849890F8B60A40
:10494000012810D1FFE7849841F2DC5108443590EA
:10495000002101223692FDF7D3FC3598369A0221C8
:10496000FDF7CEFC0FE0849841F2DC51084433900F
:10497000002234921146FDF7C3FC3398349A022189
:10498000FDF7BEFCFFE7849841F2DC510844329009
:10499000012231921146FDF7B3FC319A329803217E
:1049A000FDF7AEFC329804210022FDF7A9FC9CE142
:1049B000849890F8B60A012810D1FFE7849841F254
:1049C000DC5108442F90002101223092FDF798FC21
:1049D0002F98309A0221FDF793FC0FE0849841F262
:1049E000DC5108442D9000222E921146FDF788FCE0
:1049F0002D982E9A0221FDF783FCFFE7849841F25F
:104A0000DC5108442C9001222B921146FDF778FCD2
:104A10002B9A2C980321FDF773FC2C98042100227B
:104A2000FDF76EFC61E1849890F8B60A012810D178
:104A3000FFE7849841F2DC510844299000210122CB
:104A40002A92FDF75DFC29982A9A0221FDF758FC6D
:104A50000FE0849841F2DC5108442790002228920C
:104A60001146FDF74DFC2798289A0221FDF748FCD6
:104A7000FFE7849841F2DC510844269001222592F8
:104A80001146FDF73DFC259A26980321FDF738FCD9
:104A9000269804210022FDF733FC26E1849890F843
:104AA000B60A012810D1FFE7849841F2DC5108448E
:104AB0002390002101222492FDF722FC2398249ABE
:104AC0000221FDF71DFC0FE0849841F2DC510844FF
:104AD0002190002222921146FDF712FC2198229A81
:104AE0000221FDF70DFCFFE7849841F2DC510844F8
:104AF0001F90012220921146FDF702FC1F98209A78
:104B00000321FDF7FDFB1F98209A0421FDF7F8FB18
:104B1000EBE0849890F8B60A012810D1FFE784985A
:104B200041F2DC5108441D90002101221E92FDF744
:104B3000E7FB1D981E9A0221FDF7E2FB0FE0849827
:104B400041F2DC5108441B9000221C921146FDF7F3
:104B5000D7FB1B981C9A0221FDF7D2FBFFE7849834
:104B600041F2DC510844199001221A921146FDF7D6
:104B7000C7FB19981A9A0321FDF7C2FB19981A9AD4
:104B80000421FDF7BDFBB0E0849890F8B60A012837
:104B900010D1FFE7849841F2DC51084417900021BE
:104BA00001221892FDF7ACFB1798189A0221FDF725
:104BB000A7FB0FE0849841F2DC51084415900022D5
:104BC00016921146FDF79CFB1598169A0221FDF7E7
:104BD00097FBFFE7849841F2DC51084413900122CF
:104BE00014921146FDF78CFB1398149A0321FDF7DC
:104BF00087FB1398149A0421FDF782FB75E08498D3
:104C000090F8B60A012810D1FFE7849841F2DC51F0
:104C100008441190002101221292FDF771FB1198B6
:104C2000129A0221FDF76CFB0FE0849841F2DC51EF
:104C300008440F90002210921146FDF761FB0F9877
:104C4000109A0221FDF75CFBFFE7849841F2DC51EA
:104C500008440D9001220E921146FDF751FB0D986C
:104C60000E9A0321FDF74CFB0D980E9A0421FDF7D7
:104C700047FB3AE0849890F8B60A012810D1FFE784
:104C8000849841F2DC5108440B90002101220C92DF
:104C9000FDF736FB0B980C9A0221FDF731FB0FE074
:104CA000849841F2DC510844099000220A9211468E
:104CB000FDF726FB09980A9A0221FDF721FBFFE781
:104CC000849841F2DC510844079001220892114671
:104CD000FDF716FB0798089A0321FDF711FB0798CB
:104CE000089A0421FDF70CFBFFE7FFE798E08498A2
:104CF00041F27A71405C01286BD1FFE7849890F80B
:104D0000B60A012810D1FFE7849841F2DC5108442B
:104D10000590002101220692FDF7F2FA0598069A05
:104D20000221FDF7EDFA0FE0849841F2DC510844CE
:104D30000390002204921146FDF7E2FA0398049AC8
:104D40000221FDF7DDFAFFE7849948788978084465
:104D500048B1FFE7849841F2DC5108440122114632
:104D6000FDF7CEFA08E0849841F2DC5108440121B5
:104D70000022FDF7C5FAFFE78498407848B1FFE7C5
:104D8000849841F2DC51084403210122FDF7B8FA6E
:104D900008E0849841F2DC51084403210022FDF729
:104DA000AFFAFFE78498807848B1FFE7849841F232
:104DB000DC51084404210122FDF7A2FA08E084989E
:104DC00041F2DC51084404210022FDF799FAFFE783
:104DD00025E0849841F27A71405CF8B9FFE7849845
:104DE00041F2DC5108440190002202921146FDF785
:104DF00087FA0198029A0121FDF782FA0198029A36
:104E00000221FDF77DFA0198029A0321FDF778FA55
:104E10000198029A0421FDF773FAFFE7FFE7FFE725
:104E20000DF5067D80BD000080B590B00F900F9805
:104E3000089000210B910A91099100F001FC0028D3
:104E400065D1FFE7089841F278720121815400F59D
:104E50002A600790FCF736F907988DED0E0AFCF7EB
:104E600039F907988DED0D0AFCF754F90899079860
:104E70008DED0C0A9DED0E0A41F20872114491ED80
:104E8000191A20EE010A81ED140A9DED0D0A91ED2B
:104E90001A1A20EE010A81ED150A9DED0C0A91ED1A
:104EA0001B1A20EE010A81ED160AFCF73BF910EE01
:104EB000100A09F0D9F841EC100B9FEDBD1B53EC23
:104EC000112B51EC100B09F016F928B9FFE70899DE
:104ED000012081F8B60AFFE7089800F52A60FCF780
:104EE00021F910EE100A09F0BFF841EC100B9FED0C
:104EF000B21B53EC112B51EC100B09F0F5F828B94B
:104F0000FFE70899002081F8B60AFFE732E2089827
:104F100000F096FB012840F02C82FFE743F6647016
:104F2000C2F200000078B8B9FFE740F25070C2F258
:104F3000000000F5D46006F071FF0898B1EE400A59
:104F400041F26471084480ED000A43F66471C2F2D4
:104F5000000101200870FFE7089841F278720121F2
:104F6000815400F52A60FCF76FFC03280BD1FFE7A2
:104F7000089941F298724FF07E50885041F27B724E
:104F8000012088540AE0089941F298724FF080405D
:104F9000885041F27B7200208854FFE7089800F5A2
:104FA0002A60FCF7FFFA032812D1FFE7089841F2C4
:104FB0006C71014491ED000AB1EE400A41F2987122
:104FC000084490ED001A80EE010A8DED0B0AFFE710
:104FD000089800F52A60FCF7FDFA032810D1FFE7D6
:104FE000089841F26C71014491ED000A41F2987108
:104FF000084490ED001A80EE010A8DED0B0AFFE7E0
:10500000089800F52A60FCF725FB032810D1FFE77C
:10501000089841F27071014491ED000A41F29871D3
:10502000084490ED001A80EE010A8DED0A0AFFE7B0
:10503000089800F52A60FCF7FDFA032812D1FFE773
:10504000089841F27071014491ED000AB1EE400AF6
:1050500041F29871084490ED001A80EE010A8DED3E
:105060000A0AFFE7089800F52A60FCF7DBFA032834
:1050700025D1FFE7089800F52A60FCF7E5FB032837
:105080001DD1FFE740F25070C2F20000069041F2DD
:10509000BC0200210591815400F5D46006F0BEFEEB
:1050A00005990698B1EE400A41F26472024482ED1D
:1050B000000A41F2F862815001F0D4FBFFE7089842
:1050C00000F52A60FCF7AEFA032812D1FFE7089832
:1050D00000F52A60FCF7B0FB03280AD1FFE740F295
:1050E0005070C2F2000000F55E70062106F0F2FD7D
:1050F000FFE740F25070C2F2000000F5D46006F005
:105100008DFE0898B1EE400A41F26871014481EDCC
:10511000000A00F52A60FCF765FA03280CD1FFE7C6
:10512000089800F52A60FCF78FFB032804D1FFE7FD
:1051300008990120C870FFE7089800F52A60FCF77D
:1051400051FA03280CD1FFE7089800F52A60FCF714
:1051500073FB032804D1FFE708990020C870FFE71C
:10516000089800F52A60FCF76DFAB8B9FFE740F23D
:105170005070C2F2000000F52A60FBF7B3FF0898F8
:1051800041F26471084490ED001AB2EE042A20EE58
:10519000020A30EE010A80ED000A4DE0089800F5A1
:1051A0002A60FCF74FFA032845D109E000BF00BF91
:1051B0009A9999999999E93F9A9999999999E9BFF1
:1051C00040F25070C2F20000039000F52A60019096
:1051D000FBF790FF01980399B0EE401A0A1D049264
:1051E00091ED010AB2EE042A8DED022A21EE021A97
:1051F00030EE410A81ED010AFBF774FF9DED022AB2
:105200000399B0EE401A01F1080091ED020A21EE77
:10521000021A30EE410A81ED020A9FED5B0ADFEDD2
:105220005B0AF9F78DF804989FED590ADFED590AEA
:10523000F9F786F8FFE7FFE7089841F2087108449C
:10524000009006F0EFFC009807F03CFB08988DED0D
:10525000090A00F52A60FCF7D5F9032806D1FFE713
:10526000089941F27C720120885405E0089941F2C6
:105270007C7200208854FFE7089841F27A71405C04
:10528000012823D1FFE70B9808F0EEFE41EC100B4C
:105290009FED3B1B53EC112B51EC100B08F092FBD4
:1052A00041EC100B51EC100B08F0A6FA089941F2F2
:1052B0000872114408659DED0A0AB1EE081A80EEE5
:1052C000010A81ED150A0998886551E0089841F2B4
:1052D0007A71405C02283FD1FFE7089800F55E70C4
:1052E00006F012FD1A2808D0FFE7089800F55E7056
:1052F00006F00AFD13280BD1FFE708990B9841F23D
:105300000872114408650A9848650998886522E082
:105310000B9808F0A9FE41EC100B9FED171B53EC06
:10532000112B51EC100B08F04DFB41EC100B51EC24
:10533000100B08F061FA089941F2087211440865EF
:105340009DED0A0AB0EE081A80EE010A81ED150AF9
:1053500009988865FFE70AE008990B9841F20872FE
:10536000114408650A98486509988865FFE7FFE7D2
:10537000FFE7FFE710B080BD000000000000F83F2D
:10538000CDCCCCCCCCCCFC3F000070420000F04235
:10539000000000000000024380B584B00290029833
:1053A000019043F66570C2F2000000788007002883
:1053B00016D4FFE7019800F5865101229FED5D0AA2
:1053C000DFED5D0AFDF7FCFE48B1FFE743F66571CE
:1053D000C2F20001087840F002000870FFE7FFE722
:1053E00043F66570C2F2000000784007002817D429
:1053F000FFE7019841F2F011014402229FED4F0AAC
:10540000DFED4F0AFDF7DCFE48B1FFE743F66571BB
:10541000C2F20001087840F004000870FFE7FFE7DF
:1054200043F66570C2F2000000780007002813D42C
:10543000FFE701989FED430ADFED430AFDF772FF96
:1054400048B1FFE743F66571C2F20001087840F009
:1054500008000870FFE7FFE743F66570C2F200003E
:105460000078C006002816D4FFE7019841F2E85101
:1054700001449FED360ADFED360A00F0BFF948B16E
:10548000FFE743F66571C2F20001087840F01000B2
:105490000870FFE7FFE740F25070C2F2000000F52D
:1054A000995000909FED2B0A04F0AEFC0098B7EEE7
:1054B000000A04F0B3FC009804F09EFC9FED261A4D
:1054C000B4EE410AF1EE10FA04DAFFE70199012087
:1054D0000870FFE740F25070C2F2000000F59950EA
:1054E000012104F0B1FC43F66570C2F200000178BE
:1054F00040F27822C2F20002117000781E2810D10A
:10550000FFE7019943F66572C2F2000200201070B5
:1055100041F2BD02885C0130885401208DF80F00F3
:1055200003E000208DF80F00FFE79DF80F0004B0A6
:1055300080BD00BF0000C8C310D8AA420000C84305
:1055400052D82AC30000484300007A450000C8C270
:105550000000FA44C3F5C8BF000034C380B582B070
:10556000019001980090FDF757FF0098FEF70CFBA3
:1055700002B080BD80B588B00790079904910020E3
:105580000390ADF81A0041F208721144019191EDB7
:10559000140A91ED191AF1EE410A4FF6FF710291CA
:1055A000F9F7AEF9019A029903460398ADF81A305B
:1055B00040F2D83CC2F2000CCDF814C0BDF81A304D
:1055C000ACF8003092ED150A92ED1A1AF1EE410A8C
:1055D000F9F796F9019A0299DDF814C00346039889
:1055E000ADF81A30BDF81A30ACF8023092ED160A58
:1055F00092ED1B1AF1EE410AF9F782F9059A01467C
:105600000498ADF81A10BDF81A10918041F2787123
:10561000435C40F22841C2F200010B70097891719D
:1056200000F55E7006F070FB0599024640F26C5082
:10563000C2F2000002700078C87108B080BD00009E
:1056400081B00090009841F62C11405C01B0704789
:1056500082B001908DF8031001989DF8031000EBC3
:10566000810041F6C401084490ED000A02B0704781
:1056700080B582B001900198009000F52A60FBF798
:1056800021FDB5EE400AF1EE10FA16D1FFE70098C1
:1056900000F52A60FBF71EFDB5EE400AF1EE10FAA8
:1056A0000BD1FFE7009800F52A60FBF733FDB5EE5C
:1056B000400AF1EE10FA06D0FFE7009941F62C12ED
:1056C0000020885497E0009800F52A60FBF70AFD57
:1056D000B5EE400AF1EE10FA40F08680FFE7009840
:1056E00000F52A60FBF706FDB5EE400AF1EE10FA70
:1056F0007AD1FFE7009800F52A60FBF703FDB5EECD
:10570000400AF1EE10FA6FD1FFE7009800F52A6029
:10571000FBF748FF002867D1FFE7009800F52A60F3
:10572000FBF758FF00285FD1FFE7009800F52A60DB
:10573000FBF790FF002857D1FFE7009800F52A609B
:10574000FBF778FF00284FD1FFE7009800F52A60AB
:10575000FCF77AF8002847D1FFE7009800F52A60A7
:10576000FCF76AF800283FD1FFE7009800F52A60AF
:10577000FBF750FFC0BBFFE7009800F52A60FBF77E
:1057800031FF88BBFFE7009800F52A60FBF74AFF6E
:1057900050BBFFE7009800F52A60FBF72BFF18BB12
:1057A000FFE7009800F52A60FBF72CFFE0B9FFE760
:1057B000009800F52A60FBF75DFFA8B9FFE70098A5
:1057C00000F52A60FBF7FEFE70B9FFE7009800F5D0
:1057D0002A60FBF737FF38B9FFE7009800F52A6029
:1057E000FBF7E8FE30B1FFE7009941F62C120120EB
:1057F0008854FFE7FFE702B080BD000080B586B0A7
:10580000049003918DED020ACDED010A04980090F9
:105810000398022104F0B6F903989DED020A04F002
:10582000A7F9039804F07CF907F076F89DED011ACA
:10583000B4EE410AF1EE10FA30DBFFE7039804F012
:105840008FF907F069F89FED1D1AB4EE410AF1EEE9
:1058500010FA23DAFFE743F66670C2F2000001880F
:10586000013101800088C82817DBFFE743F6667125
:10587000C2F20001002008800398032104F082F99D
:10588000039804F045F9009841F6DC01084480EDE6
:10589000000A01208DF817000BE006E043F6667160
:1058A000C2F2000100200880FFE700208DF81700F9
:1058B000FFE79DF8170006B080BD00BFFDAD003DBD
:1058C00083B002908DF807108DED000A02990098C0
:1058D0009DF8072001EB8201486303B07047000088
:1058E00082B001908DF8031001999DF8030041F6F4
:1058F000AC02885402B0704780B586B00490039122
:10590000029201200190FFE7019805283ADCFFE7A9
:105910000198032831D0FFE743F66870C2F2000017
:1059200000780199C840C00730BBFFE70398019A8F
:105930006FF0030101EB8201084490ED000A029828
:10594000084490ED001A30EE410AFAF717FDB2EE66
:10595000041AB4EE410AF1EE10FA0CDAFFE70199ED
:10596000012000FA01F243F66871C2F200010878E2
:1059700010430870FFE7FFE7FFE7FFE701980130FA
:105980000190C1E743F66870C2F20000017844F666
:10599000FC52C2F200021170007806280ADBFFE711
:1059A00043F66871C2F200010020087001208DF8F2
:1059B000170003E000208DF81700FFE79DF817009F
:1059C00006B080BD80B586B0059005980390002094
:1059D0000490FFE7049804280CDCFFE7039804997F
:1059E00000EB8101D1F8A00AC860FFE704980130FC
:1059F0000490EFE703980C30B3EE040ADFED150ACC
:105A0000CDED000AF8F79CFCDDED000A039810309C
:105A1000B0EE080AF8F794FC03981430BBEE0E0AB7
:105A2000DFED0D0AF8F78CFC039818309FED0B0A98
:105A30008DED010ADFED0A0ACDED020AF8F780FCD0
:105A400003989DED010ADDED020A1C30F8F778FCA1
:105A500006B080BD0000314300005243000000004A
:105A6000000034432DE9F041CCB04B908DF82B1160
:105A70004B98499043F66970C2F2000001780131F9
:105A8000017000780A2807DBFFE743F66971C2F26C
:105A9000000100200870FFE79DF82B01012840F06D
:105AA0005C81FFE7499800F6E4304790FDF73CFB46
:105AB00002464798EC46CDF8E0C001234693CCF867
:105AC00024300426CCF820604EF62511C0F60101E2
:105AD000CCF81C10B425CCF818504FF44371CCF816
:105AE000141002243994CCF810401E213B91CCF8BC
:105AF0000C1000214591CCF80810CCF80410CCF81B
:105B00000010FDF7F3F84798FDF70EFB4599469B0B
:105B1000DDF8ECE002464798EC46CDF8E8C0CCF85A
:105B2000243003273D97CCF820704EF6FB07C0F6D3
:105B30000107CCF81C70CCF8185040F2B637CCF8FE
:105B40001470CCF81040CCF80CE0CCF80810CCF86D
:105B50000430CCF800101946FDF7C8F84798FDF757
:105B6000E3FA4599469BDDF8ECE002464798EC469F
:105B7000CDF8F0C0CCF8243005274097CCF8207041
:105B80004EF6C407C0F60107CCF81C70CCF81850CC
:105B900040F23945CCF81450CCF81040CCF80CE069
:105BA000CCF80810CCF80440CCF800102146FDF7E2
:105BB0009DF84798FDF7B8FA3D99DDF814C1469B6A
:105BC00002464798EE46CDF8F8E0CEF82430092595
:105BD000CEF820504EF66315C0F60105CEF81C50E5
:105BE00040F22625CEF818504FF04608CEF8148023
:105BF000CEF8104014274497CEF80C70CEF808C0A9
:105C0000CEF80410CEF800C0FDF770F84798FDF705
:105C10008BFA4599469B02464798EC46CDF8FCC066
:105C2000CCF824304FF0060ECDF808E1CCF820E097
:105C30004EF6FF0EC0F6010ECCF81CE04FF4167EB7
:105C4000CCF818E0CCF81480CCF81040CCF80C70EC
:105C5000CCF80810CCF80460CCF800103146FDF701
:105C600045F84798FDF760FA4099DDF814C1469B66
:105C700002464798EE46CDF804E1CEF824300B25D5
:105C8000CEF820504EF6B605C0F60105CEF81C50F1
:105C900040F28A25CEF81850CEF81480CEF8104085
:105CA000CEF80C70CEF808C0CEF80410CEF800C0C4
:105CB000FDF71CF84798FDF737FA4299DDF814C153
:105CC000469B02464798EE46CDF80CE1CEF82430CC
:105CD0000A25CEF820504EF61A15C0F60105CEF86A
:105CE0001C504FF42F75CEF81850CEF81480CEF813
:105CF0001040CEF80C70CEF808C0CEF80410CEF8E4
:105D000000C0FCF7F3FF4798FDF70EFA4499DDF861
:105D100014C1469B02464798EE46CDF820E1CEF8E6
:105D20002430CEF820604EF60F16C0F60106CEF8ED
:105D30001C60CEF818509625CEF81450CEF81040BE
:105D4000CEF80C10CEF808C00821CEF80410CEF81A
:105D500000C0FCF7CBFF00F073BC9DF82B010028BE
:105D600040F06D84FFE7499841F2DE51405C012824
:105D70002FD1FFE7499800F6E4303690FDF7D4F9CB
:105D800002463698EC46CDF8DCC00221CCF824104F
:105D90000323CCF820304EF6FB03C0F60103CCF809
:105DA0001C30B423CCF8183040F2B633CCF81430A1
:105DB000CCF810101E23CCF80C30CCF808100123BE
:105DC000CCF804300021CCF800101946FCF78EFF07
:105DD0002FE0499800F6E4303490FDF7A5F902462B
:105DE0003498EC46CDF8D4C00221CCF8241003231B
:105DF000CCF820304EF6FB03C0F60103CCF81C3083
:105E0000B423CCF8183040F2B633CCF81430CCF8C8
:105E100010101E21CCF80C100721CCF8081001231B
:105E2000CCF804300021CCF800101946FCF75EFFD6
:105E3000FFE7499841F2DF51405C01282BD1FFE791
:105E4000499800F6E4303290FDF76EF90246329838
:105E50006B463393022159624FF0040CC3F820C003
:105E60004EF6251CC0F6010CC3F81CC04FF0B40C54
:105E7000C3F818C04FF4437CC3F814C019614FF045
:105E80001E0CC3F80CC099600021596019600123F1
:105E9000FCF72CFF29E0499800F6E4303090FDF73C
:105EA00043F9024630986B463193022159624FF014
:105EB000040CC3F820C04EF6251CC0F6010CC3F834
:105EC0001CC04FF0B40CC3F818C04FF4437CC3F8A7
:105ED00014C019611E21D960072199600021596001
:105EE00019600123FCF702FFFFE749984FF4AF5117
:105EF000405C01282ED1FFE7499800F6E4302E904F
:105F0000FDF712F902462E98EC46CDF8BCC00221EE
:105F1000CCF824100523CCF820304EF6C403C0F68C
:105F20000103CCF81C30B423CCF8183040F23943CC
:105F3000CCF81430CCF810101E23CCF80C30CCF870
:105F40000810CCF804100023CCF800300123FCF733
:105F5000CDFE2EE0499800F6E4302C90FDF7E4F8F1
:105F600002462C98EC46CDF8B4C00221CCF824109F
:105F70000523CCF820304EF6C403C0F60103CCF85C
:105F80001C30B423CCF8183040F23943CCF814302C
:105F9000CCF810101E23CCF80C300723CCF80830B6
:105FA000CCF804100023CCF800300123FCF79EFE4F
:105FB000FFE74998C07801282FD1FFE7499800F6FC
:105FC000E4302A90FDF7B0F802462A98EC46CDF866
:105FD000ACC00221CCF824100923CCF820304EF6B6
:105FE0006313C0F60103CCF81C3040F22623CCF832
:105FF00018304623CCF81430CCF810101423CCF809
:106000000C30CCF808100321CCF804100023CCF895
:1060100000300123FCF76AFE2FE0499800F6E430D7
:106020002890FDF781F802462898EC46CDF8A4C0E8
:106030000221CCF824100923CCF820304EF663134B
:10604000C0F60103CCF81C3040F22623CCF81830FF
:106050004623CCF81430CCF810101421CCF80C10D6
:106060000721CCF808100321CCF804100023CCF849
:1060700000300123FCF73AFEFFE7499841F27971BD
:10608000405C01282FD1FFE7499800F6E4302690C4
:10609000FDF74AF802462698EC46CDF89CC002214E
:1060A000CCF824100A23CCF820304EF63113C0F679
:1060B0000103CCF81C3040F28A23CCF81830462378
:1060C000CCF81430CCF810101423CCF80C30CCF8E9
:1060D00008100521CCF804100023CCF8003001236F
:1060E000FCF704FE2EE0499800F6E4302490FDF71A
:1060F0001BF802462498EC46CDF894C00221CCF857
:1061000024100B23CCF820304EF6EF03C0F6010329
:10611000CCF81C3040F28A23CCF818304623CCF857
:106120001430CCF810101423CCF80C30CCF8081034
:106130000521CCF804100023CCF800300123FCF733
:10614000D5FDFFE7499841F27A71405C0146239101
:10615000002867D0FFE72398012834D0FFE7239871
:10616000022840F08E80FFE7499800F6E430219045
:10617000FCF7DAFF02462198EC46CDF888C00221F0
:10618000CCF824100523CCF820304EF61413C0F6BA
:106190000103CCF81C304FF41673CCF818304623AA
:1061A000CCF81430CCF810101423CCF80C30CCF808
:1061B00008100421CCF804100023CCF8003001238F
:1061C000FCF794FD5DE0499800F6E4301F90FCF781
:1061D000ABFF02461F98EC46CDF880C00221CCF8F8
:1061E00024100623CCF820304EF62A13C0F6010303
:1061F000CCF81C304FF41673CCF818304623CCF88A
:106200001430CCF810101423CCF80C30CCF8081053
:106210000421CCF804100023CCF800300123FCF753
:1062200065FD2EE0499800F6E4301D90FCF77CFFF8
:1062300002461D98EC46CDF878C00221CCF8241017
:106240000823CCF820304EF60613C0F60103CCF834
:106250001C304FF41673CCF818304623CCF81430A9
:10626000CCF810101423CCF80C30CCF80810042112
:10627000CCF804100023CCF800300123FCF736FDE5
:10628000FFE7499800F55E7005F03EFD01380146D4
:106290001C91182800F2A3811C99DFE811F0190065
:1062A0004A00A0017B00A001A001A001A001A00163
:1062B000A001A001A001A001A001A001A001A001D6
:1062C000A001A001A001AB00DC000D013E016F01A7
:1062D000499800F6E4301A90FCF726FF02461A9817
:1062E000EE46CDF86CE00221CEF824100B23CEF858
:1062F00020304EF64513C0F60103CEF81C304FF4A3
:106300002F73CEF818304FF49673CEF81430CEF8C1
:1063100010101421CEF80C100123CEF808300821FB
:10632000CEF804104FF0000CCEF800C0FCF7DEFCF5
:1063300084E1499800F6E4301890FCF7F5FE024637
:106340001898EE46CDF864E00221CEF824100A2316
:10635000CEF820304EF65113C0F60103CEF81C30B3
:106360004FF42F73CEF818304FF49673CEF81430E4
:10637000CEF810101421CEF80C100123CEF80830FE
:106380000821CEF804104FF0000CCEF800C0FCF746
:10639000ADFC53E1499800F6E4301690FCF7C4FEDA
:1063A00002461698EE46CDF85CE00223CEF8243083
:1063B0000821CEF820104EF63C1CC0F6010CCEF899
:1063C0001CC04FF42F7CCEF818C04FF4967CCEF84A
:1063D00014C0CEF810301423CEF80C300123CEF8C0
:1063E0000830CEF804104FF0000CCEF800C0FCF7D7
:1063F0007DFC23E1499800F6E4301490FCF794FE0C
:1064000002461498EE46CDF854E00221CEF824104E
:106410000623CEF820304EF6CC03C0F60103CEF8AA
:106420001C304FF42F73CEF818304FF49673CEF81B
:106430001430CEF810101421CEF80C100123CEF831
:1064400008300821CEF804104FF0000CCEF800C040
:10645000FCF74CFCF2E0499800F6E4301290FCF7AF
:1064600063FE02461298EE46CDF84CE00221CEF8CB
:1064700024100623CEF820304EF6D303C0F60103D5
:10648000CEF81C304FF42F73CEF818304FF49673BB
:10649000CEF81430CEF810101421CEF80C100123D1
:1064A000CEF808300821CEF804104FF0000CCEF8DA
:1064B00000C0FCF71BFCC1E0499800F6E4301090E6
:1064C000FCF732FE02461098EE46CDF844E0022179
:1064D000CEF824100623CEF820304EF6DA03C0F6AC
:1064E0000103CEF81C304FF42F73CEF818304FF460
:1064F0009673CEF81430CEF810101421CEF80C108C
:106500000123CEF808300821CEF804104FF0000C1B
:10651000CEF800C0FCF7EAFB90E0499800F6E430C2
:106520000E90FCF701FE02460E98EE46CDF83CE0D8
:106530000221CEF824100623CEF820304EF6E103D7
:10654000C0F60103CEF81C304FF42F73CEF818308C
:106550004FF49673CEF81430CEF810101421CEF804
:106560000C100123CEF808300821CEF804104FF0AB
:10657000000CCEF800C0FCF7B9FB5FE0499800F6CC
:10658000E4300C90FCF7D0FD02460C98EE46CDF8B6
:1065900034E00221CEF824100623CEF820304EF647
:1065A000E803C0F60103CEF81C304FF42F73CEF889
:1065B00018304FF49673CEF81430CEF81010142122
:1065C000CEF80C100123CEF808300821CEF80410C4
:1065D0004FF0000CCEF800C0FCF788FB2EE0499885
:1065E00000F6E4300A90FCF79FFD02460A98EC465C
:1065F000CDF82CC00221CCF824100623CCF8203092
:106600004EF65C13C0F60103CCF81C304FF42F7328
:10661000CCF818309623CCF81430CCF81010142194
:10662000CCF80C100023CCF808300821CCF804106A
:10663000CCF800300123FCF759FBFFE7FFE7FFE749
:10664000499800F6E43043F66971C2F20001097816
:10665000FCF710FB4CB0BDE8F081000080B586B0BF
:1066600005900598049043F66A70C2F20000017824
:106670000131017000780A280CDBFFE7049843F62B
:106680006A72C2F200020021117000F52A60FBF765
:106690008BF9FFE70498503003F002FF049800F5EF
:1066A000865002F0DDFA049841F2F011084402F03D
:1066B000D7FA049800F5995003F0D2FB049841F200
:1066C0008431084403F070F8049841F2B041084462
:1066D000039003F069F8039802F0A8FF48BBFFE7B6
:1066E000049841F28431084402F0A0FF08BBFFE7A0
:1066F00040F25070C2F20000019000F0B3F801982F
:1067000041F2BC0200210291815400F5D46005F0F1
:1067100085FB01990298B1EE400A41F264720A4485
:1067200082ED000A41F2F862885041F27A72885490
:10673000FFE706B080BD000080B592B011901198BF
:10674000019000F58650039002F0ACFA019841F2F6
:10675000F0110844069002F0A5FA019800F599504E
:10676000099003F05BFC019841F2843108440A90DF
:1067700002F08CFF019841F2B04108440D9002F004
:1067800085FF40F25070C2F200000E900621FEF725
:106790005FFF0E9841F2E8510844029005F070F94D
:1067A000029805F083F9039802F096F90E988DEDA2
:1067B000050A01210491FEF74BFF04990E98B0EEF3
:1067C000401A9DED050A30EE410AFFF779F8069868
:1067D00002F082F90E988DED080A02210791FEF76A
:1067E00037FF07990E98B0EE401A9DED080A30EE7B
:1067F000410A9FED1B1A30EE010AFFF761F8099874
:1068000003F0FAFA0E980321FFF75AF80A9802F0FB
:10681000D1FE0E988DED0C0A04210B91FEF718FFA6
:106820000B990E98B0EE401A9DED0C0A30EE410A1D
:10683000FFF746F80D9802F0BDFE0E988DED100A98
:1068400005210F91FEF704FF0E980F99B0EE401A44
:106850009DED100A30EE410AFFF732F812B080BD0C
:1068600000005F4380B588B007900798059041F21B
:10687000E851084400900021069103F083F9009844
:106880009FED200A8DED040A03F052F9059800F5FA
:1068900086500821019102F051F90199059841F2C1
:1068A000F012104402F04AF90598069900F5995043
:1068B00003F0CAFA0598069941F284321044029016
:1068C00002F0D8FE02989DED040A02F097FE0598AA
:1068D000069941F2B0421044039002F0CBFE0398B7
:1068E0009DED040A02F08AFE0599069841F278723D
:1068F000885441F20872114408654865886508B0FB
:1069000080BD00BF0000000080B5A6B0259025998D
:106910001E9101F15000C1F8741305210022249248
:1069200005F0FAF91E9901F55E70C1F89C16322146
:1069300001220B9205F0F0F940F25070C2F2000013
:1069400000F6E43044F6A851C2F20001A522FCF79B
:1069500077FB1E9800F52A6044F66051C2F20001F0
:1069600044F61852C2F20002FBF782F81E9800F5B6
:10697000D46005F0B1FC1E9800F6C87044F2B02156
:10698000C2F200011A9105F019F91E98249941F2FA
:10699000087210449FEDD70ADFEDD70ACDED1F0A2C
:1069A000F0EE002ACDED052ADFEDD44ACDED224AE6
:1069B0009FEDD35A8DED235AB0EE451AF0EE451AED
:1069C000B0EE452AB0EE453AF0EE453AB0EE454A13
:1069D00005F03EFF0B9B1E9800F57E6040F20451CF
:1069E000C2F200015A22FBF78FFB0B991E98FEF7AB
:1069F00077FFDDED050A0B9A1A991E98249B00F586
:106A000086500290EC46CCF8003006230393B3EE98
:106A10000E0A8DED040AB2EE091A8DED061ADFEDAD
:106A2000B91ACDED071A9FEDB82A8DED082ADFEDD2
:106A3000B72ACDED092A02F07DFA02989FEDB40A3B
:106A400002F088F802989FEDB30A8DED1D0A02F05E
:106A50008BF8039B9DED040ADDED050A9DED061AFA
:106A6000DDED071A9DED082ADDED092A1E9824990F
:106A700041F2F01210440A906A46116044F28821F3
:106A8000C2F200010D91042202F054FA0A989FED1F
:106A9000A20A8DED200A02F05DF80A989FED9F0A88
:106AA00002F062F80B9A0D991E98249B00F59950FC
:106AB000EC46CCF8003003231B939FED990AF2EECD
:106AC000040A03F08FFC0D991B9B1E9841F284323F
:106AD00010440C909FED930A8DED0E0ADFED920AA3
:106AE000CDED0F0A1A4602F08BFE0C98DDED224A1E
:106AF0009DED235A249940F20422C2F20002109222
:106B000092ED000A40F2FC12C2F200021192D2EDA4
:106B1000000A44F6F052C2F20002129292ED001AFC
:106B2000DFED822ACDED142AF0EE451AB0EE622A8E
:106B3000B0EE453AF0EE453AB0EE454A05F088FE33
:106B40001E98DDED224A9DED235A249941F2D4325C
:106B5000104440F20822C2F20002159292ED000A9F
:106B600040F20022C2F200021692D2ED000A44F670
:106B7000F452C2F20002179292ED001A9FED6C2AB5
:106B80008DED182ADFED6B2ACDED212AF0EE451AA6
:106B9000B0EE453AF0EE453AB0EE454A05F058FE03
:106BA0001E9841F224410844DFED630ACDED190A35
:106BB000B0EE600AFBF7CEF90D999DED0E0ADDED02
:106BC0000F0A1B9B1E9841F2B04210441390022200
:106BD00002F016FEDDF840C0119B129A1398DDED0D
:106BE000142ADDED224A9DED235A24999CED000ADA
:106BF000D3ED000A92ED001AF0EE451AB0EE622ACB
:106C0000B0EE453AF0EE453AB0EE454A05F020FECA
:106C1000DDF854C0169B179A9DED182A1E98DDEDDD
:106C2000212ADDED224A9DED235A249900F5A85032
:106C30009CED000AD3ED000A92ED001AF0EE451A21
:106C4000B0EE453AF0EE453AB0EE454A05F000FEAA
:106C5000DDED190A1E9841F250510844B0EE600A69
:106C6000FBF778F91A991B9B1E9841F2E8521044E1
:106C70001C909FED320ADFED320A1A4602F08EFFB9
:106C80001C989DED1D0ADDED224A9DED235A2499A5
:106C9000DFED2C0A9FED2C2ADFED2C2AB0EE451AF1
:106CA000F0EE451AB0EE453AF0EE453AB0EE454A00
:106CB00005F0CEFD1E98DDED1F0A9DED202ADDEDCD
:106CC000212ADDED224A9DED235A249941F23862B2
:106CD00010449FED1F0AB0EE451AF0EE451AB0EED3
:106CE000453AF0EE453AB0EE454A05F0B1FD26B022
:106CF00080BD00BF9A99993E0AD7233C6F12833A10
:106D0000000000000000984200004842CDCCCC3D7D
:106D10000080BB440000C8420000FA4400000C435D
:106D2000798CA7410000904200007A460000FA43A7
:106D300000007A4500401C46CDCC4C3E2DA0994128
:106D400000008046CDCC4C3D00003443000016448A
:106D50000000A04280B592B0119011980B9000F500
:106D6000865000900621029101F0E8FE0B9890ED0C
:106D7000030A8DED010A40F25070C2F200000C903F
:106D800001210791FEF764FC0098B0EE401A9DEDDA
:106D9000010A30EE010A01F0AFFE02990C9841F2AF
:106DA000F0120392104401F0C9FE039A0B990C985B
:106DB0000A44049291ED040A8DED050A0221FEF7C2
:106DC00047FC0498B0EE401A9DED050A9FED362A67
:106DD00031EE021A30EE010A01F08EFE0B9901F538
:106DE0009950069091ED050A9FED301A30EE010A98
:106DF0009FED2F1A20EE010A03F006F8069840F2E4
:106E00000C21C2F2000191ED000A03F007F8069888
:106E1000079903F019F80C9841F28431084408905E
:106E200003210A9102F026FC0B990C9891ED060AB9
:106E300091ED071AB1EE400A30EE410A8DED100ACD
:106E40009DED100A8DED090A0421FEF701FC08985A
:106E5000B0EE401A9DED090A30EE010A02F0BAFBCD
:106E60000A990C9841F2B04210440D9002F002FCD5
:106E70000B990C9891ED061A91ED070A30EE410A34
:106E80008DED0F0A9DED0F0A8DED0E0A0521FEF71F
:106E9000DFFB0D98B0EE401A9DED0E0A30EE010AB0
:106EA00002F098FB12B080BD00005FC30000BAC2C0
:106EB00035FA8E3CF0B58FB00D900D990A910E9178
:106EC000012048708870C8700020C4F2C820486053
:106ED0000020C4F2B42088604EF2C414C0F601044D
:106EE00020686268A368D4F80CC0D4F810E0646924
:106EF0000C62C1F81CE0C1F818C04B610A61C8609F
:106F00000020486201F1280038310B910C90FFE716
:106F10000C990B9A002041F8040B084691420C9002
:106F2000F6D1FFE70A990020886301F13C00503157
:106F300008910990FFE70999089A002041F8040B8D
:106F4000084691420990F6D1FFE70A98503003F0C5
:106F500061FB0A9800F55E7004F088FD0A9800F560
:106F6000D46005F0B7FA0A9800F52A60FAF794FEA3
:106F70000A9800F6E430FCF7DFF80A9800F6C870CB
:106F800004F044FE0A9800F57E60FBF7D7F80A98F3
:106F900041F2BC0200210291815400F58654204642
:106FA00002F030F80A9841F2F0110844059002F01E
:106FB00029F80A9800F59950039003F05BFA0A98B3
:106FC00041F284310844049002F07CFC0A9841F2BA
:106FD000B0410844019002F075FC0A9841F2DC517E
:106FE0000844FBF79FF90A9841F2E851084404F07D
:106FF000CFFD0A9841F20871084404F027FE019879
:10700000029ADDF80CC0049B0A99DDF814E041F205
:1070100079754A5541F27A754A5541F27B754A5560
:1070200041F27C754A5501F5BC524FF4BC554C51A8
:10703000C2F804E0C2F808C0D360106141F2947055
:10704000084441F29872114406910790FFE70799AE
:10705000069A002041F8040B084691420790F6D1A9
:10706000FFE70A9941F298724FF08040885041F250
:107070009C768A194EF2DC1CC0F6010CDCF810E09C
:10708000DCF81440DCF80050DCF80400DCF80830D0
:10709000DCF80CC08D515461C2F810E0C2F80CC08D
:1070A0009360506041F2B4768A194EF2F41CC0F637
:1070B000010CDCF810E0DCF81440DCF80050DCF8DF
:1070C0000400DCF80830DCF80CC08D515461C2F8C3
:1070D00010E0C2F80CC09360506041F2CC768A197F
:1070E0004EF20C2CC0F6010CDCF810E0DCF8144079
:1070F000DCF80050DCF80400DCF80830DCF80CC0E8
:107100008D515461C2F810E0C2F80CC09360506019
:1071100041F2E4768A194EF2242CC0F6010CDCF818
:1071200010E0DCF81440DCF80050DCF80400DCF877
:107130000830DCF80CC08D515461C2F810E0C2F880
:107140000CC09360506041F2FC768A194EF23C2CE0
:10715000C0F6010CDCF810E0DCF81440DCF800505C
:10716000DCF80400DCF80830DCF80CC08D51546108
:10717000C2F810E0C2F80CC09360506041F61406EB
:107180008A194EF2542CC0F6010CDCF810E0DCF841
:107190001440DCF80050DCF80400DCF80830DCF8BF
:1071A0000CC08D515461C2F810E0C2F80CC093605D
:1071B000506041F62C068A194EF26C2CC0F6010C78
:1071C000DCF810E0DCF81440DCF80050DCF80400D7
:1071D000DCF80830DCF80CC08D515461C2F810E0C6
:1071E000C2F80CC09360506041F644068A194EF212
:1071F000842CC0F6010CDCF810E0DCF81440DCF85C
:107200000050DCF80400DCF80830DCF80CC08D51CC
:107210005461C2F810E0C2F80CC09360506041F6AF
:107220005C068A194EF29C2CC0F6010CDCF810E0CA
:10723000DCF81440DCF80050DCF80400DCF808301E
:10724000DCF80CC08D515461C2F810E0C2F80CC0DB
:107250009360506041F67407CA194EF2B42EC0F61E
:10726000010EDEF81040DEF81450DEF80060DEF8A3
:107270000400DEF80830DEF80CC0CE515561146110
:10728000C2F80CC093605060DEF81800DEF81C30C5
:10729000DEF820C0DEF824E0C2F824E0C2F820C006
:1072A000D361906141F69C000B1801220A54002022
:1072B00058709870DA70187141F6A40C4DF20A7388
:1072C000C3F6234341F80C3041F6A80C4CF6CD43ED
:1072D000C3F6CC5341F80C3041F6AC03CA5441F626
:1072E000C807CB194EF2DC2EC0F6010EDEF81040B6
:1072F000DEF81450DEF80060DEF80420DEF808C086
:10730000DEF80CE0CE515D611C61C3F80CE0C3F8FF
:1073100008C05A6001F5C7524FF4C75C45F26203DA
:10732000C4F2513341F80C3050600023C4F2F01322
:107330009360D0601061506141F62812885041F688
:107340002C1288540E980FB0F0BD000081B0009050
:10735000009940F2D000C2F2000002684DF683634B
:10736000C4F21B33A2FB0332920C8A71006844F60C
:10737000D352C1F26202A0FB02208009886001B0F2
:107380007047000080B584B003900291039801908B
:1073900000F0A2FE30B1FFE70199087940F08000CB
:1073A000087108E0019800F01DFA01990246087979
:1073B00010430871FFE7019800F0ECFD30B1FFE7E2
:1073C0000199087940F04000087108E0019800F048
:1073D00073F901990246087910430871FFE7019893
:1073E000407928B1FFE70198029900F091FA26E070
:1073F000029943F65830C3F6B1304862029949F613
:10740000BA40C3F6F8308862029949F6F250C3F6E2
:10741000EA20C862029941F23F60C4F21B1008637F
:10742000029890ED0C1A9FED080A80EE010A80ED9B
:10743000080A02990020C4F220208861FFE7019821
:10744000007904B080BD00BFC3F51C4180B586B093
:10745000059004910598029043F66E72C2F2000204
:1074600003921221062300F0E5FF0298039A117897
:10747000537841EA032143F66C73C2F2000319808A
:10748000B3F9001000EE101AB8EEC00A40F208017D
:10749000C2F2000191ED001A20EE010ADDF810C0E1
:1074A0008CED000A92F802C092F803E04CEA0E2C30
:1074B000A3F800C0B3F900C000EE10CAB8EEC00ACD
:1074C00091ED001A20EE010ADDF810C08CED010AE2
:1074D00092F804C092F805E04CEA0E2CA3F800C024
:1074E000B3F9003000EE103AB8EEC00A91ED001A80
:1074F00020EE010A049981ED020A0021082300F020
:1075000063FF039800780F2840F09B80FFE7029804
:107510004079002850D0FFE743F66E73C2F20003B3
:107520009878D97840EA012043F66C71C2F20001E4
:107530000880B1F9000000EE100AB8EEC00A40F26F
:107540000C00C2F2000090ED002A049A92ED091A94
:1075500020EE020A30EE410A82ED030A1A7993F80E
:1075600005C042EA0C220A80B1F9002000EE102A80
:10757000B8EEC00A90ED002A049A92ED0A1A20EEA5
:10758000020A30EE410A82ED040A9A79DB7942EA76
:1075900003220A80B1F9001000EE101AB8EEC00AFA
:1075A00090ED002A049890ED0B1A20EE020A30EEBE
:1075B000410A80ED050A43E043F66E73C2F2000310
:1075C0009878D97840EA012043F66C71C2F2000144
:1075D0000880B1F9000000EE100AB8EEC00A40F2CF
:1075E0000C00C2F2000090ED001A20EE010A049A8D
:1075F00082ED030A1A7993F805C042EA0C220A8048
:10760000B1F9002000EE102AB8EEC00A90ED001A81
:1076100020EE010A049A82ED040A9A79DB7942EAA3
:1076200003220A80B1F9001000EE101AB8EEC00A69
:1076300090ED001A20EE010A049880ED050AFFE79C
:10764000FFE7029843F66E72C2F200020192222115
:10765000022300F0EFFE019908784978C00040EA63
:10766000511143F66C70C2F200000180B0F90000C5
:10767000B0F5806F09DBFFE743F66C71C2F20001E1
:107680000888A0F500600880FFE743F66C70C2F23E
:107690000000B0F9000000EE100AB8EEC00AB4EE27
:1076A000001A20EE010AB3EE071A30EE010A049820
:1076B00080ED070A06B080BD80B58AB008900898B2
:1076C0000590002103918DF81F108DF81E100DF10B
:1076D0001E02049200F0E8FE05989621069101F042
:1076E00019F80399049A059800F0DEFE05980699AA
:1076F00001F010F805981421B62200F025FF059836
:10770000502100F0BDFF0399049A059800F0CCFECB
:107710000598069900F0FEFF0399049A059800F079
:10772000C3FE0598069900F0F5FF9DF81E000F288E
:1077300004D0FFE7FF208DF827004FE000208DF8F0
:107740001F00FFE79DF81F00052843DCFFE70598B1
:107750009DF81F1001EB410340F2D411C2F2000169
:107760000291CA18C95C527800F0EEFE0598962185
:10777000019100F0CFFF059802999DF81F2002EBC0
:107780004202895C0DF11E0200F08EFE05980199FF
:1077900000F0C0FF02999DF81E009DF81F2002EB2B
:1077A00042021144497888420DD0FFE79DF81F003E
:1077B00000EB400140F2D410C2F20000084480788F
:1077C0008DF827000AE0FFE79DF81F0001308DF8D3
:1077D0001F00B7E700208DF82700FFE79DF827007E
:1077E0000AB080BD80B58AB0089008980590002145
:1077F00003918DF81F108DF81E100DF11F020492D9
:1078000000F078FE05989621069100F083FF039919
:10781000049A059800F06EFE0598069900F07AFF2C
:1078200005987E21B62200F0B1FE0598502100F0A7
:1078300027FF0399049A059800F05CFE05980699C5
:1078400000F068FF0399049A059800F053FE05982C
:10785000069900F05FFF9DF81F001E2804D0FFE787
:10786000FF208DF827004FE000208DF81E00FFE775
:107870009DF81E00052843DCFFE705989DF81E10C3
:1078800001EB410340F2E611C2F200010291CA1875
:10789000C95C527800F07AFE05989621019100F0BB
:1078A00039FF059802999DF81E2002EB4202895C7F
:1078B0000DF11F0200F01EFE0598019900F02AFF4D
:1078C00002999DF81F009DF81E2002EB4202114410
:1078D000497888420DD0FFE79DF81E0000EB40017B
:1078E00040F2E610C2F20000084480788DF82700CC
:1078F0000AE0FFE79DF81E0001308DF81E00B7E793
:1079000000208DF82700FFE79DF827000AB080BD12
:1079100080B594B006AA0292139012911398039026
:10792000002011901090F6F74FFF43F67870C2F2E6
:10793000000080ED000AFFE7F6F746FF43F6787097
:10794000C2F2000090ED001A30EE410AB2EE041AC5
:10795000B4EE410AF1EE10FA1EDDFFE7129943F68C
:107960005830C3F6B1304862129949F6BA40C3F6AE
:10797000F8308862129949F6F250C3F6EA20C862DC
:10798000129941F23F60C4F21B1008631299002063
:10799000C4F220208861E7E29FEDE60AF8F70AFDCD
:1079A000129900200863129948621299886212990C
:1079B000C862ADF81600FFE7BDF8160040F2F811F6
:1079C000C2F200010988884280F2DE81FFE7039855
:1079D000122110AA0192062300F02CFD9DF8400010
:1079E0009DF8411040EA0120ADF83E00BDF93E008F
:1079F00000EE100AB8EEC00A40F20800C2F2000021
:107A000090ED001A20EE010A129981ED000A9DF80E
:107A100042109DF8432041EA0221ADF83E10BDF925
:107A20003E1000EE101AB8EEC00A90ED001A20EEDB
:107A3000010A129981ED010A9DF844109DF8452034
:107A400041EA0221ADF83E10BDF93E1000EE101AD9
:107A5000B8EEC00A90ED001A20EE010A129880EDEF
:107A6000020A129890ED001A90ED012A90ED020A98
:107A700022EE022A21EE011A31EE021A20EE000A4D
:107A800030EE010A05F064FE02990398019A81ED37
:107A9000020A91ED021A129991ED0C0A30EE010AD8
:107AA00081ED0C0A0021082300F08EFC9DF84000B7
:107AB0000F285FD1FFE79DF842009DF8431040EA90
:107AC0000120ADF83E00BDF93E0000EE100AB8EE10
:107AD000C00A40F20C00C2F2000090ED001A20EE45
:107AE000010A129981ED030A129991ED031A91EDA1
:107AF000090A30EE010A81ED090A9DF844109DF84B
:107B0000452041EA0221ADF83E10BDF93E1000EEDD
:107B1000101AB8EEC00A90ED001A20EE010A129970
:107B200081ED040A129991ED041A91ED0A0A30EEE2
:107B3000010A81ED0A0A9DF846109DF8472041EAA6
:107B40000221ADF83E10BDF93E1000EE101AB8EE5D
:107B5000C00A90ED001A20EE010A129880ED050A85
:107B6000129890ED051A90ED0B0A30EE010A80EDA7
:107B70000B0AFFE7BDF8160038BBFFE7089807902F
:107B80000898069000208DF81500FFE79DF8150075
:107B9000022819DCFFE712989DF8152000EB8200FF
:107BA000C0680CA941F8220012989DF8152000EB3E
:107BB0008200C06809A941F82200FFE79DF815007E
:107BC00001308DF81500E1E764E0029890ED020ABB
:107BD00090ED011AB4EE410AF1EE10FA03DDFFE771
:107BE00008980790FFE7029890ED020A90ED001ABE
:107BF000B4EE410AF1EE10FA03DAFFE708980690B6
:107C0000FFE700208DF81400FFE79DF8140002281C
:107C10003FDCFFE712989DF8141000EB810090ED17
:107C2000030A0CA800EB810090ED001AB4EE410AA3
:107C3000F1EE10FA0ADDFFE712989DF8142000EB30
:107C40008200C0680CA941F82200FFE712989DF855
:107C5000141000EB810090ED030A09A800EB8100ED
:107C600090ED001AB4EE410AF1EE10FA0ADAFFE7DD
:107C700012989DF8142000EB8200C06809A941F811
:107C80002200FFE7FFE79DF8140001308DF8140093
:107C9000BBE7FFE7029890ED010A90ED001A30EE85
:107CA000410A43F69C70C2F2000080ED000A0020F9
:107CB0008DF81300FFE79DF8130002281DDCFFE795
:107CC0009DF813100CA800EB810090ED000A09A8A4
:107CD00000EB810090ED001A30EE410A43F6A070EF
:107CE000C2F2000000EB810080ED000AFFE79DF882
:107CF000130001308DF81300DDE743F69C70C2F2EB
:107D0000000090ED000AB6EE001AB4EE410AF1EE62
:107D100010FA2DDCFFE743F6A070C2F2000090EDF0
:107D2000000A9FED971AB4EE410AF1EE10FA1FDC3B
:107D300002E000BF0AD7A33B43F6A070C2F20000E6
:107D400090ED010A9FED8E1AB4EE410AF1EE10FAA1
:107D50000EDCFFE743F6A070C2F2000090ED020ACD
:107D60009FED871AB4EE410AF1EE10FA01DDFFE74C
:107D70000AE09FED840AF8F71DFBFFE7BDF8160047
:107D80000130ADF8160017E640F2F810C2F200001C
:107D9000008800EE100AB8EE401A129890ED0C0A16
:107DA00080EE010A80ED0C0A00208DF81200FFE73A
:107DB0009DF8120002281BDCFFE740F2F810C2F227
:107DC0000000008800EE100AB8EE401A12989DF8E4
:107DD000121000EB810090ED090A80EE010A80ED9F
:107DE000090AFFE79DF8120001308DF81200DFE765
:107DF0000398222110AA022300F01CFB9DF84000EA
:107E00009DF84110C00040EA5110ADF83E00BDF9A8
:107E10003E00B0F5806F07DBFFE7BDF83E00A0F540
:107E20000060ADF83E00FFE7BDF93E0000EE100A2D
:107E3000B8EEC00AB4EE001A20EE010AB3EE071A3B
:107E400030EE010A129880ED060A43F68471C2F200
:107E50000001088801300880FFE743F69C70C2F2F9
:107E6000000090ED000A0120B6EE001AB4EE410ABF
:107E7000F1EE10FA009071DCFFE7129890ED0C0A19
:107E80009FED411A30EE010AB0EEC00A0120B6EEB5
:107E9000001AB4EE410AF1EE10FA00905EDCFFE742
:107EA00043F6A070C2F2000090ED000A01209FEDA1
:107EB000341AB4EE410AF1EE10FA00904EDCFFE7FE
:107EC00043F6A070C2F2000090ED010A01209FED80
:107ED0002C1AB4EE410AF1EE10FA00903EDCFFE7F6
:107EE00043F6A070C2F2000090ED020A01209FED5F
:107EF000241AB4EE410AF1EE10FA00902EDCFFE7EE
:107F0000129890ED090AB0EEC00A01209FED1F1AE9
:107F1000B4EE410AF1EE10FA00901FDCFFE7129870
:107F200090ED0A0AB0EEC00A01209FED181AB4EED7
:107F3000410AF1EE10FA009010DCFFE7129890ED84
:107F40000B0AB0EEC00A9FED111A0020B4EE410AF0
:107F5000F1EE10FAC8BF01200090FFE70098C007BB
:107F600000287FF4E9ACFFE7129890ED0C1A9FED22
:107F7000080A80EE010A80ED080A14B080BD00BF37
:107F80009A99193E6F12033ACDCC1CC10AD7233CF3
:107F9000C3F51C4180B58AB008900898059000216F
:107FA00002918DF81F108DF81E100DF11F02039223
:107FB00000F07AFA05989621049100F0ABFB029943
:107FC000039A059800F070FA0499059800F0A2FB56
:107FD00005981421B62200F0B7FA059850210691B1
:107FE00000F04EFB0299039A059800F05DFA04999F
:107FF000059800F08FFB0299039A059800F054FA57
:108000000499059800F086FB05983C21012200F0B8
:108010009BFA0598069900F033FBFFE705983C2191
:108020000DF11F0200F040FA0598962100F072FB56
:108030009DF81E0001308DF81E00FFE79DF81F100F
:10804000002089070029019008D4FFE79DF81E1041
:1080500000200A29B8BF01200190FFE70198C0075E
:108060000028DBD1FFE79DF81E000A2804D1FFE7B6
:1080700040208DF827000DE09DF81F0040070028E4
:1080800004D5FFE740208DF8270003E000208DF89D
:108090002700FFE79DF827000AB080BD80B584B0B7
:1080A00003908DF80B10039801909DF80B10026857
:1080B000917200680068694601230B6040F200413C
:1080C000C4F202011A46F1F7D1F80198006890F85D
:1080D0008A0004B080BD000080B596B0149014985A
:1080E0000C9000210A91ADF840100F918DF83B10D3
:1080F0008DF83A100DF13B020B9200F0FBF90C9851
:1081000096210D9100F006FB0A990B9A0C9800F04D
:10811000F1F90C980D9900F0FDFA0C987E21B62229
:1081200000F034FA0C98502100F0AAFA0A990B9A40
:108130000C9800F0DFF90C980D9900F0EBFA0A9911
:108140000B9A0C9800F0D6F90C980D9900F0E2FA11
:108150009DF83B001E2804D0FFE7FF208DF8570054
:108160002EE100208DF83A00FFE79DF83A00032841
:1081700047DCFFE70C989DF83A1001EB41034EF6FF
:10818000A401C0F601010991CA18C95C527800F037
:10819000FDF90C989621089100F0BCFA0C98099909
:1081A0009DF83A2002EB4202895C0DF13B0200F09F
:1081B000A1F90C98089900F0ADFA09999DF83B00D7
:1081C0009DF83A2002EB42021144497888420DD0D2
:1081D000FFE79DF83A0000EB40014EF6A400C0F620
:1081E0000100084480788DF85700E9E00C98502190
:1081F00000F046FAFFE79DF83A0001308DF83A00AA
:10820000B3E700208DF83A00FFE79DF83A00012817
:1082100075DCFFE70C989DF83A1001EB41014EF632
:10822000A402C0F6010207920A44117B527B00F0BF
:10823000ADF90C989621069100F06CFA0C98079A0B
:108240009DF83A1001EB41011144097B0DF13B020D
:1082500000F050F90C98069900F05CFA079A9DF826
:108260003B009DF83A1001EB41011144497B8842E3
:108270000DD0FFE79DF83A0000EB40004EF6A40158
:10828000C0F601010844807B8DF8570098E00C98F7
:10829000502100F0F5F90C9812210FAA062300F0E6
:1082A000C9F89DF83C009DF83D1040EA01209DF87A
:1082B0003A1001EB410211A921F812009DF83E008D
:1082C0009DF83F2040EA02209DF83A2002EB42024E
:1082D00001EB420250809DF840009DF8412040EAA9
:1082E00002209DF83A2002EB420201EB4201888015
:1082F000FFE79DF83A0001308DF83A0085E70C98C9
:108300006D210491002200F041F90C98962105910D
:1083100000F000FA04990C980DF13B0200F0EAF825
:108320000C98059900F0F6F99DF83B0020B1FFE7A5
:1083300004208DF8570043E00C987E21B62200F00F
:1083400025F90C98502100F09BF9BDF94400BDF9C6
:108350004A10401A40F25551884213DBFFE7BDF93D
:108360004600BDF94C10401A40F25551884209DBD5
:10837000FFE7BDF94800BDF94E10401AB0F52A7F5D
:1083800004DAFFE780208DF8570019E00C980021EF
:1083900003910DF13B02019200F0ACF80C9896218C
:1083A000029100F0B7F9019A0C98039900F0A2F835
:1083B0000C98029900F0AEF903988DF85700FFE78A
:1083C0009DF8570016B080BD80B586B005908DF839
:1083D000131003928DF80B300598019040F2004085
:1083E000C4F202000121EAF79BF901989DF81310ED
:1083F00041F08001FFF752FEFFE79DF80B0078B1D6
:10840000FFE701985521FFF749FE0399087003988B
:10841000013003909DF80B0001388DF80B00ECE75C
:1084200040F20040C4F202000121EAF779F906B0F7
:1084300080BD000080B586B005908DF813100392C2
:108440008DF80B30059801900020C4F20200102135
:10845000EAF766F901989DF8131041F08001FFF7E3
:108460001DFE01989DF8131041F08001FFF716FEE4
:10847000FFE79DF80B0078B1FFE701985521FFF762
:108480000DFE039908700398013003909DF80B00CE
:1084900001388DF80B00ECE70020C4F20200102137
:1084A000EAF73EF906B080BD80B586B005908DF83C
:1084B000131003920598009040F20040C4F20200AD
:1084C000029001210191EAF72BF900989DF8131011
:1084D00041F08001FFF7E2FD00985521FFF7DEFD36
:1084E000019902460298039B1A70EAF719F906B03F
:1084F00080BD000080B588B007908DF81B100592F4
:10850000079802900020C4F2020004901021039109
:10851000EAF706F902989DF81B1041F08001FFF779
:10852000BDFD029855210191FFF7B8FD0199029810
:10853000FFF7B4FD039902460498059B1A70EAF709
:10854000EFF808B080BD000080B586B005908DF8CA
:1085500013108DF812200598019040F20040C4F2EB
:108560000200039001210291EAF7DAF801989DF8E0
:108570001310FFF793FD01989DF81210FFF78EFD81
:1085800002990398EAF7CCF806B080BD80B586B0B2
:1085900005908DF813108DF8122005980190002099
:1085A000C4F20200039010210291EAF7B9F8019891
:1085B0009DF81310FFF772FD01989DF81210FFF758
:1085C0006DFD02990398EAF7ABF806B080BD000094
:1085D00080B586B0049003910292049801900398AC
:1085E00020B9FFE700208DF8170045E003980068E8
:1085F00043F20001C4F20101884207D1FFE701996B
:1086000042F28000C2F20000086025E00398006892
:1086100043F60001C4F20001884207D1FFE7019947
:1086200042F29410C2F20000086014E0039800685F
:1086300043F60041C4F20001884207D1FFE70199E7
:1086400042F2A820C2F20000086003E000208DF88A
:10865000170011E0FFE7FFE7FFE70198FEF776FE5E
:10866000FFE701980299FEF78DFE08B1FFE7F8E7F2
:1086700001208DF81700FFE79DF8170006B080BDB8
:1086800087B00690ADF8161006990020049003906C
:108690000290019000904EF21400CEF200000068AB
:1086A0000090BDF816008968484304904EF2180007
:1086B000CEF2000000680390FFE74EF21800CEF201
:1086C0000000006802900298039988421ED0FFE7DC
:1086D00002980399884207D2FFE703980299411A4A
:1086E00001980844019008E000980299401A039903
:1086F0000144019808440190FFE702980390019813
:108700000499884201D3FFE701E0FFE7D5E707B00E
:108710007047000087B00690ADF81610069900204B
:10872000049003900290019000904EF21400CEF25B
:10873000000000680090BDF8160089794843049055
:108740004EF21800CEF2000000680390FFE74EF2F0
:108750001800CEF200000068029002980399884247
:108760001ED0FFE702980399884207D2FFE70398DB
:108770000299411A01980844019008E00098029972
:10878000401A03990144019808440190FFE70298B8
:10879000039001980499884201D3FFE701E0FFE7C5
:1087A000D5E707B07047000081B000900098002125
:1087B000017141718171816001B0704782B0019097
:1087C000009100994FF07E500860009900204860A9
:1087D000009988600099C86002B0704781B000902D
:1087E00000984FF07E510160002141600022C4F2E8
:1087F0007A428260C1600161416101B0704700004E
:10880000B0B582B00091014600980190019AD2F86B
:10881000E800D2F8EC30D2F8F0C0D2F8F4E0D2F8A8
:10882000F840D2F8FC504D610C61C1F80CE0C1F881
:1088300008C04B600860D2F80001D2F80421CA6178
:10884000886102B0B0BD000080B58CB00B900B9871
:10885000049090F80901072840F09680FFE70498FB
:10886000D0F8BC0020300790079801300DF12601A8
:10887000F7F7BAF80499079AD0781279000140EA1C
:108880001210ADF8240007980279407902F00F0227
:1088900040EA0220ADF822000798007881F8E8004D
:1088A000BDF82600B1F9FE20801A0A900A98D1F886
:1088B000D8200021A1EB5201884207D2FFE704999A
:1088C000D1F804010130C1F804010FE004990A98BD
:1088D000D1F8D810B0EB510F07D9FFE70499D1F8C0
:1088E00004010138C1F80401FFE7FFE70499D1F85A
:1088F000C820D1F8D830D1F80401BDF826C000FB5B
:1089000003C01044C1F80001BDF82600D1ED330AC0
:10891000B1EE600A002102914FF6FF72F6F720F8DF
:108920000299049A9FED6A1A20EE010A82ED3B0A31
:10893000BDF82400D2ED340AB1EE600A40F6FF72B1
:108940000392F6F70DF80299039A049B83ED3C0A13
:10895000BDF82200D3ED350AB1EE600AF6F700F853
:10896000049981ED3D0A0798807900EE100AB8EE6F
:10897000C00A9FED581A30EE010A81ED3E0ABDF89B
:108980002600A1F8FE009EE0049890F8090107284F
:1089900000F09880FFE70498D0F8BC0020300590E4
:1089A000059844F60E61C2F200010191F7F71CF838
:1089B0000598023044F60C61C2F20001F7F714F892
:1089C0000598043044F6FE51C2F20001F7F70CF8A6
:1089D00001980499D1F8BC20926881F8E820B0F998
:1089E0000000B1F9FE20801A06900698D1F8D82030
:1089F0000021A1EB5201884207DAFFE70499D1F880
:108A000004010130C1F804010FE004990698D1F87F
:108A1000D810B0EB510F07DDFFE70499D1F804013E
:108A20000138C1F80401FFE7FFE70499D1F8C83025
:108A3000D1F8D8C0D1F8042144F60E60C2F200008B
:108A4000B0F900E002FB0CE21A44C1F80021B0F9D1
:108A5000002000EE102AB8EEC00AB2EE041A80EE32
:108A6000010A81ED3B0A44F60C62C2F20002B2F93F
:108A7000002000EE102AB8EEC00A20EE010A81EDB7
:108A80003C0A44F6FE52C2F20002B2F9002000EEA7
:108A9000102AB8EEC00A9FED0D1A80EE010A81ED92
:108AA0003D0A059A92F9062000EE102AB8EEC00A97
:108AB00081ED3E0A059AD27981F8FC200088A1F860
:108AC000FE00FFE7FFE70CB080BD00BF0000C8421A
:108AD000E02E6542000020C281B00090009890ED29
:108AE0003B0A01B07047000081B00090009890ED03
:108AF0003D0A01B07047000082B001908DED000A80
:108B000001990098C1F8140102B0704782B0019039
:108B10008DED000A01990098C1F8180102B0704764
:108B200080B582B0019000910198D0F8DC1001313D
:108B3000C0F8DC10FFF788FE02B080BD82B0019063
:108B40008DF8031001999DF8030081F8090102B026
:108B50007047000082B001908DED000A01990098E5
:108B6000C1F8200102B0704782B001908DED000A7B
:108B700001990098C1F8240102B0704780B586B011
:108B800005900598039090F8090101460491062884
:108B900004D0FFE70498072832D05DE0039890EDF9
:108BA000450A03F0EBFC039890ED3B0A03F092FEBC
:108BB000039803F0F7FC039803F084FE0399B1EEE9
:108BC000081A80EE010A81ED460A01F15000029078
:108BD00091ED460A03F0D2FC0298039991ED3C0A0C
:108BE000B1EE400A03F076FE029803F0DBFC029837
:108BF00003F068FE0398B0EEC00A80ED470A2CE04F
:108C0000039890ED450A03F0B9FC039890ED3B0AF8
:108C100003F060FE039803F0C5FC039803F052FED6
:108C2000039981ED460A01F15000019091ED460A49
:108C300003F0A4FC0198039991ED3C0AB1EE400ABF
:108C400003F048FE019803F0ADFC019803F03AFEF2
:108C5000039880ED470A00E0FFE706B080BD000002
:108C600082B0019001990091D1F8DC00D1F8E010B8
:108C7000884205D0FFE7009890F8FC0028B1FFE794
:108C80000099002081F8E40004E00099012081F8B7
:108C9000E400FFE70099D1F8DC00C1F8E00002B081
:108CA0007047000080B590B00F900F980590FFF7C7
:108CB00065FF059890F809010338014606910528DB
:108CC00000F22D810699DFE811F0F7002A012A0150
:108CD000AE0006001901059890ED331A90ED450A93
:108CE0009FED912A20EE020AF1EE410A0020049045
:108CF0004FF6FF71F5F704FE059902460498ADF8AA
:108D0000362091ED341A91ED460AF1EE410A40F613
:108D1000FF710391F5F7F4FD0399059A0346049852
:108D2000ADF8343092ED430ADFED800ACDED020A52
:108D30009FED7F1AF5F7E4FDDDED020A0399059A30
:108D400003460498ADF8323092ED440AB1EE041AAD
:108D5000F5F7D6FD0399059A03460498ADF830302F
:108D600092ED351A92ED470AF1EE410AF5F7C8FD8A
:108D7000ADF82E000DF13600F6F726FE059A049B9D
:108D8000D2F8C410BDF836000880BDF834000009E0
:108D90008DF82D00D2F8C4109DF82D008870BDF814
:108DA00034109DF8330040EA01108DF82C00D2F801
:108DB000C4109DF82C00C8709DF832008DF82B006F
:108DC000D2F8C4109DF82B000871BDF830000009DE
:108DD0008DF82A00D2F8C4109DF82A004871BDF819
:108DE00030109DF82F0040EA01108DF82900D2F8CC
:108DF000C4109DF8290088719DF82E008DF8280078
:108E0000D2F8C4109DF82800C871D2F8BC000068E0
:108E100092F8C010D2F8C420EC46CCF800300823F9
:108E2000E7F77AFD7CE0059890ED450A9FED3D1A45
:108E300020EE010ABDEEC00A8DED090A90ED480A48
:108E4000BDEEC00A10EE101AADF8221090ED490ADE
:108E5000BDEEC00A10EE100AADF8200009A8F6F722
:108E6000D5FD0598D0F8C410099808600DF12200CE
:108E7000F6F7AAFD0598D0F8C410BDF82200888046
:108E800008A8F6F7A1FD059AD2F8C410BDF8200095
:108E9000C880D2F8BC00006892F8093192F8C0107E
:108EA00041EA0321D2F8C420EC460423CCF8003078
:108EB0000823E7F731FD33E0059890ED460ABDEE53
:108EC000C00A8DED070A07A8F6F7A0FD059AD2F8AB
:108ED000C41007980860D2F8BC00006892F8093105
:108EE00092F8C01041EA0321D2F8C420EC460423D2
:108EF000CCF800300823E7F70FFD11E00599D1F811
:108F0000BC00006891F8C0106B4600221A6040F265
:108F10000002C2F200020823E7F7FEFC00E0FFE7D0
:108F200010B080BD00401C4635FA8E3C00000000A9
:108F30000000FA4380B58AB0DDF830C0099008918E
:108F40008DF81F208DF81E308DED060ACDED050A37
:108F50008DED041ACDED031A8DED022ACDED012A17
:108F6000099800900898006846F20041C4F2000198
:108F7000884208D1FFE7009940F21430C2F20000A5
:108F8000C1F8BC0011E00898006846F60001C4F280
:108F90000001884208D1FFE7009940F2E030C2F2B8
:108FA0000000C1F8BC00FFE7FFE700989DF81F1024
:108FB00080F8C0109DF81E1080F809110699C0F8BD
:108FC0000C110599C0F810110C99C0F8C81004993B
:108FD000C0F8CC100399C0F8D0100299C0F8D41092
:108FE000A030DDED010AB0EE600AF8F7B3FF089893
:108FF0009DF81F10F5F7EEF90099C1F8C4000AB00A
:1090000080BD000080B582B001900198009003F00F
:109010006BFC0098503003F067FC0098A030F8F724
:10902000B3FF009848F6A041C0F8D8100021C0F85E
:10903000DC10C0F8E01080F8E41080F80811062277
:1090400080F80921C0F81411C0F81811C0F81C11DB
:10905000C0F82011C0F824110021C4F24841C0F822
:1090600028110021C4F2C821C0F82C1102B080BD23
:1090700080B588B006900698049000218DF81710EE
:109080008DF8161000F0EEF8049800F091F80498AE
:1090900000F080F804983221039100F08DF80498D4
:1090A00000F06AF80399049800F086F80498017FAC
:1090B00000F0DCF804998DF817009DF81700497F3F
:1090C000884205D0FFE70498807D8DF81F004FE0AF
:1090D00000208DF81600FFE704999DF81600897F9F
:1090E000884240DAFFE7049800F1200102919DF8E0
:1090F000162002EB4203CA18C95C527800F0D8F877
:1091000004989621019100F063F8049802999DF863
:10911000162002EB4202895C00F0A8F80199024691
:1091200004988DF8172000F053F802999DF8170065
:109130009DF8162002EB42021144497888420BD078
:10914000FFE704989DF8161001EB4101084490F8E0
:1091500022008DF81F000BE0FFE79DF8160001309C
:109160008DF81600B8E70498407D8DF81F00FFE7E2
:109170009DF81F0008B080BD80B582B0019041F617
:109180000000C4F2020040210122E9F7DDFA02B03A
:1091900080BD000080B582B0019041F60000C4F2AD
:1091A000020040210022E9F7CFFA02B080BD0000A2
:1091B00081B0009001B0704780B582B00190ADF8E9
:1091C0000210BDF80200E9F78BF802B080BD000084
:1091D00087B00690ADF8161000200490039002901E
:1091E000019000904EF21400CEF200000068009052
:1091F000BDF8160000EBC000C00004904EF218004D
:10920000CEF2000000680390FFE74EF21800CEF2A5
:109210000000006802900298039988421ED0FFE780
:1092200002980399884207D2FFE703980299411AEE
:1092300001980844019008E000980299401A0399A7
:109240000144019808440190FFE7029803900198B7
:109250000499884201D3FFE701E0FFE7D5E707B0B3
:109260007047000081B0009001B0704780B586B0B3
:1092700005908DF81310059900238DF812300868B9
:109280000068C97F49009DF81320EE46CEF80C30E7
:109290000A23CEF808300123CEF804300DF1120C69
:1092A000CEF800C0EEF7D4FD9DF8120006B080BDE8
:1092B00080B586B005908DF813108DF812200599B1
:1092C00008680068C97F49009DF81320EE46012315
:1092D000CEF80C304FF00A0CCEF808C0CEF80430AF
:1092E0000DF1120CCEF800C0EEF7B2FD06B080BD55
:1092F00080B584B00290019102980090019820B945
:10930000FFE700208DF80F0040E00198006845F26B
:109310000041C4F20001884207D1FFE7009940F202
:109320003040C2F20000086025E00198006845F670
:109330000001C4F20001884207D1FFE7009940F222
:109340004440C2F20000086014E00198006845F64D
:109350000041C4F20001884207D1FFE7009940F2C2
:109360005840C2F20000086003E000208DF80F00B2
:109370000CE0FFE7FFE7FFE70098FFF779FE08B191
:10938000FFE7F9E701208DF80F00FFE79DF80F00D8
:1093900004B080BD81B000900098022303750021C5
:1093A00041754022827549F69A12C3F6996282612C
:1093B000017710214177042181770E22C2770B2299
:1093C00080F820204FF0080C80F821C04FF0010CED
:1093D00080F822C04FF0410C80F823C04FF0090CF8
:1093E00080F824C080F82530422380F82630C0233E
:1093F00080F82730032380F828300A2380F82930AA
:1094000080F82A2080F82B1001B0704780B586B014
:10941000059005980090D0F8BC002030019001988C
:1094200004A9F6F7E1FA019802300DF10E01F6F702
:10943000DBFA0198043003A9F6F7D6FA0198063052
:109440000DF10A01F6F7D0FA009890F8D000012843
:109450002CD1FFE70099BDF81000D1F80021801A47
:10946000ADF81200BDF91200B1F8D2104A42C1EBBA
:10947000D271B0EB610F07DAFFE70099D1F808016C
:109480000130C1F8080110E00099BDF91200B1F8EF
:10949000D210B0EB510F07DDFFE70099D1F80801BA
:1094A0000138C1F80801FFE7FFE7FFE70098D0F8AF
:1094B0000811B0F8D220BDF8103001FB0231C0F81D
:1094C000041190ED321A90ED410AB8EEC00AB0F8DE
:1094D000D21002EE101AB8EE422A80EE020A9FED78
:1094E000312A20EE020A80EE010A80ED390A90ED61
:1094F000321A90ED410AB8EEC00AB0F8D21002EE6E
:10950000101AB8EE422A80EE020A30EE000A9FEDF1
:10951000262A20EE020A80EE010A80ED3A0ABDF901
:109520000E1000EE101AB8EEC00A9FED201A20EEC1
:10953000010A90ED321A80EE010A80ED3B0ABDF976
:109540000E1000EE101AB8EEC00AB1EE081A20EEA6
:10955000010A90ED321A80EE010A80ED3C0ABDF955
:109560000C1000EE101AB8EEC00A80ED3D0ABDF9ED
:109570000A1000EE101AB8EEC00A9FED0D1A30EE78
:10958000010A80ED3E0ABDF81010C0F8001190F8F5
:10959000D00028B9FFE70099012081F8D000FFE74B
:1095A00006B080BD0000B443DB0F49405077D63D84
:1095B0003393884381B00090009890ED390A01B050
:1095C0007047000081B00090009890ED3D0A01B016
:1095D0007047000082B001908DED000A019800995B
:1095E000C0F814119DED000A9FED031A20EE010A48
:1095F00080ED470A02B0704735FA8E3C82B0019088
:109600008DED000A01990098C1F8240102B070475D
:1096100080B582B0019000910198D0F8D810013146
:10962000C0F8D810FFF7F2FE02B080BD81B0009004
:10963000009890F8E00001B07047000081B0009001
:10964000009890ED3B0A01B07047000082B0019095
:109650008DED000A01980099C0F818119DED000ADF
:109660009FED031A20EE010A80ED480A02B0704710
:1096700035FA8E3C82B001908DF8031001999DF867
:10968000030081F8100102B07047000080B586B079
:1096900005900598039090F8100101460491032865
:1096A00000F277800499DFE801F00214263E039867
:1096B00090ED331A90ED490A80EE010AB0F8D4100B
:1096C00001EE101AB8EEC11A20EE010A80ED4A0A26
:1096D00064E0039890ED331A90ED490A80EE010A98
:1096E000B0F8D41001EE101AB8EEC11A20EE010A3B
:1096F00080ED4A0A52E0039901F15000029091ED89
:10970000460A02F03BFF0298039991ED3C0A03F0F0
:10971000E1F8029802F046FF029803F0D3F80398AC
:1097200080ED4A0A3AE0039901F1A000009091ED22
:10973000450AF8F7DBFA0098F8F7E2FA0098F8F72C
:109740001BFC039802F01AFF039890ED390A03F00E
:10975000C1F8039802F026FF039803F0B3F80399C9
:1097600081ED460A01F15000019091ED460A02F0A8
:1097700005FF0198039991ED3C0A03F0ABF80198BD
:1097800002F010FF019803F09DF8039880ED4A0A5B
:1097900004E003990020C1F82801FFE7039800F0D6
:1097A00079F806B080BD000080B584B003900399BD
:1097B0000291D1F8D800D1F8DC10884211D1FFE72E
:1097C0000298002180F8E0109FED0C0A8DED010A4F
:1097D00002F0DEFE02989DED010A503002F0D8FE44
:1097E00004E00299012081F8E000FFE70299D1F836
:1097F000D800C1F8DC0004B080BD00BF000000004C
:1098000080B586B0059004918DF80F208DF80E304C
:109810008DED020ACDED010A0598009004980068CC
:1098200046F20041C4F20001884208D1FFE70099E6
:1098300040F21430C2F20000C1F8BC0011E00498FC
:10984000006846F60001C4F20001884208D1FFE733
:10985000009940F2E030C2F20000C1F8BC00FFE71E
:10986000FFE700999DF80F0081F8C0009DF80E00F9
:1098700081F810010298C1F8C8000198C1F8CC0025
:1098800004989DF80F10F4F7D1FE0099C1F8C400B8
:1098900006B080BD81B00090009991ED4A0ABDEEFE
:1098A000C00A10EE100A000AD1F8C420107091ED21
:1098B0004A0ABDEEC00A10EE100AD1F8C410487072
:1098C00001B0704780B582B001900198009003F01C
:1098D0000BF80098503003F007F80098A030F8F724
:1098E00053FB0098002180F8D0104FF40052A0F8EC
:1098F000D22042F21072A0F8D420C0F8D810C0F8DC
:10990000DC1080F8E010032280F81021C0F8141158
:10991000C0F81811C0F81C11C0F82011C0F82411AB
:10992000C0F8281102B080BD80B586B005900598BA
:109930000090D0F8A00020300190019804A9F6F71B
:1099400053F8019802300DF10E01F6F74DF8019829
:10995000043003A9F6F748F8019806300DF10A0122
:10996000F6F742F8009890F8B400D0B9FFE70098F5
:10997000BDF8101000EE101AB8EEC00AB0F8B6101C
:1099800001EE101AB8EE411A80EE010A9FED5C1A42
:1099900020EE010A90ED2B1A80EE010A80ED380AC4
:1099A000FFE7009890F8B40001282CD1FFE7009958
:1099B000BDF81000D1F8E420801AADF81200BDF90E
:1099C0001200B1F8B6104A42C1EBD271B0EB610F90
:1099D00007DAFFE70099D1F8EC000130C1F8EC009C
:1099E00010E00099BDF91200B1F8B610B0EB510FBC
:1099F00007DDFFE70099D1F8EC000138C1F8EC0071
:109A0000FFE7FFE7FFE70098D0F8EC10B0F8B620CA
:109A1000BDF8103001FB0231C0F8E81090ED2B1AB0
:109A200090ED3A0AB8EEC00AB0F8B61002EE101A7D
:109A3000B8EE422A80EE020A30EE000A9FED312A8B
:109A400020EE020A80EE010A80ED330A90ED2B1A17
:109A500090ED3A0AB8EEC00AB0F8B61002EE101A4D
:109A6000B8EE422A80EE020A9FED252A20EE020A75
:109A700080EE010A80ED320ABDF90E1000EE101AD8
:109A8000B8EEC00A9FED201A20EE010A90ED2B1AC5
:109A900080EE010A80ED340ABDF90E1000EE101AB6
:109AA000B8EEC00AB1EE081A20EE010A90ED2B1AAA
:109AB00080EE010A80ED350ABDF90C1000EE101A97
:109AC000B8EEC00A80ED360ABDF90A1000EE101A91
:109AD000B8EEC00A9FED0D1A30EE010A80ED370A8C
:109AE000BDF81010C0F8E41090F8B40028B9FFE7F2
:109AF0000099012081F8B400FFE706B080BD00BFE7
:109B00000000B443DB0F49405077D63D3393884380
:109B100081B00090009890ED320A01B070470000CB
:109B200081B00090009890ED360A01B070470000B7
:109B300082B001908DED000A01990098C1F80801EA
:109B400002B0704780B582B0019000910198D0F8C2
:109B5000BC100131C0F8BC10FFF7E6FE02B080BDBA
:109B600081B00090009890ED340A01B07047000079
:109B700082B001908DED000A01990098C1F8FC00B7
:109B800002B0704782B001908DF8031001999DF8E2
:109B9000030081F8F40002B07047000080B586B081
:109BA000059004918DF80F208DF80E308DED020A8E
:109BB000CDED010A059800900498006846F2004136
:109BC000C4F20001884208D1FFE7009940F2143046
:109BD000C2F20000C1F8A00011E00498006846F647
:109BE0000001C4F20001884208D1FFE7009940F269
:109BF000E030C2F20000C1F8A000FFE7FFE70099E3
:109C00009DF80F0081F8A4009DF80E0081F8F40083
:109C10000298C1F8AC000198C1F8B00004989DF812
:109C20000F10F4F703FD0099C1F8A80006B080BD3D
:109C300081B00090009991ED430ABDEEC00A10EE8C
:109C4000100A000AD1F8A820107091ED430ABDEE69
:109C5000C00A10EE100AD1F8A810487001B0704781
:109C600080B582B001900198009002F03DFE00980E
:109C7000503002F039FE0098002180F8B4104FF403
:109C80000052A0F8B6204FF48042A0F8B820C0F8E7
:109C9000BC10C0F8C01080F8C410032280F8F42073
:109CA000C0F8F810C0F8FC10C0F80011C0F804119A
:109CB000C0F80811C0F80C1102B080BD80B588B0A2
:109CC00007900798029000682030039003980130B5
:109CD0000DF11601F5F788FE0299039AD0781279F2
:109CE000000140EA1210ADF814000398027940799F
:109CF00002F00F0240EA0220ADF81200039800784B
:109D000000F00F0081F8280003980078000981F81E
:109D10002900BDF81600B1F84020801A0690069878
:109D20008A690021A1EB5201884205D2FFE702991E
:109D3000886C013088640CE0029906988969B0EB60
:109D4000510F05D9FFE70299886C01388864FFE755
:109D5000FFE70298BDF81610C26811444164406CD8
:109D6000002100914FF6FF72BAEE090AF2EE090ADD
:109D7000F4F7F6FD0099029A9FED1D1A80EE010A94
:109D80009FED1C1A20EE010A82ED0B0ABDF81400AB
:109D9000D2ED040AB1EE600A40F6FF720192F4F7C8
:109DA000DFFD0099019A029B83ED0C0ABDF81200B9
:109DB000D3ED050AB1EE600AF4F7D2FD029981ED08
:109DC0000D0A0398807900EE100AB8EE400A81ED82
:109DD0000E0A0398C07900EE100AB8EE400A81ED31
:109DE0000F0ABDF81600A1F8400008B080BD00BF02
:109DF000DB0F49400000344381B00090009890EDA3
:109E00000B0A01B07047000082B001908DED000A8E
:109E100001990098886502B07047000082B00190F7
:109E20008DED000A01990098C86502B070470000E6
:109E300080B582B0019000910198C1690131C16182
:109E4000FFF73CFF02B080BD82B001908DF8031097
:109E500001999DF8030081F84C0002B070470000A2
:109E600080B586B0059005990491C869096A884251
:109E700005D1FFE70499002081F8240004E004994B
:109E8000012081F82400FFE7049890F84C00014677
:109E9000039120B1FFE7039801285DD0B9E0049851
:109EA00090F84D0001460291042854D80299DFE849
:109EB00001F0031221304100049908680068097913
:109EC0006B4600221A6040F21B02C2F20002082315
:109ED000E6F722FD3FE004990868006809796B46BF
:109EE00000221A6040F21B02C2F200020823E6F7C9
:109EF00013FD30E004990868006809796B46002278
:109F00001A6040F21B02C2F200020823E6F704FDC9
:109F100021E0049908680068097901F580716B46B1
:109F200000221A6040F21B02C2F200020823E6F788
:109F3000F3FC10E0049908680068097901F50071E4
:109F40006B4600221A6040F21B02C2F20002082394
:109F5000E6F7E2FCFFE75CE0049890F84D0001466C
:109F60000191042854D80199DFE801F0031221304F
:109F7000410004990868006809796B4600221A605C
:109F800040F21302C2F200020823E6F7C5FC3FE0EC
:109F900004990868006809796B4600221A6040F24B
:109FA0001302C2F200020823E6F7B6FC30E004997F
:109FB0000868006809796B4600221A6040F21302B3
:109FC000C2F200020823E6F7A7FC21E00499086822
:109FD0000068097901F580716B4600221A6040F231
:109FE0001302C2F200020823E6F796FC10E004997F
:109FF00008680068097901F500716B4600221A6053
:10A0000040F21302C2F200020823E6F785FCFFE7E4
:10A01000FFE70499C869086206B080BD80B598B0B2
:10A0200017901798099090F84D0001460A9104285E
:10A0300000F2CC810A99DFE811F0050094002101BB
:10A04000A201B701099890ED160ADFEDE20A9FED33
:10A05000E21A002008904FF6FF71F4F751FC0999BD
:10A0600002460898ADF85A2091ED041A91ED170AAE
:10A07000F1EE410A40F6FF710791F4F741FC0799B0
:10A08000099A03460898ADF8583092ED140ADFEDAE
:10A09000D30ACDED060A9FEDD21AF4F731FCDDEDBF
:10A0A000060A0799099A03460898ADF8563092EDCA
:10A0B000150AB1EE041AF4F723FC0799099A03462E
:10A0C0000898ADF8543092ED051A92ED180AF1EEA9
:10A0D000410AF4F715FCADF852000DF15A00F5F7FE
:10A0E00073FC09988268BDF85A101180BDF85810A9
:10A0F00009098DF8511082689DF851109170BDF8D2
:10A1000058209DF8571041EA02118DF850108268CE
:10A110009DF85010D1709DF856108DF84F10826840
:10A120009DF84F101171BDF8541009098DF84E10AB
:10A1300082689DF84E105171BDF854209DF853105F
:10A1400041EA02118DF84D1082689DF84D10917111
:10A150009DF852108DF84C1081689DF84C00C87124
:10A1600035E1099890ED160ADFED9A0A9FED9A1AEB
:10A17000002005904FF6FF71F4F7C2FB09990246E3
:10A180000598ADF84A2091ED041A91ED170AF1EE09
:10A19000410A40F6FF710491F4F7B2FB0499099A61
:10A1A00003460598ADF84830ADF8460092ED150A23
:10A1B000DFED8A0AB1EE041AF4F7A2FB0499099ABA
:10A1C00003460598ADF8443092ED051A92ED180A51
:10A1D000F1EE410AF4F794FBADF842000DF14A00AC
:10A1E000F5F7F2FB099A059B9168BDF84A000880D3
:10A1F000BDF8480000098DF8410091689DF84100C4
:10A200008870BDF848109DF8470040EA01108DF8AD
:10A21000400091689DF84000C8709DF846008DF898
:10A220003F0091689DF83F000871BDF844000009A7
:10A230008DF83E0091689DF83E004871BDF84410CD
:10A240009DF8430040EA01108DF83D0091689DF8AB
:10A250003D0088719DF842008DF83C0091689DF8A2
:10A260003C00C871106800681179F0319268EC46C2
:10A27000CCF800300823E6F74FFBA8E0099890EDF2
:10A28000160ADFED540A9FED541A002003904FF692
:10A29000FF71F4F735FB099902460398ADF83A20AF
:10A2A00091ED041A91ED170AF1EE410A40F6FF71A3
:10A2B0000291F4F725FB0299099A03460398ADF839
:10A2C0003830ADF83600ADF8340092ED051A92ED55
:10A2D000180AF1EE410AF4F713FBADF832000DF164
:10A2E0003A00F5F771FB099A039B9168BDF83A00B3
:10A2F0000880BDF8380000098DF8310091689DF89C
:10A3000031008870BDF838109DF8370040EA011020
:10A310008DF8300091689DF83000C8709DF83600C7
:10A320008DF82F0091689DF82F000871BDF834005A
:10A3300000098DF82E0091689DF82E004871BDF837
:10A3400034109DF8330040EA01108DF82D0091681B
:10A350009DF82D0088719DF832008DF82C009168D1
:10A360009DF82C00C871106800681179F03192686E
:10A37000EC46CCF800300823E6F7CEFA27E0099A3D
:10A380009168906D08609168D06D486010680068B1
:10A39000117901F580719268EC460023CCF8003009
:10A3A0000823E6F7B9FA12E0099A9168D06D0860BF
:10A3B00010680068117901F500719268EC4600237D
:10A3C000CCF800300423E6F7A7FA00E0FFE718B066
:10A3D00080BD00BFDB0F49C0DB0F4940000000001B
:10A3E0000000FA4380B586B0DDF820C005900491E6
:10A3F0008DF80F208DF80E308DED020ACDED010A9B
:10A40000059800900498006846F20041C4F20001EB
:10A41000884207D1FFE7009940F21430C2F20000F1
:10A42000086010E00498006846F60001C4F20001DC
:10A43000884207D1FFE7009940F2E030C2F2000005
:10A440000860FFE7FFE700999DF80F0008719DF88D
:10A450000E0081F84D000898C860029808610198C4
:10A46000486104989DF80F10F4F74AF80099886045
:10A4700006B080BD81B0009000984FF480318161BA
:10A480000021C161016280F8241080F84C1080F82E
:10A490004D10016541658165C165016601B0704778
:10A4A00080B584B003900398019090F8211300EBDD
:10A4B000C10251680131516090F8210301460291B7
:10A4C000042800F2A5800299DFE801F00340687DCE
:10A4D000870044F66050C2F20000406C58B1FFE7BC
:10A4E000019890F8211300EBC10200215160042172
:10A4F00001F0F0FBFFE70198D0F8240300F52A6093
:10A50000F6F7FCFE01280BD1FFE7019890F8211324
:10A5100000EBC10200215160022101F0DBFBFFE7EB
:10A52000019890F8211300EBC1004068B0F57A7FE4
:10A530000BD9FFE7019890F8211300EBC10200212D
:10A540005160012101F0C6FBFFE761E00198D0F8FE
:10A55000240300F52A60F6F7D1FE01280BD1FFE7AE
:10A56000019890F8211300EBC102002151600221F3
:10A5700001F0B0FBFFE744F66050C2F20000406C0F
:10A5800058B1FFE7019890F8211300EBC1020021B8
:10A590005160042101F09EFBFFE739E00198D0F8FB
:10A5A000240300F52A60F6F7A9FE58B9FFE70198E1
:10A5B00090F8211300EBC10200215160032101F04A
:10A5C00089FBFFE724E0019890F8211300EBC1021A
:10A5D0000021516001F07EFB1AE044F66050C2F2A7
:10A5E00000000090ECF7CCFA009842F25461C2F2FD
:10A5F0000001B1F804218431ECF78EF9019890F84C
:10A60000211300EBC1020021516001F063FBFFE761
:10A6100004B080BD80B582B001900198009001F037
:10A62000ABFB009802B080BD84B00290019102980B
:10A63000009090ED010A0198007801EE100AB8EE42
:10A64000C11AB4EE410AF1EE10FA1ED1FFE70098EC
:10A6500090ED020A0198007801EE100AB8EEC11AD6
:10A66000B4EE410AF1EE10FA0FD1FFE7009890ED39
:10A67000030A0198007801EE100AB8EEC11AB4EE90
:10A68000410AF1EE10FA04D0FFE701208DF80F0027
:10A6900003E000208DF80F00FFE79DF80F0004B0E5
:10A6A0007047000000000000B0B592B01190119802
:10A6B0000F9090F8211300EBC102516801315160F5
:10A6C00090F821030138014610912D2801F2CC8128
:10A6D0001099DFE811F02E0040003E00C909C909B9
:10A6E000C909C909C909C909C9097905170664064B
:10A6F000FD06AA07F5078B0838098509C909BA00BC
:10A7000004016701900139024B05610396030C04B3
:10A710004C0495040B05C909C909C909C909C90926
:10A72000C909C909C909C909C9099006C909C909D5
:10A7300025080F98D0F8240341F2BC01405CC00703
:10A7400028B1FFE70F98022101F0C4FAFFE701F0FA
:10A750008BB901F089B90F98D0F8242341F6700124
:10A76000515841F2F863D150D0F824230E9241F6AB
:10A770005C01551851586B68D5F808C0D5F80CE045
:10A780002C696D691562D461C2F818E0C2F814C072
:10A790001361D16044F6FD52C2F200020021117033
:10A7A000D0F8240341F27971405CF0B9FFE70F98CB
:10A7B000D0F8240300F52A60F6F7A8FD28B9FFE7D2
:10A7C0000F980B2101F086FAFFE70F98D0F82403C9
:10A7D00000F52A60F6F79AFD062805D1FFE70F98E5
:10A7E000152101F077FAFFE72DE00F98D0F8240348
:10A7F00000F52A60F6F746FF032805D1FFE70F981A
:10A800000B2101F067FAFFE70F98D0F8240300F559
:10A810002A60F7F701F8032805D1FFE70F98152103
:10A8200001F058FAFFE70F98D0F8240300F52A60EA
:10A83000F6F7E8FE032805D1FFE70F98192101F08C
:10A8400049FAFFE7FFE701F00FB90F98D0F824238A
:10A8500041F2F8630021C4F2A011D150D0F82423B2
:10A860000021C4F2F021D160D0F82423002111612D
:10A87000D0F824330022C4F234325A61D0F82423B1
:10A880009161D0F824230021C4F2B421D161D0F821
:10A89000240341F2E851084490ED441A90ED450A32
:10A8A00030EE410AF5F76AFDB0EE001AB4EE410A47
:10A8B000F1EE10FA11DAFFE70F98D0F8240300F157
:10A8C000380100F10C02FBF717F828B1FFE70F98E9
:10A8D000162101F0FFF9FFE7FFE701F0C5B80F9877
:10A8E000D0F8240341F27971405CF0B9FFE70F988A
:10A8F000D0F8240300F52A60F6F708FD28B9FFE731
:10A900000F98172101F0E6F9FFE70F98D0F824031C
:10A9100000F52A60F6F7FAFC062805D1FFE70F9844
:10A92000182101F0D7F9FFE71EE00F98D0F82403B3
:10A9300000F52A60F6F7A6FE032805D1FFE70F9879
:10A94000172101F0C7F9FFE70F98D0F8240300F5AD
:10A950002A60F6F761FF032805D1FFE70F98182159
:10A9600001F0B8F9FFE7FFE70F98D0F8240300F5EE
:10A970002A60F7F74FF910EE100A03F075FB41EC6F
:10A98000100B9FEDD11B53EC112B51EC100B03F06E
:10A99000ABFB28B9FFE70F98022101F09BF9FFE715
:10A9A00001F062B80F98D0F8240341F27971405C4D
:10A9B00080B9FFE70F98D0F8240300F52A60F6F776
:10A9C000A5FC032805D1FFE70F98162101F082F9B5
:10A9D000FFE70EE00F98D0F8240300F52A60F6F7A1
:10A9E00051FE28B9FFE70F98162101F073F9FFE730
:10A9F000FFE701F039B80F98D0F8242341F2F8634B
:10AA00000021C4F2A011D150D0F824230D9241F6B8
:10AA10004401551851586B68D5F808C0D5F80CE0BA
:10AA20002C696D691562D461C2F818E0C2F814C0CF
:10AA30001361D160D0F8240341F27971405C0028A1
:10AA40004DD1FFE70F98D0F8240300F1380100F151
:10AA50000C02FAF751FF002840D0FFE70F98D0F81A
:10AA6000240300F52A60F6F751FC062812D1FFE70F
:10AA700043F67C70C2F20000018801310180008839
:10AA8000B0F57A7F05D1FFE70F98192101F022F97F
:10AA9000FFE706E043F67C71C2F200010020088067
:10AAA000FFE70F98D0F8240300F52A60F7F7B2F813
:10AAB00010EE100A03F0D8FA41EC100B9FED821B48
:10AAC00053EC112B51EC100B03F00EFB28B9FFE7F0
:10AAD0000F98162101F0FEF8FFE7FFE732E00F982C
:10AAE000D0F8240300F52A60F6F796FE032812D169
:10AAF000FFE743F67C70C2F200000188013101805B
:10AB00000088B0F57A7F05D1FFE70F98192101F091
:10AB1000E1F8FFE706E043F67C71C2F20001002095
:10AB20000880FFE70F98D0F8240300F52A60F6F7B5
:10AB300079FD032805D1FFE70F98162101F0CAF827
:10AB4000FFE7FFE700F090BF0F98D0F8242341F60D
:10AB50002801515841F2F863D150D0F8240341F252
:10AB6000E851084490ED441A90ED450A30EE410A50
:10AB7000F5F704FCB1EE081AB4EE410AF1EE10FA52
:10AB800080F2D280FFE70F98D0F824230C9241F690
:10AB90001401551851586B68D5F808C0D5F80CE069
:10ABA0002C696D691562D461C2F818E0C2F814C04E
:10ABB0001361D160D0F8240300F1380100F10C02D8
:10ABC000FAF79AFE002800F0AE80FFE70F98D0F861
:10ABD000240341F27971405C00283ED1FFE70F98D1
:10ABE000D0F8240300F52A60F6F790FB062805D17B
:10ABF000FFE70F981A2101F06DF8FFE70F98D0F8E2
:10AC0000240300F52A60F6F781FB28BBFFE70F98C5
:10AC1000D0F8241341F2F862114491ED000AB0EE2D
:10AC2000081A30EE010A81ED000AD0F824130B91C6
:10AC300041F62C000C1808586268A368D4F80CC0C0
:10AC4000D4F810E064690C62C1F81CE0C1F818C0C7
:10AC50004B610A61C860FFE764E00F98D0F82403F5
:10AC600000F52A60F6F7D8FD032805D1FFE70F9815
:10AC70001A2101F02FF8FFE70F98D0F8240300F510
:10AC80002A60F6F7C7FC032805D1FFE70F981B21C0
:10AC900001F020F8FFE70F98D0F8240300F52A60B0
:10ACA000F6F7A0FC032805D1FFE70F981E2101F05D
:10ACB00011F8FFE70F98D0F8240300F52A60F6F7A3
:10ACC000E1FC03282DD107E09A9999999999E9BF58
:10ACD000000000000000F83F0F98D0F8241341F264
:10ACE000F862114491ED000AB0EE081A30EE010A44
:10ACF00081ED000AD0F824130A9141F62C000C18BB
:10AD000008586268A368D4F80CC0D4F810E06469ED
:10AD10000C62C1F81CE0C1F818C04B610A61C86040
:10AD2000FFE7FFE7FFE7FFE70F98D0F8240300F500
:10AD30002A60F6F76FFF10EE100A03F095F941EC68
:10AD4000100B1FED1F1B53EC112B51EC100B03F0DC
:10AD5000CBF9C0B9FFE743F67E70C2F2000001886C
:10AD6000013101800088B0F5967F0BD1FFE70F9885
:10AD7000182100F0AFFF43F67E71C2F200010020FF
:10AD80000880FFE706E043F67E71C2F20001002072
:10AD90000880FFE700F068BE0F98D0F8241341F256
:10ADA000C8720A4492ED000AB9EE041A30EE010AA4
:10ADB00041F2F862114481ED000AD0F8240341F217
:10ADC000E851084490ED441A90ED450A30EE410AEE
:10ADD000F5F7D4FA10EE100A03F046F941EC100B27
:10ADE00051EC100B1FED460B53EC102B03F07CF9CC
:10ADF00028B9FFE70F981C2100F06CFFFFE700F077
:10AE000033BE0F98D0F8241341F2C8720A4492ED71
:10AE1000000AB9EE041A30EE010A41F2F862114458
:10AE200081ED000AD0F82423099241F2B47155183B
:10AE300051586B68D5F808C0D5F80CE02C696D69DD
:10AE40001562D461C2F818E0C2F814C01361D16071
:10AE5000D0F8240341F27971405C18BBFFE70F98EA
:10AE6000D0F8240300F52A60F6F750FA90B9FFE70E
:10AE700043F67C70C2F20000018801310180008835
:10AE8000B0F5967F05D1FFE70F981D2100F022FF56
:10AE9000FFE706E043F67C71C2F200010020088063
:10AEA000FFE722E00F98D0F8240300F52A60F6F7B8
:10AEB000B3FC032811D1FFE743F67C70C2F2000017
:10AEC0000188013101800088642805DBFFE70F98C5
:10AED0001D2100F0FFFEFFE706E043F67C71C2F2A1
:10AEE000000100200880FFE7FFE700F0BDBD0F98DC
:10AEF000D0F82423089241F61401551851586B6874
:10AF0000D5F808C0D5F80CE02C696D691562D461DC
:10AF1000C2F818E0C2F814C01361D160D0F824233D
:10AF200041F2F8630021C4F29011D150D0F824030B
:10AF300090ED040A90ED0F1A30EE410AF5F71EFA73
:10AF4000B2EE041AB4EE410AF1EE10FA0DDAFFE7A0
:10AF50000F98D0F8242341F62801515841F2F863A4
:10AF6000D150192100F0B6FEFFE700F07DBD0F982B
:10AF7000D0F8241341F2C8720A4492ED000AB9EEE7
:10AF8000081A30EE010A41F2F862114481ED000A1C
:10AF9000D0F8240341F2E851084490ED441A90EDB2
:10AFA000450A30EE410AF5F7E9F910EE100A03F010
:10AFB0005BF841EC100B51EC100B1FEDBB0B53EC8D
:10AFC000102B03F091F8C8B9FFE70F98D0F82403CD
:10AFD00090ED040A90ED0F1A30EE410AF5F7CEF924
:10AFE000B2EE041AB4EE410AF1EE10FA05DAFFE708
:10AFF0000F981F2100F06EFEFFE7FFE700F034BD61
:10B000000F98D0F8241341F2F8720A4492ED000A26
:10B01000B9EE081A30EE010A41F2F862114481EDEE
:10B02000000AD0F82423079241F2E47155185158D0
:10B030006B68D5F808C0D5F80CE02C696D6915620D
:10B04000D461C2F818E0C2F814C01361D160D0F81E
:10B05000240341F27971405C18BBFFE70F98D0F8E8
:10B06000240300F52A60F6F751F990B9FFE743F69B
:10B070007C70C2F200000188013101800088B0F5C7
:10B08000967F05D1FFE70F98202100F023FEFFE710
:10B0900006E043F67C71C2F2000100200880FFE761
:10B0A00022E00F98D0F8240300F52A60F6F7B4FBED
:10B0B000032811D1FFE743F67C70C2F2000001883B
:10B0C000013101800088642805DBFFE70F9820210B
:10B0D00000F000FEFFE706E043F67C71C2F20001DB
:10B0E00000200880FFE7FFE700F0BEBC0F98D0F813
:10B0F0002423069241F61401551851586B68D5F86F
:10B1000008C0D5F80CE02C696D691562D461C2F8ED
:10B1100018E0C2F814C01361D160D0F8242341F2C2
:10B12000F8630021C4F29011D150D0F8240390EDBF
:10B13000040A90ED0F1A30EE410AF5F71FF9B2EE4E
:10B14000041AB4EE410AF1EE10FA0DDAFFE70F9897
:10B15000D0F8242341F62801515841F2F863D15028
:10B16000192100F0B7FDFFE700F07EBC0F98D0F882
:10B17000242341F2F8634FF07C51D150D0F82423BE
:10B18000059241F65C01551851586B68D5F808C016
:10B19000D5F80CE02C696D691562D461C2F818E02D
:10B1A000C2F814C01361D160D0F8240300F52A60FE
:10B1B000F6F738FA032805D1FFE70F98192100F0B8
:10B1C00089FDFFE700F050BC0F98D0F8242341F22E
:10B1D000B071515841F2F863D150D0F82423049251
:10B1E00041F29C71551851586B68D5F808C0D5F8D4
:10B1F0000CE02C696D691562D461C2F818E0C2F8E0
:10B2000014C01361D160D0F8240300F1380100F1BB
:10B210000C02FAF771FB002873D0FFE70F98D0F803
:10B22000240341F27971405C90BBFFE70F98D0F89E
:10B23000240300F52A60F6F769F890B9FFE743F6B2
:10B240007C70C2F200000188013101800088B0F5F5
:10B25000967F05D1FFE70F980D2100F03BFDFFE73A
:10B2600015E00F98D0F8240300F52A60F6F74EF8A1
:10B2700006280BD1FFE70F980C2100F02BFD43F6B9
:10B280007C71C2F2000100200880FFE7FFE737E091
:10B290000F98D0F8240300F52A60F6F7BDFA0328CA
:10B2A00011D1FFE743F67C70C2F200000188013142
:10B2B00001800088642805DBFFE70F980D2100F06E
:10B2C00009FDFFE706E043F67C71C2F200010020B1
:10B2D0000880FFE70F98D0F8240300F52A60F6F7FE
:10B2E000D1F903280BD1FFE70F980C2100F0F2FCF5
:10B2F00043F67C71C2F2000100200880FFE7FFE7FF
:10B30000FFE7B1E30F98D0F8240341F27971405C74
:10B3100010BBFFE70F98D0F8240300F52A60F5F77B
:10B32000F5FF062812D1FFE70F98D0F8240341F269
:10B33000B071014491ED000AB9EE041A30EE010A31
:10B3400041F2F861084480ED000A04E00F980B21F7
:10B3500000F0C0FCFFE721E00F98D0F8240300F5CF
:10B360002A60F6F78FF9032812D1FFE70F98D0F87B
:10B37000240341F2B071014491ED000AB9EE041AC0
:10B3800030EE010A41F2F861084480ED000A04E061
:10B390000F980B2100F09EFCFFE7FFE764E30F9896
:10B3A000D0F8242341F2C871515841F2F863D150CA
:10B3B000D0F8240341F2E851084490ED441A90ED8E
:10B3C000450A30EE410AF4F7D9FF10EE100A02F0F8
:10B3D0004BFE41EC100B51EC100B9FEDCF0B53ECDF
:10B3E000102B02F081FE28B9FFE70F982B2100F007
:10B3F00071FCFFE738E30F98D0F8242341F2C871BD
:10B40000515841F2F863D150D0F82423039241F20D
:10B41000B471551851586B68D5F808C0D5F80CE0D0
:10B420002C696D691562D461C2F818E0C2F814C0C5
:10B430001361D160D0F8240341F27971405C18BBEC
:10B44000FFE70F98D0F8240300F52A60F5F75EFFB8
:10B4500090B9FFE743F67C70C2F200000188013129
:10B4600001800088B0F5967F05D1FFE70F980E2187
:10B4700000F030FCFFE706E043F67C71C2F2000109
:10B4800000200880FFE722E00F98D0F8240300F5A1
:10B490002A60F6F7C1F9032811D1FFE743F67C7063
:10B4A000C2F200000188013101800088642805DBB8
:10B4B000FFE70F980E2100F00DFCFFE706E043F6D2
:10B4C0007C71C2F2000100200880FFE7FFE7CBE2B9
:10B4D0000F98D0F82423029241F2CC71551851589C
:10B4E0006B68D5F808C0D5F80CE02C696D69156259
:10B4F000D461C2F818E0C2F814C01361D160D0F86A
:10B50000242341F2F8630021C4F2B011D150D0F8E5
:10B51000240390ED040A90ED0F1A30EE410AF4F77F
:10B520002DFFB2EE041AB4EE410AF1EE10FA7BDA06
:10B53000FFE70F98D0F824234FF4BF51515841F240
:10B54000F863D150D0F8240341F27971405C90BB8C
:10B55000FFE70F98D0F8240300F52A60F5F7D6FE30
:10B5600090B9FFE743F67C70C2F200000188013118
:10B5700001800088B0F5967F05D1FFE70F98102174
:10B5800000F0A8FBFFE715E00F98D0F8240300F5C2
:10B590002A60F5F7BBFE06280BD1FFE70F980F21B5
:10B5A00000F098FB43F67C71C2F200010020088095
:10B5B000FFE7FFE737E00F98D0F8240300F52A6093
:10B5C000F6F72AF9032811D1FFE743F67C70C2F29F
:10B5D00000000188013101800088642805DBFFE755
:10B5E0000F98102100F076FBFFE706E043F67C7130
:10B5F000C2F2000100200880FFE70F98D0F8240372
:10B6000000F52A60F6F73EF803280BD1FFE70F9804
:10B610000F2100F05FFB43F67C71C2F200010020B5
:10B620000880FFE7FFE7FFE71EE20F98D0F824034A
:10B6300041F27971405C08BBFFE70F98D0F8240312
:10B6400000F52A60F5F762FE062811D1FFE70F9892
:10B65000D0F8240300F5BF5191ED000AB9EE041AA9
:10B6600030EE010A41F2F861084480ED000A04E07E
:10B670000F980E2100F02EFBFFE720E00F98D0F886
:10B68000240300F52A60F5F7FDFF032811D1FFE739
:10B690000F98D0F8240300F5BF5191ED000AB9EEE0
:10B6A000041A30EE010A41F2F861084480ED000A04
:10B6B00004E00F980E2100F00DFBFFE7FFE7D3E158
:10B6C0000F98D0F8242341F2F871515841F2F863F1
:10B6D000D150D0F8240341F2E851084490ED441AC7
:10B6E00090ED450A30EE410AF4F748FE10EE100ADC
:10B6F00002F0BAFC41EC100B51EC100B9FED060B65
:10B7000053EC102B02F0F0FC28B9FFE70F982E2124
:10B7100000F0E0FAFFE7A7E1000000000000F83FBA
:10B720000F98D0F82423019241F2E4715518515832
:10B730006B68D5F808C0D5F80CE02C696D69156206
:10B74000D461C2F818E0C2F814C01361D160D0F817
:10B75000240341F27971405C18BBFFE70F98D0F8E1
:10B76000240300F52A60F5F7D1FD90B9FFE743F611
:10B770007C70C2F200000188013101800088B0F5C0
:10B78000967F05D1FFE70F98112100F0A3FAFFE79C
:10B7900006E043F67C71C2F2000100200880FFE75A
:10B7A00023E00F98D0F8240300F52A60F6F734F868
:10B7B000032812D1FFE743F67C70C2F20000018833
:10B7C000013101800088B0F5967F05D1FFE70F9821
:10B7D000112100F07FFAFFE706E043F67C71C2F228
:10B7E000000100200880FFE7FFE73DE10F98D0F857
:10B7F0002423009241F2FC71551851586B68D5F81A
:10B8000008C0D5F80CE02C696D691562D461C2F8E6
:10B8100018E0C2F814C01361D160D0F8242341F2BB
:10B82000F8630021C4F2B011D150D0F8240390ED98
:10B83000040A90ED0F1A30EE410AF4F79FFDB1EEC5
:10B84000041AB4EE410AF1EE10FA7BDAFFE70F9822
:10B85000D0F8242341F61001515841F2F863D15039
:10B86000D0F8240341F27971405C90BBFFE70F9858
:10B87000D0F8240300F52A60F5F748FD90B9FFE7FA
:10B8800043F67C70C2F2000001880131018000881B
:10B89000B0F5967F05D1FFE70F98132100F01AFA53
:10B8A000FFE715E00F98D0F8240300F52A60F5F7BC
:10B8B0002DFD06280BD1FFE70F98122100F00AFAA0
:10B8C00043F67C71C2F2000100200880FFE7FFE729
:10B8D00037E00F98D0F8240300F52A60F5F79CFFB5
:10B8E000032811D1FFE743F67C70C2F20000018803
:10B8F000013101800088642805DBFFE70F981321E0
:10B9000000F0E8F9FFE706E043F67C71C2F20001BF
:10B9100000200880FFE70F98D0F8240300F52A6084
:10B92000F5F7B0FE03280BD1FFE70F98122100F0C6
:10B93000D1F943F67C71C2F2000100200880FFE7D4
:10B94000FFE7FFE790E00F98D0F8240341F2797108
:10B95000405C10BBFFE70F98D0F8240300F52A6085
:10B96000F5F7D4FC062812D1FFE70F98D0F824038E
:10B9700041F61001014491ED000AB9EE041A30EECF
:10B98000010A41F2F861084480ED000A04E00F98D2
:10B99000112100F09FF9FFE721E00F98D0F8240370
:10B9A00000F52A60F5F76EFE032812D1FFE70F9825
:10B9B000D0F8240341F61001014491ED000AB9EEDC
:10B9C000041A30EE010A41F2F861084480ED000AE1
:10B9D00004E00F98112100F07DF9FFE7FFE743E055
:10B9E00044F6FD50C2F20000007850B9FFE70F980E
:10B9F000D0F8241341F2F8620020C4F2A01088505D
:10BA0000FFE744F6FD50C2F200000078012809D19A
:10BA1000FFE70F98D0F8241341F2F8624FF082400C
:10BA20008850FFE70F98D0F8240341F2FC610844E6
:10BA300090ED000AB3EE011AB4EE410AF1EE10FAED
:10BA400011DDFFE70F98D0F8240300F52A60F5F721
:10BA500019FE032807D1FFE744F6FD51C2F20001A9
:10BA600001200870FFE7FFE712B0B0BD80B582B0DB
:10BA700001900198009000F07FF9009802B080BD1D
:10BA800080B584B003908DED020A03980190FEF713
:10BA90003FF801989DED021A30EE410A90ED471AE9
:10BAA00020EE010A80ED450A04B080BD80B586B065
:10BAB00005900598039090F8F4000146049140B178
:10BAC000FFE70498022840D0FFE70498032812D02B
:10BAD00053E0039890ED2C1A90ED420A80EE010A93
:10BAE000B0F8B81001EE101AB8EEC11A20EE010A33
:10BAF00080ED430A46E0039890ED440A00F03EFDD5
:10BB0000039890ED450A00F0E5FE039800F04AFD29
:10BB1000039800F0D7FE039981ED3F0A01F1500030
:10BB2000029091ED3F0A00F029FD0298039991EDF2
:10BB3000350A00F0CFFE029800F034FD029800F0C4
:10BB4000C1FE039880ED430A1CE0039901F1500007
:10BB5000019091ED3F0A00F011FD0198039991EDDC
:10BB6000350A00F0B7FE019800F01CFD019800F0C6
:10BB7000A9FE039880ED430A04E003990020C1F870
:10BB80000C01FFE70398FEF753F806B080BD0000F4
:10BB900080B582B0019001980090FEF761F800989E
:10BBA0000021C4F2A001C0F8181147F2BC41C3F64D
:10BBB0009341C0F81C1102B080BD000083B0029018
:10BBC0000191029800900198006846F20041C4F289
:10BBD0000001884207D1FFE7009940F21430C2F219
:10BBE0000000086010E00198006846F60001C4F209
:10BBF0000001884207D1FFE7009940F2E030C2F22D
:10BC000000000860FFE7FFE703B0704781B00090D5
:10BC100000980021C160016111220275417501B0D7
:10BC20007047000080B582B001900198009090EDBF
:10BC3000170A00F0A3FC009890ED180A00F04AFEE5
:10BC4000009800F0AFFC02B080BD000080B582B06B
:10BC500001900198009000F047FE00980021C16516
:10BC60004FF0814141664FF080418166C16602B06C
:10BC700080BD000081B00090009840F20111018069
:10BC800001B0704781B0009000984FF4817101803D
:10BC900001B0704781B00090009840F2031101801C
:10BCA00001B0704781B0009000984FF4827101801C
:10BCB00001B0704781B0009000984FF4807101800E
:10BCC00001B0704781B0009000984FF488710180F6
:10BCD00001B0704782B001908DF80310019991F87E
:10BCE0002123002001F8320091F8212301EBC20248
:10BCF00050609DF80320012001F832009DF80300F8
:10BD000081F8210302B0704781B00090009890F84C
:10BD1000210301B07047000084B003908DF80B1030
:10BD20008DF80A20039900919DF80B0081F82003FB
:10BD30009DF80A0081F8210300200190FFE7009997
:10BD4000019891F8201388420EDAFFE70099019AD2
:10BD5000002001F83200019A01EBC2014860FFE7C0
:10BD6000019801300190EAE700999DF80A2001202E
:10BD700001F8320004B0704781B0009000980021B3
:10BD800080F8211301B0704784B0039002918DF8C0
:10BD90000720ADF80430BDF8040002990968C96AAB
:10BDA000884206D9FFE702980068C06AADF804002F
:10BDB000FFE7BDF80400B0F1FF3F04DCFFE700201F
:10BDC000ADF80400FFE79DF80700014600910C283C
:10BDD00021D80099DFE801F0071F1F1F0D1F1F1F4B
:10BDE000131F1F1F1900BDF804000299096848635A
:10BDF00011E0BDF804000299096888630BE0BDF802
:10BE0000040002990968C86305E0BDF804000299BE
:10BE100009680864FFE704B07047000081B0009033
:10BE2000009890ED4C0A01B07047000084B0039078
:10BE3000029101920093009890ED004A90ED010A62
:10BE400090ED026A90ED035A26EE062AB6EE001A2D
:10BE500031EE422A25EE053A32EE432A029824EECC
:10BE6000057A20EE063A33EE477AD0ED000AD0ED9F
:10BE7000011A90ED023A27EE217A22EE202A32EEC4
:10BE8000072A24EE064A20EE050A30EE040A20EEC8
:10BE9000030A30EE020A30EE000A019880ED000A33
:10BEA000009890ED004A90ED016A90ED022A90ED25
:10BEB000035A24EE053A26EE020A30EE030A0298EF
:10BEC00026EE063A31EE433A25EE057A33EE477A0E
:10BED000D0ED000AD0ED011A90ED023A27EE217A5A
:10BEE00020EE200A30EE070A24EE064A22EE052A4A
:10BEF00032EE442A22EE032A30EE020A30EE000A25
:10BF0000019880ED010A009890ED002A90ED014A19
:10BF100090ED023A90ED030A22EE036A24EE005AF5
:10BF200035EE465A029822EE042A23EE000A30EE3D
:10BF3000020A90ED006A90ED017A90ED022A20EE5F
:10BF4000070A25EE065A30EE050A24EE044A31EEC1
:10BF5000441A23EE033A31EE431A21EE021A30EE70
:10BF6000010A30EE000A019880ED020A04B0704721
:10BF700084B00390029101920093009890ED004AE2
:10BF800090ED012A90ED026A90ED035A26EE060A22
:10BF9000B6EE001A31EE400A25EE053A30EE437A4D
:10BFA000029824EE053A22EE060A30EE030AD0ED9E
:10BFB000000AD0ED011A90ED023A20EE210A27EE98
:10BFC000207A30EE070A24EE064A22EE052A32EEE7
:10BFD000442A22EE032A30EE020A30EE000A0198CB
:10BFE00080ED000A009890ED004A90ED016A90ED16
:10BFF000020A90ED035A24EE053A26EE002A32EEAC
:10C00000432A029826EE063A31EE433A25EE057AA7
:10C0100033EE477AD0ED000AD0ED011A90ED023AE6
:10C0200027EE217A22EE202A32EE072A24EE064A53
:10C0300020EE050A30EE040A20EE030A30EE020A72
:10C0400030EE000A019880ED010A009890ED005A48
:10C0500090ED014A90ED023A90ED032A25EE036A35
:10C0600024EE020A30EE060A029825EE045A23EE68
:10C07000022A32EE455A90ED006A90ED017A90ED79
:10C08000022A25EE075A20EE060A30EE050A24EEB3
:10C09000044A31EE441A23EE033A31EE431A21EEFC
:10C0A000021A30EE010A30EE000A019880ED020A11
:10C0B00004B0704780B586B005900598029043F6AD
:10C0C0008072C2F2000211780131117000F57C70AB
:10C0D000F2F710F9029981EDFA0A91EDFA1A91ED51
:10C0E000FB0A30EE010A81EDFB0A01F1280001F59F
:10C0F0004671FBF7ABF90298D0F81813C0F8D010CE
:10C10000D0F81C13C0F8D410D0F82013C0F8D81001
:10C11000D0F82413C0F8C410D0F82813C0F8C81001
:10C12000D0F82C13C0F8CC1090ED310AD0ED320AC3
:10C1300090ED331AD0ED341A90ED352AD0ED362A31
:10C1400090EDFA3A00F59C70F3F718FD0298D0F8DC
:10C150008812D0F88C22D0F89032D0F894C2C0F86F
:10C16000C0C0C0F8BC30C0F8B820034643F8B41FC4
:10C17000039300F5647100F1F802FFF757FE02988F
:10C18000039B00F5677100F58272FFF74FFE02987E
:10C19000039B00F56A7100F58872FFF747FE02986D
:10C1A000039B00F5777144F60062C2F20002FFF7CC
:10C1B000DFFE00208DF81300FFE79DF81300022832
:10C1C0002CDCFFE702999DF8133001EB830044F665
:10C1D0000062C2F2000202EB830292ED002A90EDAF
:10C1E000340A90ED371A30EE420A91ED3D3A91ED66
:10C1F000FA2A20EE020A33EE022A80EE020A21EE2B
:10C20000031A81EE021A30EE010A80ED370AFFE7C9
:10C210009DF8130001308DF81300CEE7029800F16D
:10C22000B40300F1DC0100F1E802FFF7FFFD029822
:10C2300000F0C0F843F68070C2F2000000784BF6C0
:10C240005001C0F21E5145F62942CCF28F2200FB6C
:10C2500002104FEA7000884235D8FFE7029901F1D9
:10C260006000019091EDCD0A00F034FB01989FED44
:10C27000190A00F083F9019800F094F9019800F090
:10C2800021FBB5EE400AF1EE10FA11DBFFE7029850
:10C29000603000F017FB0298BDEEC00A10EE103AB5
:10C2A00044F6B031C2F200010022FFF76DFD09E053
:10C2B000029844F6B031C2F2000100231A46FFF79B
:10C2C00063FDFFE7FFE70299012081F8F80306B05C
:10C2D00080BD00BF0000484280B586B0059005993A
:10C2E000019101F1280001F5467244F61031C2F2C5
:10C2F0000001FCF76DF964200090E5F7F1FF01986B
:10C30000343044F2D851C2F20001FCF7F1FF00983A
:10C31000E5F7E6FF019800F56D71FCF74FFA01981B
:10C3200000F59C70B2EE040ADFED1C0ACDED020AA6
:10C330009FED1B1AF7EE001A9FED1A2A8DED032AC6
:10C34000F3F75CFA0198DDED024A9DED035A44F2E1
:10C350009631C3F60B41C0F8F41060309FED120A1D
:10C36000DFED120ADFED122A00210491B0EE451A2A
:10C37000F0EE451AB0EE622AB0EE453AF0EE453ADC
:10C38000B0EE454A00F064FA049944F6B030C2F2C7
:10C390000000EAF7E9F806B080BD00BF6F12833AEB
:10C3A0008096184B000000000000FA4400803B45D6
:10C3B0000000804F80B584B0039003980190D0F8BE
:10C3C000E012C0F82C11D0F8DC12C0F82811D0F817
:10C3D000D812C0F82411D0F8E412C0F8301190ED52
:10C3E000ED1A90EDEE2A90EDEF3A90EDF00A22EE84
:10C3F000033A21EE000A30EE030A30EE000A22EE84
:10C40000022A21EE011A31EE021A31EE011ABFEEB4
:10C41000002A8DED002A71EE020A01F043F801981E
:10C4200080EDF10A90EDED0A90EDEE1A90EDEF3A05
:10C4300090EDF02A20EE030A21EE021A30EE410AB6
:10C4400030EE000A00F098FF9DED002A019880ED83
:10C45000F20A90EDED1A90EDEE0A90EDEF4A90EDB4
:10C46000F03A24EE034A21EE000A30EE040A30EEE0
:10C47000000A23EE033A21EE011A31EE031A31EEDF
:10C48000011A71EE020A01F00DF8019880EDF30A2D
:10C4900000200290FFE70298022815DCFFE70198D0
:10C4A000029900EB810090EDF10A9FED081A20EE51
:10C4B000010A9FED071A80EE010A80EDF40AFFE7FA
:10C4C000029801300290E6E704B080BD00003443DA
:10C4D000DA0F494080B582B0019001980090FCF7D6
:10C4E0007DF900982830FCF75FF900983430FCF7AC
:10C4F00051FF0098603000F0F7F900984FF07E523D
:10C50000C0F890230021C0F89413C0F89813C0F825
:10C510009C13C0F8A023C0F8A413C0F8A813C0F857
:10C52000AC13C0F8B023C0F8B413C0F8B813C0F807
:10C53000BC13C0F8C013C0F8C413C0F8C813C0F8C7
:10C54000CC13C0F8D013C0F8D413C0F8D813C0F877
:10C55000DC13C0F8E0134FF2C352C4F21C12C0F84F
:10C56000E42380F8F41380F8F51380F8F61380F8CC
:10C57000F71380F8F81302B080BD000082B001907C
:10C580008DED000A01990098486402B070470000E0
:10C5900082B001908DED000A01990098C86402B044
:10C5A0007047000080B58AB0099009980190002179
:10C5B000089107910691059190ED110A90ED121ADC
:10C5C00030EE410A8DED040A9DED040AF3F7D6FE24
:10C5D00001988DED030A9DED030A90ED011AB4EE6A
:10C5E000410AF1EE10FA07DAFFE70199886C486416
:10C5F000002004900390FFE7019890ED080A9DED5C
:10C60000041A20EE010A8DED080A90ED0E0AB5EE2F
:10C61000400AF1EE10FA0DD1FFE7019890ED0F0AF4
:10C62000B5EE400AF1EE10FA04D1FFE74FF07E506C
:10C63000029044E001989DED030A90ED0E1AB4EECD
:10C64000410AF1EE10FA04DCFFE74FF07E50029051
:10C6500026E0019890ED0E0A9DED031AB4EE410A12
:10C66000F1EE10FA1BDAFFE701989DED030A90ED59
:10C670000F1AB4EE410AF1EE10FA10DAFFE7019852
:10C6800090ED0E2A90ED0F1A9DED030A31EE400A4F
:10C6900031EE421A80EE010A8DED020AFFE7FFE754
:10C6A00001989DED030A90ED0F1AB4EE410AF1EEE8
:10C6B00010FA03DBFFE700200290FFE7FFE7019895
:10C6C00090ED0C0AB5EE400AF1EE10FA10D0FFE73B
:10C6D000019901F14C0091ED092A91ED0C1AB1EE8E
:10C6E000410A80EE020AC1EE020AF1F729FEFFE7D5
:10C6F000019890ED100AB5EE400AF1EE10FA1AD149
:10C70000FFE701989DED020A90ED002A90ED131AC3
:10C7100020EE020A9DED042A20EE020A30EE010A04
:10C7200080ED130A90ED090A90ED131A20EE010A2C
:10C730008DED070A2AE001989DED030A90ED101A8D
:10C74000B4EE410AF1EE10FA1ADAFFE701989DED16
:10C75000020A90ED002A90ED131A20EE020A9DEDD8
:10C76000042A20EE020A30EE010A80ED130A90ED51
:10C77000090A90ED131A20EE010A8DED070A04E074
:10C7800001990020C8640790FFE7FFE70198007A4D
:10C7900090B9FFE7019890ED001A90ED063A90ED00
:10C7A0000A0A9DED042A32EE432A20EE020A80EEA8
:10C7B000010A8DED060A11E0019890ED001A90ED46
:10C7C000053A90ED072A90ED0A0A32EE432A20EE50
:10C7D000020A80EE010A8DED060AFFE7019890ED4E
:10C7E000042A90ED0B1A90ED110A30EE420A20EE69
:10C7F000010A8DED050A9DED080A9DED071A30EE40
:10C80000010A9DED061A30EE010A9DED051A30EE83
:10C81000010A80ED070A90ED0D0AB5EE400AF1EE2F
:10C8200010FA0AD0FFE7019901F11C00D1ED0D0AC1
:10C83000B1EE600AF1F784FDFFE70199886CC860EA
:10C84000486C0861C8694861049888610AB080BD75
:10C850008EB002AA0092024600980D9280ED0A0A5C
:10C86000C0ED090A80ED081AC0ED071A80ED062A0E
:10C87000C0ED052A80ED043AC0ED033A80ED024A8E
:10C88000C0ED014A80ED005A8DF807100D990C9803
:10C8900008620B9848620A9888620998C8620898EA
:10C8A00008630798486303980860029848600698F0
:10C8B00088630598C863049808649DF807000872A7
:10C8C0000EB0704781B00090009890ED070A01B05B
:10C8D0007047000082B001908DED000A0199009828
:10C8E000886402B07047000081B000900098002179
:10C8F000C160016141618161C16101624162816226
:10C90000C162016341638163C16301644164816405
:10C91000C16401B07047000081B08DED000A9DED4B
:10C92000000AB0EEC00A01B07047000081B08DF877
:10C9300003009DF9030000280ED4FFE79DF90310C2
:10C9400001F01F02012090404A094EF20011CEF280
:10C95000000141F82200FFE701B070474EF60C508D
:10C96000CEF200000068C0F30220704782B08DF85C
:10C97000070000919DF9070000280AD4FFE70098FE
:10C9800000019DF907104EF20042CEF200028854D9
:10C990000BE0009800019DF8071001F00F014EF622
:10C9A0001452CEF200028854FFE702B07047000034
:10C9B00083B00290029800F0070000904EF60C51F0
:10C9C000CEF200010868019001984FF6FF02104076
:10C9D00001900198009A40EA02200022C0F2FA5227
:10C9E000104301900198086003B0704780B582B091
:10C9F00043F6B861C2F200010191002008609FED8A
:10CA00000B0ADFED0B0ACDED000A00F04BFDDDED6A
:10CA1000000A019880ED010A9FED060A00F042FD30
:10CA2000019880ED020A02B080BD00BF583934BEC3
:10CA30000BEFF2BD5839343E41F20400CEF2000053
:10CA4000006843F69471C2F200010860704700006C
:10CA500080B540F2FC40C2F20000F5F76FFC80BDEB
:10CA600080B582B043F6C461C2F20001019100209A
:10CA700008609FED0B0ADFED0B0ACDED000A00F018
:10CA800011FDDDED000A019880ED010A9FED060A17
:10CA900000F008FD019880ED020A02B080BD00BFE1
:10CAA000583934BE0BEFF2BD5839343E80B582B0F0
:10CAB00043F6D061C2F200010191002008609FEDB1
:10CAC0000B0ADFED0B0ACDED000A00F0EBFCDDED0B
:10CAD000000A019880ED010A9FED060A00F0E2FCD1
:10CAE000019880ED020A02B080BD00BF583934BE03
:10CAF0000BEFF2BD5839343E80B582B043F6DC61AD
:10CB0000C2F200010191002008609FED0B0ADFEDE9
:10CB10000B0ACDED000A00F0C5FCDDED000A01981E
:10CB200080ED010A9FED060A00F0BCFC019880ED43
:10CB3000020A02B080BD00BF583934BE0BEFF2BD0F
:10CB40005839343E80B582B043F6E861C2F2000144
:10CB50000191002008609FED0B0ADFED0B0ACDED7F
:10CB6000000A00F09FFCDDED000A019880ED010A4B
:10CB70009FED060A00F096FC019880ED020A02B0D3
:10CB800080BD00BF583934BE0BEFF2BD5839343E7A
:10CB900080B540F25070C2F20000FAF78BF980BD08
:10CBA000B0B5B0F800C00B889C4553D145884B8880
:10CBB0009D424FD113889C454CD153889D4249D109
:10CBC00043684968506805FB0CFC0022B2EB9C0FDF
:10CBD00030D04FEA9C0200BF93ED000A91ED001A9D
:10CBE00003F1100E30EE010A80ED000A93ED010A08
:10CBF00091ED011A01F1100430EE010A80ED010AF5
:10CC000093ED020A91ED021A00F1100530EE010ACF
:10CC100080ED020A93ED030A91ED031A013A30EE1A
:10CC2000010A80ED030A734628462146D4D12146E5
:10CC3000284673461CF003020AD000BFB3EC010A79
:10CC4000B1EC011A013A30EE010AA0EC010AF5D16B
:10CC5000002000E0FD2040B2B0BD01804280436072
:10CC6000704700002DE9F04F81B02DED028B8EB0A2
:10CC7000B0F800C0B0F802A0D44540F03A810B886B
:10CC8000FD229C4540F036814F88BB4240F0328106
:10CC900040689FEDB08ABCF1000F009000F0318138
:10CCA0004C686FF0030000EB8C09002700266546F6
:10CCB000CDF828C0204609940A98401B08D0B1003E
:10CCC0002046E3F74DFC3846013004F10404FBD361
:10CCD00004F1040BB5F101084FF07E50206012D032
:10CCE000A9EB86015846E3F73BFC01205C4600BFF8
:10CCF0000130854204F10404FAD10136013FB8F154
:10CD0000000F4546D8D1DDF828C0BCF1000F00F077
:10CD1000F8804FEACA00043002900998009900EBAD
:10CD20008A00C0F10009042000EB8A00ACF1010880
:10CD300001EB8A054FEA8A03019001F1040B4FF0E1
:10CD4000000E0F46564600200A460490039300BF8B
:10CD50000EFB0AF002EB800191ED000A0C9109999B
:10CD6000B5EE400AF1EE10FA01EB80000D90CDF81F
:10CD70002080CDE906950B922ED10EF10100604581
:10CD80000DD20020414600BF2A1892ED000AB5EEF0
:10CD9000400AF1EE10FA06D101391844F4D1049892
:10CDA000012817D0D4E0A0EB0900002157F821306A
:10CDB000146842F8043B47F8214001318E42F5D116
:10CDC0000D9A51461368046840F8043B013942F853
:10CDD000044BF7D1012004900C99AAEB0E0991EDB8
:10CDE000008AB9F1010F4FF07E5008600DD001208C
:10CDF000594600BF91ED000A013080EE080A8642D4
:10CE000081ED000A01F10401F4D10D995046CDF8ED
:10CE100014B000BF91ED000A013880EE080AA1ECC1
:10CE2000010AF7D1DDF82C800998A9F1010B002245
:10CE3000654600BF724505D108EB890300EB8A0007
:10CE400036E000BF0C9998ED008A91ED000ABBF125
:10CE5000000F28EE000A38EE400A88ED000A17D0CD
:10CE60000123042107EB010C08EB01049CED000AEF
:10CE700094ED001A28EE000A013331EE400A9E427A
:10CE800001F1040184ED000AECD108EB010301E09B
:10CE900008F104030D9C5146B4EC011A90ED000A10
:10CEA00028EE011A30EE410AA0EC010A0139F3D153
:10CEB00003EB8E08013D02F10102BBD1079D0298F0
:10CEC0000B9ADDF820800544039BDDF8189001984B
:10CED000DDF814B0DDF828C00432013E0EF1010E79
:10CEE000A8F10108A9EB0309074483447FF430AF9C
:10CEF00009E0FD2250B20EB0BDEC028B01B0BDE8DE
:10CF0000F08F00200490B5EE408AF1EE10FA4FF059
:10CF10000002EFD104980128ECD00AFB0CF14FF08D
:10CF200000004FF0000271B1009B00BF93ED000ABA
:10CF3000B5EE400AF1EE10FA05D10132914203F14B
:10CF40000403F3D10A468A4208BF6FF00400D2E717
:10CF5000FB22CFE7000000002DE9F04F85B04788A5
:10CF60000B889F4240F08480B0F800B013889B4546
:10CF700040F07E80B1F802E053889E4578D1D0F829
:10CF80000480506849680190BC0827F0030008EB52
:10CF9000800604FB0EF09FED390A07F0030C0291A6
:10CFA00001EB00104FEA8E0200210090CDE903E76B
:10CFB0000198DDF808A0009B00EB8109B0EE401A53
:10CFC0005746404674B3554627464046B0EE401A91
:10CFD00095ED002A90ED003A154490ED014A23EEBC
:10CFE000022A95ED003A154490ED025A31EE021AEC
:10CFF00024EE032A95ED003A154490ED036A31EED4
:10D00000021A25EE032A95ED003A31EE021A26EEB9
:10D01000032A31EE021A013F00F110001544D7D166
:10D020001F463046BCF1000F0CD0654690ED002A3B
:10D0300097ED003A043022EE032A31EE021A013D48
:10D040001744F3D1A9EC011ABEF1010E0AF1040A4A
:10D0500003F10403B2D1DDF80CE0049F714408EB46
:10D060008708BBF1010B06EB8706A1D1002000E089
:10D07000FD2040B205B0BDE8F08F00BF0000000009
:10D08000B0B5B0F800C00B889C4553D145884B889B
:10D090009D424FD113889C454CD153889D4249D124
:10D0A00043684968506805FB0CFC0022B2EB9C0FFA
:10D0B00030D04FEA9C0200BF93ED000A91ED001AB8
:10D0C00003F1100E30EE410A80ED000A93ED010AE3
:10D0D00091ED011A01F1100430EE410A80ED010AD0
:10D0E00093ED020A91ED021A00F1100530EE410AAB
:10D0F00080ED020A93ED030A91ED031A013A30EE36
:10D10000410A80ED030A734628462146D4D12146C0
:10D11000284673461CF003020AD000BFB3EC010A94
:10D12000B1EC011A013A30EE410AA0EC010AF5D146
:10D13000002000E0FD2040B2B0BD00002DE9F04F1E
:10D14000B0F800A04A88924545D142880B889A429F
:10D1500041D1D1F804C046684FEA920802F00309B1
:10D160004FEA0A1E4FEA8A014FF0000B624600BFE9
:10D17000B8F1000F1AD01546474600BF336828465D
:10D180002B6073680D444350B3686C186B50F5689E
:10D1900006F1100366186550013F06EB01051E46B7
:10D1A000ECD100EB0E071E4602E000BF0CEB8B0734
:10D1B000B9F1000F06D0484656F8043B01383B60F1
:10D1C0000F44F9D10BF1010BBAF1010A02F104028B
:10D1D000CED1002000E0FD2040B2BDE8F08F00007D
:10D1E00080B582B000200190E6F722F8ECF7AEF9A6
:10D1F000EBF72AF8EAF7B8FFEAF78EFFEBF746FA03
:10D20000EAF762FFEBF7C8FBEBF7ECFBEBF766F92D
:10D21000EBF788F9EBF7B0F9EBF77AFAEBF7BAFA34
:10D22000EBF700FCEBF798FBEBF7EEF9EBF7F4FA12
:10D23000ECF7AEFEFFE7FEE74100080218BF04204E
:10D240000A0E18BF40F001004FF07F4232EA0101A0
:10D2500008BF40F00200012808BF05207047000009
:10D2600010B510EE104A4FF01A402DED028B00EB76
:10D270004400B0F1C85F4AD84FF0FC40B0EB440F17
:10D2800022D2B0EEC00AF7EE000A30EEC00AF6EE87
:10D29000000A20EE208A18EE100A00F08DFA00EE47
:10D2A000100A14F0004F1DBF9FED281ADFED280A69
:10D2B000B1EE400A9FED271A08BFF0EE410AF8EEE2
:10D2C000001A20EE210A05E020EE008A9FED221AC6
:10D2D000DFED220ADFED221A9FED222A70EEC00A4E
:10D2E00020EE080A08EE212ADFED1F1A48EE021A86
:10D2F0009FED1E2A08EE212ADFED1D1A48EE021AC4
:10D30000BDEC028B40EE610A30EE810A10BD4FF099
:10D31000CC40B0EB440F82BF9FED160ABDEC028BF0
:10D3200010BD4FF07F40B0EB440F05D2BDEC028B37
:10D33000BDE8104000F029BA0120E3F7CEF9BDECBA
:10D34000028BBDE8104000F027BA00000000494001
:10D3500022AA7D3A000000000000C93F22AAFD3940
:10D3600024FE1C3DC78AD83C1E67383D1B93993D5F
:10D37000AFAA2A3EDB0FC93F10B54FF00E402DED8E
:10D38000028BB0EE408A18EE104A00EB4400B0F178
:10D39000506F4AD84FF0FC40B0EB440F22D2B0EEB1
:10D3A000C80AF7EE000A30EEC00AF6EE000A60EE98
:10D3B000208A18EE900A00F0FFF901EE100A14F02E
:10D3C000004F1DBFDFED2D0A9FED2D0AB1EE411A72
:10D3D000DFED2C0A08BF9FED2C0AF8EE001A21EEB3
:10D3E000218A05E0DFED290A68EE088AB0EE600ABE
:10D3F0009FED271ADFED271A30EE080A48EE811A52
:10D400009FED251A08EEA11ADFED241A48EE811AC5
:10D410009FED231A08EEA11A68EE281ABDEC028BC4
:10D4200001EE810A30EE200A10BD4FF0E440B0EB6F
:10D43000440F0CD918EE100AFFF7FEFE042808BFAF
:10D4400000F0B2F9B0EE480ABDEC028B10BD4FF00F
:10D450007F40B0EB440F07D2B0EE480ABDEC028B20
:10D46000BDE8104000F091B90120E3F736F9BDECBA
:10D47000028BBDE8104000F08FB900000000C9BF6A
:10D4800022AAFDB90000C93F22AAFD390000000010
:10D4900024FE1C3DC78AD83C1E67383D1B93993D2E
:10D4A000AFAA2A3E70B54FF068422DED048BF0EE26
:10D4B000408A18EE900AB0EE608A18EE101A02EB5D
:10D4C0004003B3F1654F3CBF02EB4102B2F1654F3F
:10D4D0007DD200BFC0F3C753C1F3C7529A1A1B2AAB
:10D4E00009DD10F0004F14BF9FED830A9FED830A02
:10D4F000BDEC048B70BD12F11A0F36DA11F0004F3B
:10D5000009D010F0004F0CBF9FED7D0A9FED7D0A02
:10D51000BDEC048B70BD88EE889A19EE100AFFF7F7
:10D520008BFE042808BF00F03FF918EE900AFFF7C1
:10D5300083FE054618EE100AFFF77EFE044619EE3C
:10D54000100AFFF779FE042D18BF052D08D1042C11
:10D5500018BF052C04D1002804BF0220E3F7BDF852
:10D56000B0EE490ABDEC048B70BD4200B2EB410F36
:10D570003AD910F0004F19BFDFED630A9FED630A3F
:10D58000DFED630A9FED630AB0EE481A0A46B1EE7A
:10D59000688A80F00041F0EE418A10460A1A520073
:10D5A000B2F1807F34D2484010F0004FDFED5A1ABC
:10D5B0009FED5A2A1DBFBEEE001A70EEE10A30EE52
:10D5C000420AB6EE001A08BF70EEA10A00E040E081
:10D5D00008BF30EE020AB0EE682A01EE482A08EED3
:10D5E000818AC2EE081A15E011F0004F04BF9FEDCA
:10D5F0004C0AF0EE400AD1D010F0004F19BFDFED19
:10D60000490A9FED490ADFED490A9FED490AC5E73E
:10D61000C8EE881A21EEA11A9FED462ADFED462AB0
:10D6200041EE022A9FED452A01EE222ADFED442A2F
:10D6300041EE022A9FED432ABDEC048B01EE222A23
:10D6400021EE811A01EE020A30EE210A30EE200AA4
:10D6500070BD4FF07F42B2EB400F28BFB2EB410FDD
:10D6600009D2F0EE480AB0EE680ABDEC048BBDE8C2
:10D67000704000F08DB840EA01035B0008BF41F044
:10D68000FF410BD0B2EB400F08BFB2EB410F08D106
:10D6900020F0804008EE900A21F0804108EE101A38
:10D6A00018E7B2EB400F12BF5FEA410340F0FF40C2
:10D6B00001F000413FF40EAFB2EB410F12BF5FEA41
:10D6C000400200F0004041F0FF413FF403AF4A0048
:10D6D00092EA40033FF5FEAE002AACBF9FED1A0A66
:10D6E0009FED1A0A68EE808A28EE008A18EE900AEA
:10D6F00018EE101AEEE60000DB0FC9BFDB0FC93FC2
:10D70000DB0F4940DB0F49C00000C9BF22AAFDB9A9
:10D710000000C93F22AAFD390060ED3EC30ACE37A2
:10D7200000000000000049C022AA7DBA0000494064
:10D7300022AA7D3A2DAD65BD8FB8D53D0FB511BE7E
:10D7400061C84C3EA8AAAABE0000804F0000802FEE
:10D7500010B52DED028BB1EEC08A18EE100A20F044
:10D760000040C0F1FF40C00F0AD010EE100A20F0B8
:10D770000040C0F1FF40C00F04BF0120E2F7ADFF41
:10D78000B0EE480ABDEC028B10BD30EE000A7047C7
:10D7900030EE200A70470000DFED020A80EEA00A9A
:10D7A00070470000000000009FED020A20EE000A12
:10D7B000704700000000001010B500EE100A2DEDBB
:10D7C000028BB1EEC08A18EE100A20F00040C0F1C2
:10D7D000FF40C00F0AD010EE100A20F00040C0F148
:10D7E000FF40C00F04BF0120E2F777FF18EE100AD8
:10D7F000BDEC028B10BD000021F0004201F000439F
:10D80000A2F16052B2F5801F28BFD2F17F6C0BD914
:10D810005FEA001C43EAC20242EB507018BF704737
:10D8200028BF20F001007047B2F5801FBCBF18462A
:10D8300070474FEA410C1CF5001F02D2084600F069
:10D84000BBBC70B500F0CEFA00000089FFF7F6BF50
:10D850004FF00040A0F580007047000010B591EA3D
:10D86000030F48BF83F0004300F11883841A71EB63
:10D87000030C05D2121943EB0C03001B61EB0C01E6
:10D880004FEA1154A4EB135CDFF81CE11EEA430FCE
:10D8900018BF9EEA445F00F0748021EA045123EA35
:10D8A0000E0343F48013DCF1200E32D322FA0CFE77
:10D8B00010EB0E0023FA0CFE41EB0E01CCF1200E12
:10D8C00003FA0EFE10EB0E00CCF1200E51F1000118
:10D8D000B1F5801F32D201EB045112FA0EF2BDE80D
:10D8E000104058BF7047401C38BF5FEA420218BF63
:10D8F0007047002814BF20F0010041F100014FEAF9
:10D90000410313F5001F38BF7047A1F1C04100F07B
:10D91000B7BA012A43EB0302ACF1200CDCF11F0E75
:10D9200032BF4FF0000E23FA0CF310EB030041EB73
:10D930000451B4EB115FD0D0A1EB045101F580117B
:10D94000490801EB04515FEA30000ED350F10000AA
:10D9500038BF12FA0EFE08D1BDE81040C9E7401CDE
:10D9600038BF5FEA4202CAD1C3E7BDE810404FEAC0
:10D97000410313F5001F38BF7047A1F1C04100F00B
:10D980007FBA9EEA445F08D011EA5E0FBDE81040FE
:10D9900004BF01F0004100207047BDE8104070B5A1
:10D9A00000F020FA64FBBE3E0000E0FF491058BFC3
:10D9B000C1F140415B1058BFC3F140438B42EFF3CC
:10D9C000008070472DE9C04130B4DFF8A8C23CEABE
:10D9D000111418BF3CEA131400F0F0801CEA111473
:10D9E00081EA030544EAD57418BF1CEA131500F058
:10D9F000CB80A4EB050404F17F7404F500344FF0F0
:10DA0000004545EAC12145EAC32341EA505143EAB2
:10DA100052534FEAC0204FEAC222994208BF9042B7
:10DA200000F0A0804FEA13650FF24816765D4FEACA
:10DA3000134506FB05F7C7F1807706FB07F74FEAAA
:10DA4000D737A7FB03687642A7FB06CEC8F5803818
:10DA500038BFA8F1010807FB08E6A6FB028C4FF0CF
:10DA6000000EE6FB03CED8F100086FEA0C0C5CF167
:10DA7000000C6FEA0E0E4EF1004EA6FB0C584FF054
:10DA80000007E6FB0E87A1FB08C6A0FB07CE16EB3E
:10DA90000E064FF0000545F10005E1FB076515F1A5
:10DAA000E04E7EBFA4F580345FEA46066D4116F174
:10DAB000800745F100054FEA172747EA05674FEA57
:10DAC00015254FEA0666A6F1DE46B6F1805F20D93D
:10DAD000384605EBC47124F0010C01EB0C11BCF1CC
:10DAE000FE6F02D8F0BCBDE8008124425CBF01F5A6
:10DAF000801E9EEAC47F02D4F0BCBDE800812442AF
:10DB000000F13980A1F1C041F0BCBDE8004100F056
:10DB1000B7B94FEAD02040EA41504FEAD1214FEA4D
:10DB2000D22242EA43524FEAD323A7FB028607FBE5
:10DB3000036605FB02661EEA0E0F58BFA6EB0056F1
:10DB4000B6EB00564FEA520E4EEAC37E18EB0E0EAD
:10DB500056EB530EBCD518EB02085E417F1C55F105
:10DB60000005B5E74FF480154FF000074FF00006B1
:10DB70004FF00008ACE701F1C04101F000414FF067
:10DB80000000F0BCBDE800810CEA131511EA0C1F7F
:10DB900000D00CE013EA0C1F00F025804FF00000CD
:10DBA00081EA030101F00041F0BCBDE80081F0BC56
:10DBB000BDE8004181EA030100F062B9F0BCBDE8B4
:10DBC000004170B500F00EF9097EFC3E00F007B888
:10DBD0004FF0000081EA030101F00041704781EA43
:10DBE000030100F04DB9F0BCBDE8004122494FF0FF
:10DBF00000007047FFFDFBF9F7F5F4F2F0EEEDEBF6
:10DC0000E9E8E6E4E3E1E0DEDDDBDAD8D7D5D4D33A
:10DC1000D1D0CFCDCCCBCAC8C7C6C5C4C2C1C0BF86
:10DC2000BEBDBCBBBAB9B8B7B6B5B4B3B2B1B0AF8C
:10DC3000AEADACABAAA9A8A8A7A6A5A4A3A3A2A170
:10DC4000A09F9F9E9D9C9C9B9A999998979796952B
:10DC500095949393929191908F8F8E8E8D8C8C8BC7
:10DC60008B8A89898888878786858584848383824F
:10DC7000828181800000FF070000F87F51EA030CD9
:10DC800017D41CF5801F58BFBCF5801F00F106801B
:10DC9000994218BF704708BF9042704707D711F5E7
:10DCA000801F58BF13F5801F19D4994270478942CD
:10DCB00070471CF5801F08D5BCF5801FF7D58B4237
:10DCC00018BF704708BF824270474FF4001C1CEB1E
:10DCD000410F38BF1CEB430F01D28B42704770B528
:10DCE00000F080F8922449004FF000514FF080532B
:10DCF000FFF75CBE51EA030C17D41CF5801F58BF18
:10DD0000BCF5801F00F10680994218BF704708BF1C
:10DD10009042704707D711F5801F58BF13F5801F39
:10DD200019D499427047894270471CF5801F08D565
:10DD3000BCF5801FF7D58B4218BF704708BF8242E1
:10DD400070474FF4001C1CEB410F38BF1CEB430F16
:10DD500001D28B42704770B500F044F8922449001C
:10DD60004FF080514FF00053FFF720BE51EA030CF3
:10DD700017D41CF5801F58BFBCF5801F00F106802A
:10DD8000994218BF704708BF9042704707D711F5F6
:10DD9000801F58BF13F5801F19D4994270478942DC
:10DDA00070471CF5801F08D5BCF5801FF7D58B4246
:10DDB00018BF704708BF824270474FF4001C1CEB2D
:10DDC000410F38BF1CEB430F01D28B42704770B537
:10DDD00000F008F8922449004FF000514FF08053B2
:10DDE000FFF7E4BD0EF1020E2EF0030E5EF8046B99
:10DDF000364205D4012A43EB030515F5001F12D85E
:10DE0000012841EB010C1CF5001F0CD80ED14FEA84
:10DE1000D17C0CEB4C0C0CF1020C15F5001F08BF6B
:10DE20004CEBD37C04E04FF0080C01E04FEAD37CCC
:10DE30000CEB4C0526FA05F606F00706B6F1040CC5
:10DE400006D20EEB860CBDE870404CF0010C60472A
:10DE5000DFE80CF0090B02024FF00041A1F50021B0
:10DE60004FF0000070BD19461046012851EB010427
:10DE700018BFD4F5001484BF002001F0004170BD2C
:10DE80000808A0F500114FEA3101704710B591EA7A
:10DE9000030F48BF83F000433FF5E8AC841A71EBF1
:10DEA000030C07D28CF0004C121943EB0C03001B3F
:10DEB00061EB0C014FEA1154A4EB135CDFF8A4E111
:10DEC0001EEA430F18BF9EEA445F00F0B48021EAC7
:10DED000045123EA6E035242C3EB6E0338BF5B1E4C
:10DEE000DCF1200E25D322FA0CFE10EB0E0043FAD3
:10DEF0000CFE41EB0E01CCF1200E03FA0EFE10EBEE
:10DF00000E00CCF1200E51F1000129D401EB045197
:10DF100012FA0EF2BDE8104058BF7047401C1CBFFB
:10DF2000B2F1004F704700280CBF491C20F00100DF
:10DF3000704712EB020E43EB030218BF4FF0010EC5
:10DF40004EEA4202ACF1200CDCF11E0E56D943FA27
:10DF50000CFE10EB0E00CCF11E0E51F1FF31D5D5A9
:10DF60000EF1010E12FA0EFE404141EB010101EBF0
:10DF7000445C5FEA5C5C10D901EB045110EBDE708D
:10DF800038BFBEF1004FBDE8104018BF70470028F1
:10DF90000CBF491C20F00100704734D24FEAD42C4A
:10DFA00024F4006411F500111BD0B1FA81F20B3A90
:10DFB000A41AA41ED2F12003914030FA03F31943AE
:10DFC000904001EBCC7101EB0451002CBDE81040F6
:10DFD000A8BF704701F1C04101F000414FF00000BF
:10DFE0007047B0FA80F310FA03F102D1BDE8104097
:10DFF0007047E41A173C4805C90AE2E701EB0451EF
:10E00000BDE81040704749104FEA300001EB045161
:10E01000BDE8104002E04FF0000170474A0008BF21
:10E020000042F8D0B2F5001F28BF704701F0004150
:10E030004FF0000070479EEA445F07D011EA5E0F80
:10E04000BDE8104004BF002100207047BDE810402B
:10E0500070B5FFF7C7FE00BF40DFF63E104683F005
:10E06000004170470000E0FF43004FEAD30C4FEA45
:10E070003C0C43401FBF40070CF1605113F0FE4FB2
:10E0800070471CF0006F03D10CF000410020704776
:10E090000CF0004343EA507040EACC0010B500F0A9
:10E0A00038F800BF000000924FEA0001FFF7E8BE19
:10E0B0004FF00041A1F500214FF00000704710B56E
:10E0C000FFF7DCFD0CBF0120002010BD10B5FFF7ED
:10E0D000D5FD14BF0120002010BD10B5FFF70AFECA
:10E0E0008CBF0120002010BD10B5FFF703FE2CBF30
:10E0F0000120002010BD10B5FFF738FE94BF0120AD
:10E10000002010BD10B5FFF731FE34BF0120002004
:10E1100010BD0EF1020E2EF0030E5EF8044B2442E9
:10E1200004D44FEA4102B2F17F4F11D84FEA4003C5
:10E13000B3F17F4F0CD80ED14FEAD07C0CEB4C0CD6
:10E140000CF1020CB2F17F4F08BF4CEBD17C04E024
:10E150004FF0080C01E04FEAD17C0CEB4C0324FAA1
:10E1600003F404F00704B4F1040C06D20EEB840CA3
:10E17000BDE810404CF0010C6047DFE80CF00708E8
:10E1800002024FF00040A0F5800010BD084642009A
:10E1900018BFD2F1807288BF00F0004010BDF1EED0
:10E1A000100A4FF6FF71C0F2C03120EA010040F0C2
:10E1B0004070E1EE100A7047FF2141EAD050C005DF
:10E1C0007047000000000000000000000000000098
:10E1D0000000000000000000000000000000B44249
:10E1E0000000F042000016430000000000000000A4
:10E1F0000000A0400000C8420000074300000D439B
:10E200000000B442000000000000A0410000DC4219
:10E210000000000000008C42000000000000000030
:10E220000000A0400000DC420000000000008C4222
:10E2300000000000000000000000A0410000B44207
:10E240000000F04200001643000000000000000043
:10E250000000A0400000F042000034420000E6420E
:10E26000000000000000B4420000A0400000F042A6
:10E27000000034420000E642000000000000DC42E2
:10E280000000A0400000F042000000000000344305
:10E29000000000000000B4420000000000007042D6
:10E2A0000000524300000000000000000000B442E3
:10E2B000000000000000B4C29AD933C39A99F3C297
:10E2C0000000B4C2666622C2A470B64200000743D2
:10E2D0008FC2DB420000B4427F8A4F43000000003F
:10E2E000000000000000000000000000000000002E
:10E2F0000000000000000000000000000102030414
:10E3000006070809000000000102030400061016B9
:10E31000000610160000891112239B322446AD57C7
:10E320003665BF74488CC19D5AAFD3BE6CCAE5DB5D
:10E330007EE9F7F88110080193331A22A5562C477D
:10E34000B7753E64C99C408DDBBF52AEEDDA64CB3D
:10E35000FFF976E802218B30100299132667AF7619
:10E360003444BD554AADC3BC588ED19F6EEBE7FA1D
:10E370007CC8F5D983310A2091121803A7772E663D
:10E38000B5543C45CBBD42ACD99E508FEFFB66EAFD
:10E39000FDD874C904428D5316619F702004A915DD
:10E3A0003227BB364CCEC5DF5EEDD7FC6888E199DD
:10E3B0007AABF3BA85520C4397711E60A1142805FD
:10E3C000B3373A26CDDE44CFDFFD56ECE9986089BD
:10E3D000FBBB72AA06638F7214409D512225AB3499
:10E3E0003006B9174EEFC7FE5CCCD5DD6AA9E3B89D
:10E3F000788AF19B87730E6295501C41A3352A24BD
:10E40000B1163807CFFF46EEDDDC54CDEBB962A87C
:10E41000F99A708B088481951AA793B62CC2A5D35C
:10E420003EE1B7F04008C919522BDB3A644EED5F6C
:10E43000766DFF7C899400859BB712A6ADD224C36C
:10E44000BFF136E0C1184809D33B5A2AE55E6C4F4C
:10E45000F77D7E6C0AA583B4188691972EE3A7F208
:10E460003CC0B5D14229CB38500AD91B666FEF7E2C
:10E47000744CFD5D8BB502A499961087AFF326E22C
:10E48000BDD034C1C3394A28D11A580BE77F6E6E0C
:10E49000F55C7C4D0CC685D71EE597F42880A191CC
:10E4A0003AA3B3B2444ACD5B5669DF78600CE91DEC
:10E4B000722FFB3E8DD604C79FF516E4A9902081EC
:10E4C000BBB332A2C55A4C4BD7795E68E11C680DCC
:10E4D000F33F7A2E0EE787F61CC495D52AA1A3B088
:10E4E0003882B193466BCF7A5448DD59622DEB3CAC
:10E4F000700EF91F8FF706E69DD414C5ABB122A0AC
:10E50000B9923083C77B4E6AD5585C49E33D6A2C8B
:10E51000F11E780F0000891112239B322446AD575B
:10E520003665BF74488CC19D5AAFD3BE6CCAE5DB5B
:10E530007EE9F7F88110080193331A22A5562C477B
:10E54000B7753E64C99C408DDBBF52AEEDDA64CB3B
:10E55000FFF976E802218B30100299132667AF7617
:10E560003444BD554AADC3BC588ED19F6EEBE7FA1B
:10E570007CC8F5D983310A2091121803A7772E663B
:10E58000B5543C45CBBD42ACD99E508FEFFB66EAFB
:10E59000FDD874C904428D5316619F702004A915DB
:10E5A0003227BB364CCEC5DF5EEDD7FC6888E199DB
:10E5B0007AABF3BA85520C4397711E60A1142805FB
:10E5C000B3373A26CDDE44CFDFFD56ECE9986089BB
:10E5D000FBBB72AA06638F7214409D512225AB3497
:10E5E0003006B9174EEFC7FE5CCCD5DD6AA9E3B89B
:10E5F000788AF19B87730E6295501C41A3352A24BB
:10E60000B1163807CFFF46EEDDDC54CDEBB962A87A
:10E61000F99A708B088481951AA793B62CC2A5D35A
:10E620003EE1B7F04008C919522BDB3A644EED5F6A
:10E63000766DFF7C899400859BB712A6ADD224C36A
:10E64000BFF136E0C1184809D33B5A2AE55E6C4F4A
:10E65000F77D7E6C0AA583B4188691972EE3A7F206
:10E660003CC0B5D14229CB38500AD91B666FEF7E2A
:10E67000744CFD5D8BB502A499961087AFF326E22A
:10E68000BDD034C1C3394A28D11A580BE77F6E6E0A
:10E69000F55C7C4D0CC685D71EE597F42880A191CA
:10E6A0003AA3B3B2444ACD5B5669DF78600CE91DEA
:10E6B000722FFB3E8DD604C79FF516E4A9902081EA
:10E6C000BBB332A2C55A4C4BD7795E68E11C680DCA
:10E6D000F33F7A2E0EE787F61CC495D52AA1A3B086
:10E6E0003882B193466BCF7A5448DD59622DEB3CAA
:10E6F000700EF91F8FF706E69DD414C5ABB122A0AA
:10E70000B9923083C77B4E6AD5585C49E33D6A2C89
:10E71000F11E780F0000803F0000000000000000A4
:10E7200000000000000000000000000000000000E9
:10E730000000803F0000000000000000000000001A
:10E740000000000000000000000000000000803F0A
:10E7500000000000000000000000000000000000B9
:10E7600000000000000000000000803F00000000EA
:10E770000000000000000000000000000000000099
:10E78000000000000000803F0000000000000000CA
:10E790000000000000000000000000000000000079
:10E7A0000000803F005EBCE2613FDD83C29C7E20B2
:10E7B000A3FD1F419DC3217FFCA2401E5F01E3BD5D
:10E7C0003E6082DC237D9FC1421CFEA0E1BF5D0351
:10E7D00080DE3C62BEE0025CDF81633D7C22C09E45
:10E7E0001D43A1FF4618FAA427799BC584DA386631
:10E7F000E5BB5907DB856739BAE406581947A5FB1D
:10E800007826C49A653BD987045AB8E6A7F91B4510
:10E81000C6987A24F8A6441A99C7257B3A6486D804
:10E820005B05E7B98CD2306EEDB3510F4E10F2ACF0
:10E830002F7193CD114FADF3702ECC92D38D6F31DC
:10E84000B2EC0E50AFF1134DCE90722C6D33D18FD0
:10E850000C52B0EE326C8ED0530DEFB1F0AE4C12C4
:10E8600091CF2D73CA947628ABF517490856B4EAB0
:10E870006937D58B5709EBB536688AD495CB29779C
:10E88000F4AA4816E9B7550B88D6346A2B7597C990
:10E890004A14F6A8742AC896154BA9F7B6E80A5484
:10E8A000D7896B3540AC037D04014103057C000230
:10E8B0006D0D026D090247494D42414C5F4D4F4479
:10E8C000452020005249474854202000476F6C647F
:10E8D0005F3100476F6C645F3200476F6C645F3379
:10E8E00000476F6C645F3400476F6C645F350047AE
:10E8F000494D42414C5F44523136004D4944004736
:10E90000494D42414C00475F4E4F524D414C004EE5
:10E91000554C4C00475F46534D004E4F575F535484
:10E9200041545553004C45465400475F435553549A
:10E930000047494D42414C5F4B455900457863685B
:10E94000616E67650043616C6962726174696F6EC4
:10E9500000576169745F4F7264657200536C697629
:10E960006572006175746F5F696E6974004344433A
:10E9700020496E74657266616365004344432043B9
:10E980006F6E6669670053544D6963726F656C659D
:10E990006374726F6E6963730053544D3332205643
:10E9A00069727475616C20436F6D506F72740000F2
:10E9B000F0E901080000002018020000EC01000846
:10E9C00018EB010818020020006A00004C02000841
:10E9D000E9F8FEFFF5F8FEFFF9F8FEFFFDF8FEFF8F
:10E9E000E1F8FEFF09F9FEFFF9F8FEFF0000000064
:10E9F0004AFF01580DFDE7416B3A58A08B3A8281DE
:10EA000001136AFC1B111345B51B08B1041ACD0490
:10EA10001AF5041B45B60812B41B08610C1108084E
:10EA20001250C347CDCCCC3D0409531C110B1AC85E
:10EA3000421C111324F41331AE14086DAB1C08856D
:10EA4000B1A0311359AC140809AA1B08FD04C11365
:10EA500055AD1B08E91C1AC5082AD124130243131B
:10EA6000020125C03209041B01020B1305241610F4
:10EA700001052401100901042402020524061701DE
:10EA80000705820308151009040133020A2E070541
:10EA9000010240072A810711130A0632023340019E
:10EAA0001A12231302021E4083044057591B02030B
:10EAB000151BD5096C19041A750413090A1B08598A
:10EAC00004071A040309041A03180C4D65737361D3
:10EAD00067655F4D616E07022172120F1608108282
:10EAE0000911160A15800B1610090C18010D7D046A
:10EAF000017C160240AB0341500A05530806580436
:10EB0000077017263F9A99193E23C8411AB0043A54
:08EB100040B8321000000000C3
:040000050800018965
:00000001FF
